unit,pdf_page,indicator_id,indicator_label,nfhs6_urban,nfhs6_rural,nfhs6_total,nfhs5_total
India,26,1,Population below age 5 years (%),6.6,8.6,8.0,8.2
India,26,2,Population below age 15 years (%),22.0,27.0,25.5,26.5
India,26,3,Population age 60 years and above (%),12.7,13.0,12.9,11.8
India,26,4,Population living in households with electricity (%),99.5,97.8,98.3,96.8
India,26,5,Population living in households with an improved drinking -water source1 (%),99.1,95.4,96.5,95.9
India,26,6,Households using iodized salt (%),96.2,93.3,94.2,94.3
India,26,7,Households with any usual member covered under a health insurance/financing scheme (%),56.4,62.0,60.2,41.0
India,26,8,Households with any usual member having a bank account/post office account (%),97.3,98.6,98.2,95.7
India,26,9,Female population age 6 years and above who ever attended school (%),84.3,69.2,73.7,71.8
India,26,10,Households with any usual female members owning a house and/or land (alone or jointly with,18.2,19.1,18.8,14.0
India,26,11,Children age 2-4 years who attended pre-school (%),50.0,46.0,47.0,40.1
India,26,12,Women with 10 or more years of schooling (%),61.5,39.7,46.4,41.0
India,26,13,Men with 10 or more years of schooling (%),64.0,49.9,54.6,50.2
India,26,14,Women who have ever used the internet (%),77.3,58.6,64.3,33.3
India,26,15,Men who have ever used the internet (%),87.1,77.1,80.5,51.2
India,26,16,Women age 20-24 years married before age 18 years (%),11.4,23.3,20.1,23.3
India,26,17,Men age 25-29 years married before age 21 years (%),9.7,19.0,15.9,17.7
India,26,18,Total fertility rate (children per woman),1.6,2.1,2.0,2.0
India,26,19,Women age 15-19 years who were already mothers or pregnant at the time of the survey (%),3.4,7.9,6.7,6.8
India,26,20,Any method2 (%),69.6,68.9,69.1,66.7
India,26,21,Any modern method2 (%),52.9,52.7,52.7,56.4
India,26,22,Any traditional method (%),16.7,16.2,16.4,10.3
India,26,23,Female sterilization (%),32.6,38.1,36.5,37.9
India,26,24,Male sterilization (%),0.4,0.5,0.5,0.3
India,26,25,Total unmet need3 (%),7.0,9.1,8.5,9.4
India,26,26,Unmet need for spacing3 (%),3.5,4.9,4.5,4.0
India,26,27,Unmet need for limiting3 (%),3.5,4.2,4.0,5.4
India,26,28,Mothers who had an antenatal check -up in the first trimester (%),81.4,74.4,76.2,70.0
India,26,29,Mothers who had any antenatal care visits (%),96.2,95.8,95.9,92.6
India,26,30,Mothers who had at least 4 antenatal care visits (%),75.8,61.4,65.2,58.5
India,26,31,Mothers whose last birth was protected against neonatal tetanus 4 (%),94.4,93.6,93.8,92.0
India,26,32,Mothers who consumed iron folic acid for 100 days or more when they were pregnant (%),67.4,50.3,54.9,44.1
India,26,33,Mothers who consumed iron folic acid for 180 days or more when they were pregnant (%),49.2,33.7,37.8,26.0
India,26,34,Registered pregnancies for which the mother received a Mother and Child Protection (MCP),94.9,95.9,95.6,95.9
India,26,35,Institutional births (%),95.2,89.0,90.6,88.6
India,26,36,Institutional births in public facility (%),48.2,62.1,58.6,61.9
India,26,37,Births attended by skilled health personnel5 (%),95.3,90.0,91.3,89.4
India,26,38,Births delivered by caesarean section (%),40.5,22.8,27.2,21.5
India,26,39,Births in a private health facility that were delivered by caesarean section (%),57.4,52.2,54.1,47.4
India,26,40,Births in a public health facility that were delivered by caesarean section (%),28.0,14.0,16.9,14.3
India,27,41,Mothers who received postnatal care from a doctor/nurse/LHV/ANM/midwife/other health,88.6,80.7,82.8,78.0
India,27,42,Children born at home who were taken to a health facility for a check -up within 24 hours of,6.6,6.4,6.4,4.2
India,27,43,Children who received postnatal care from a doctor/nurse/LHV/ANM/midwife/ other health,89.9,83.7,85.3,79.1
India,27,44,Children age 12-23 months fully vaccinated based on information from either vaccination card,81.0,83.1,82.6,76.6
India,27,45,Children age 12-23 months fully vaccinated based on information from vaccination card,85.7,87.6,87.1,83.8
India,27,46,Children age 12-23 months who have received any vaccine (%),95.7,96.5,96.4,96.4
India,27,47,Children age 12-23 months who have received BCG (%),94.5,95.1,95.0,95.2
India,27,48,Children age 12-23 months who have received 3 doses of polio vaccine 8 (%),83.6,85.5,85.0,80.5
India,27,49,Children age 12-23 months who have received 3 doses of pentavalent vaccine (%),88.1,89.6,89.2,87.0
India,27,50,Children age 12-23 months who have received the first dose of measles -containing,91.1,91.9,91.7,87.9
India,27,51,Children age 24-35 months who have received a second dose of measles -containing,71.3,72.0,71.8,58.6
India,27,52,Children age 12-23 months who have received birth dose of hepatitis B vaccine (%),80.0,76.8,77.6,67.4
India,27,53,Children age 12-23 months who have received 3 doses of rotavirus vaccine (%),84.0,85.9,85.4,36.4
India,27,54,Children age 9-35 months who received a vitamin A dose in the last 6 months (%),77.1,73.7,74.6,71.2
India,27,55,Children age 12-23 months who received most of their vaccinations in a public health,90.2,97.4,95.6,94.5
India,27,56,Children age 12-23 months who received most of their vaccinations in a private health,8.0,1.4,3.1,4.2
India,27,57,Prevalence of diarrhoea in the 2 weeks preceding the survey (%),6.7,8.3,7.9,7.3
India,27,58,Prevalence of severe diarrhoea in the 2 weeks preceding the survey (%),0.4,0.6,0.5,0.7
India,27,59,Prevalence of symptoms of acute respiratory infection (ARI) in the 2 weeks preceding the,1.4,2.0,1.9,2.8
India,27,60,Children with fever or symptoms of ARI in the 2 weeks preceding the survey taken to a health,74.8,67.3,68.8,69.0
India,27,61,Children under age 3 years breastfed within one hour of birth 9 (%),48.0,50.8,50.1,41.8
India,27,62,Children under age 6 months exclusively breastfed 10 (%),54.5,56.2,55.8,63.7
India,27,63,Children under age 6 months currently breastfeeding 10 (%),91.0,96.0,95.6,95.1
India,27,64,Children under age 6 months exclusively breastfed or breastfeeding and consuming plain,82.4,86.2,85.3,82.8
India,27,65,Children age 6-8 months receiving solid or semi -solid food and breastmilk 10 (%),58.8,59.7,59.5,45.9
India,27,66,"Breastfeeding children age 6 -23 months receiving an adequate diet 10, 11 (%)",15.6,15.0,15.1,10.8
India,27,67,"Non-breastfeeding children age 6 -23 months receiving an adequate diet 10, 11 (%)",18.2,15.2,16.3,12.3
India,27,68,"Total children age 6-23 months receiving an adequate diet 10, 11 (%)",16.2,15.0,15.3,11.0
India,27,69,Children under 5 years who are stunted (height -for-age)12 (%),23.9,30.9,29.3,35.5
India,27,70,Children under 5 years who are wasted (weight -for-height)12 (%),16.5,19.8,19.0,19.3
India,27,71,Children under 5 years who are severely wasted (weight -for-height)13 (%),4.6,5.4,5.2,7.7
India,27,72,Children under 5 years who are underweight (weight -for-age)12 (%),25.3,33.8,31.8,32.1
India,27,73,Children under 5 years who are overweight (weight -for-height)14 (%),1.8,1.1,1.3,3.4
India,28,74,Women whose Body Mass Index (BMI) is below normal (BMI <18.5 kg/m 2)15 (%),13.2,22.5,19.7,18.7
India,28,75,Men whose Body Mass Index (BMI) is below normal (BMI <18.5 kg/m 2) (%),14.9,21.9,19.7,16.2
India,28,76,Women who are overweight or obese (BMI ≥25.0 kg/m 2)15 (%),42.8,25.5,30.7,24.0
India,28,77,Men who are overweight or obese (BMI ≥25.0 kg/m 2) (%),36.3,23.0,27.3,22.9
India,28,78,Blood sugar level - high (141-160 mg/dl)16 (%),8.0,7.3,7.5,6.1
India,28,79,Blood sugar level - very high (>160 mg/dl)16 (%),11.9,8.0,9.1,6.3
India,28,80,Blood sugar level - high or very high (>140 mg/dl) or taking medicine to control blood,21.9,16.2,17.8,13.5
India,28,81,Blood sugar level - high (141-160 mg/dl)16 (%),8.8,8.8,8.8,7.3
India,28,82,Blood sugar level - very high (>160 mg/dl)16 (%),13.2,10.0,10.9,7.1
India,28,83,Blood sugar level - high or very high (>140 mg/dl) or taking medicine to control blood,23.9,19.7,20.9,15.6
India,28,84,Mildly elevated blood pressure (Systolic 140 -159 mm of Hg and/or,10.5,8.9,9.4,12.4
India,28,85,Moderately or severely elevated blood pressure (Systolic ≥160 mm of Hg and/or,5.0,4.7,4.8,5.2
India,28,86,Elevated blood pressure (Systolic ≥140 mm of Hg and/or Diastolic ≥90 mm of Hg) or taking,23.5,17.8,19.4,21.3
India,28,87,Mildly elevated blood pressure (Systolic 140 -159 mm of Hg and/or,13.9,11.7,12.4,15.7
India,28,88,Moderately or severely elevated blood pressure (Systolic ≥160 mm of Hg and/or,3.6,3.1,3.3,5.7
India,28,89,Elevated blood pressure (Systolic ≥140 mm of Hg and/or Diastolic ≥90 mm of Hg) or taking,26.2,20.4,22.1,24.0
India,28,90,Currently married women who usually participate in three household decisions 17 (%),91.4,88.0,89.0,88.7
India,28,91,Women who worked in the last 12 months and were paid in cash (%),29.8,31.2,30.8,25.4
India,28,92,Women having a bank or savings account that they themselves use (%),88.3,89.3,89.0,78.6
India,28,93,Women having a mobile phone that they themselves use (%),77.6,57.4,63.6,53.9
India,28,94,Women age 15-24 years who use hygienic methods of protection during their menstrual,90.7,75.0,79.2,77.6
India,28,95,Ever-married women age 18-49 years who have ever experienced spousal violence 19 (%),17.5,24.4,22.3,29.2
India,28,96,Ever-married women age 18-49 years who have experienced physical violence during any,2.3,2.9,2.7,3.1
India,28,97,Young women age 18-29 years who experienced sexual violence by age 18 (%),0.4,0.8,0.7,1.2
India,28,98,Women age 15 years and above who use any kind of tobacco (%),4.6,10.0,8.4,8.9
India,28,99,Men age 15 years and above who use any kind of tobacco (%),26.2,41.1,36.3,38.0
India,28,100,Women age 15 years and above who consume alcohol (%),0.5,1.4,1.1,1.3
India,28,101,Men age 15 years and above who consume alcohol (%),15.5,20.6,18.9,18.7
Andhra Pradesh,31,1,Population below age 5 years (%),6.3,7.2,6.9,6.7
Andhra Pradesh,31,2,Population below age 15 years (%),21.6,20.9,21.1,22.2
Andhra Pradesh,31,3,Population age 60 years and above (%),12.3,14.7,13.9,13.2
Andhra Pradesh,31,4,Population living in households with electricity (%),99.8,99.7,99.7,99.5
Andhra Pradesh,31,5,Population living in households with an improved drinking -water source1 (%),99.1,96.9,97.6,96.7
Andhra Pradesh,31,6,Households using iodized salt (%),98.3,96.8,97.3,83.1
Andhra Pradesh,31,7,Households with any usual member covered under a health insurance/financing scheme (%),85.2,95.1,91.9,80.2
Andhra Pradesh,31,8,Households with any usual member having a bank account/post office account (%),97.3,99.0,98.5,95.8
Andhra Pradesh,31,9,Female population age 6 years and above who ever attended school (%),79.3,64.1,69.1,65.6
Andhra Pradesh,31,10,Households with any usual female members owning a house and/or land (alone or jointly with,22.6,36.4,31.9,27.7
Andhra Pradesh,31,11,Children age 2-4 years who attended pre -school (%),64.1,72.1,69.8,75.4
Andhra Pradesh,31,12,Women with 10 or more years of schooling (%),60.0,42.5,48.4,39.6
Andhra Pradesh,31,13,Men with 10 or more years of schooling (%),67.1,55.6,59.5,47.9
Andhra Pradesh,31,14,Women who have ever used the internet (%),73.7,58.3,63.6,21.0
Andhra Pradesh,31,15,Men who have ever used the internet (%),91.2,79.8,83.7,41.9
Andhra Pradesh,31,16,Women age 20-24 years married before age 18 years (%),17.1,28.9,25.1,29.3
Andhra Pradesh,31,17,Men age 25-29 years married before age 21 years (%),(7.5),10.6,9.7,14.5
Andhra Pradesh,31,18,Total fertility rate (children per woman),1.6,2.0,1.8,1.7
Andhra Pradesh,31,19,Women age 15-19 years who were already mothers or pregnant at the time of the survey (%),5.4,11.1,9.2,12.6
Andhra Pradesh,31,20,Any method2 (%),73.5,75.3,74.7,71.1
Andhra Pradesh,31,21,Any modern method2 (%),71.4,74.0,73.1,70.8
Andhra Pradesh,31,22,Any traditional method (%),2.1,1.3,1.6,0.3
Andhra Pradesh,31,23,Female sterilization (%),66.4,71.1,69.5,69.6
Andhra Pradesh,31,24,Male sterilization (%),1.1,0.6,0.8,0.4
Andhra Pradesh,31,25,Total unmet need3 (%),5.1,4.1,4.4,4.7
Andhra Pradesh,31,26,Unmet need for spacing3 (%),3.0,2.7,2.8,2.7
Andhra Pradesh,31,27,Unmet need for limiting3 (%),2.1,1.4,1.6,2.0
Andhra Pradesh,31,28,Mothers who had an antena tal check-up in the first trimester (%),88.8,88.5,88.6,81.7
Andhra Pradesh,31,29,Mothers who had any antenatal care visits (%),99.7,99.7,99.7,99.2
Andhra Pradesh,31,30,Mothers who had at least 4 antenatal care visits (%),86.0,85.3,85.5,67.5
Andhra Pradesh,31,31,Mothers whose last birth was protected against neonatal tetanus 4 (%),97.0,96.7,96.8,92.8
Andhra Pradesh,31,32,Mothers who consumed iron folic acid for 100 days or more when they were pregnant (%),85.1,86.6,86.2,70.3
Andhra Pradesh,31,33,Mothers who consumed iron folic acid for 180 days or more when they wer e pregnant (%),56.3,56.3,56.3,41.1
Andhra Pradesh,31,34,Registered pregnancies for which the mother received a Mother and Child Protection (MCP),97.6,99.3,98.7,96.5
Andhra Pradesh,31,35,Institutional births (%),98.4,98.4,98.4,96.5
Andhra Pradesh,31,36,Institutional births in public facility (%),34.7,50.5,45.8,50.4
Andhra Pradesh,31,37,Births attended by skilled health personnel5 (%),98.3,98.9,98.7,96.1
Andhra Pradesh,31,38,Births delivered by caesarean section (%),57.3,50.0,52.2,42.4
Andhra Pradesh,31,39,Births in a private health facility that were delivered by caesarean section (%),69.4,64.4,66.2,63.0
Andhra Pradesh,31,40,Births in a public health facility that were delivered by caesarean section (%),37.9,38.0,38.0,26.6
Andhra Pradesh,32,41,Mothers who received postnatal care from a doctor/nurse/LHV/ANM/midwife/other health,97.4,97.5,97.4,90.7
Andhra Pradesh,32,42,Children born at home who were taken to a health facility for a check -up within 24 hours of birth (%),*,*,*,17.2
Andhra Pradesh,32,43,Children who received postnatal care from a doctor/nurse/LHV/ANM/midwife/ other health,96.6,97.3,97.1,92.3
Andhra Pradesh,32,44,Children age 12-23 months fully vaccinated based on information from either vaccination ca rd,87.0,88.0,87.7,73.2
Andhra Pradesh,32,45,Children age 12-23 months fully vaccinated based on information from vaccination card,91.1,92.8,92.3,88.0
Andhra Pradesh,32,46,Children age 12-23 months who have received any vaccine (%),97.6,97.7,97.7,95.0
Andhra Pradesh,32,47,Children age 12-23 months who have received BCG (%),97.6,96.0,96.6,94.6
Andhra Pradesh,32,48,Children age 12-23 months who have received 3 doses of polio vaccine 8 (%),87.4,89.7,88.9,75.0
Andhra Pradesh,32,49,Children age 12-23 months who have received 3 doses of pentavalent vaccine ( %),93.1,95.1,94.5,88.5
Andhra Pradesh,32,50,Children age 12-23 months who have received the first dose of measles -containing,95.4,96.3,96.0,87.1
Andhra Pradesh,32,51,Children age 24-35 months who have received a second dose of measles -containing,75.7,87.8,84.1,57.5
Andhra Pradesh,32,52,Children age 12-23 months who have received birth dose of hepatitis B vaccine (%),91.2,92.1,91.8,79.5
Andhra Pradesh,32,53,Children age 12-23 months who have received 3 doses of rotavirus vaccine (%),89.9,94.1,92.7,75.5
Andhra Pradesh,32,54,Children age 9-35 months who received a vitamin A dose in the last 6 months (%),89.8,92.0,91.3,80.3
Andhra Pradesh,32,55,Children age 12-23 months who received most of their vaccinations in a public health,90.0,96.3,94.2,94.2
Andhra Pradesh,32,56,Children age 12-23 months who received most of their vaccinations in a private health,7.3,1.9,3.7,4.3
Andhra Pradesh,32,57,Prevalence of diarrhoea in the 2 weeks preceding the survey (%),4.4,4.9,4.8,7.2
Andhra Pradesh,32,58,Prevalence of severe diarrhoea i n the 2 weeks preceding the survey (%),0.0,0.2,0.1,0.7
Andhra Pradesh,32,59,Prevalence of symptoms of acute respiratory infection (ARI) in the 2 weeks preceding the,0.7,1.1,1.0,2.4
Andhra Pradesh,32,60,Children with fever or symptoms of ARI in the 2 weeks preceding the survey taken to a health,66.1,66.7,66.5,70.2
Andhra Pradesh,32,61,Children under age 3 years breastfed within one hour of birth 9 (%),66.0,67.7,67.2,52.0
Andhra Pradesh,32,62,Children under age 6 months exclusively breastfed10 (%),70.1,69.2,69.5,68.0
Andhra Pradesh,32,63,Children under age 6 months currently breastfeeding 10 (%),96.6,96.4,96.5,93.3
Andhra Pradesh,32,64,Children under age 6 months exclusively breastfed or breastfeeding and consuming plain,92.7,84.7,87.0,79.6
Andhra Pradesh,32,65,Children age 6-8 months receiving solid or semi -solid food and breastmilk10 (%),(66.4),74.3,72.0,50.8
Andhra Pradesh,32,66,"Breastfeeding children age 6 -23 months receiving an adequate diet 10, 11 (%)",14.1,18.3,17.0,8.1
Andhra Pradesh,32,67,"Non-breastfeeding children age 6-23 months receiving an adequate diet10, 11 (%)",(29.9),27.3,28.2,11.4
Andhra Pradesh,32,68,"Total children age 6-23 months receiving an adequate diet 10, 11 (%)",17.5,19.9,19.2,9.0
Andhra Pradesh,32,69,Children under 5 years who are stunted (height -for-age)12 (%),21.7,25.8,24.6,31.2
Andhra Pradesh,32,70,Children under 5 years who are wasted (weight -for-height)12 (%),12.3,12.3,12.3,16.1
Andhra Pradesh,32,71,Children under 5 years who are severely wasted (weight -for-height)13 (%),2.0,3.0,2.7,6.0
Andhra Pradesh,32,72,Children under 5 years who a re underweight (weight -for-age)12 (%),21.8,23.8,23.2,29.6
Andhra Pradesh,32,73,Children under 5 years who are overweight (weight -for-height)14 (%),1.8,1.3,1.5,2.7
Andhra Pradesh,33,74,Women whose Body Mass Index (BMI) is below normal (BMI <18.5 kg/m 2)15 (%),7.8,12.3,10.8,14.8
Andhra Pradesh,33,75,Men whose Body Mass Index (BMI) is below normal (BMI <18.5 kg /m2) (%),9.7,14.5,12.9,16.5
Andhra Pradesh,33,76,Women who are overweight or obese (BMI ≥25.0 kg/m 2)15 (%),57.3,43.2,47.9,36.3
Andhra Pradesh,33,77,Men who are overweight or obese (BMI ≥25.0 kg/m 2) (%),48.4,38.1,41.5,31.1
Andhra Pradesh,33,78,Blood sugar level - high (141-160 mg/dl)16 (%),7.5,6.8,7.0,7.3
Andhra Pradesh,33,79,Blood sugar level - very high (>160 mg/dl)16 (%),14.6,11.1,12.2,10.4
Andhra Pradesh,33,80,Blood sugar level - high or very high (>140 mg/dl) or taking medicine to control blood,25.1,20.2,21.8,19.5
Andhra Pradesh,33,81,Blood sugar level - high (141-160 mg/dl)16 (%),7.2,7.7,7.5,8.4
Andhra Pradesh,33,82,Blood sugar level - very high (>160 mg/dl)16 (%),16.5,12.7,13.9,11.4
Andhra Pradesh,33,83,Blood sugar level - high or very high (>140 mg/dl) or taking medicine to control blo od,26.8,22.9,24.1,21.8
Andhra Pradesh,33,84,Mildly elevated blood pressure (Systolic 140 -159 mm of Hg and/or,10.0,10.0,10.0,13.6
Andhra Pradesh,33,85,Moderately or severely elevated blood pressure (Systolic ≥160 mm of Hg and/or,5.2,6.0,5.7,5.9
Andhra Pradesh,33,86,Elevated blood pressure (Systolic ≥140 mm of Hg and/or Diastolic ≥90 mm of Hg) or taking,25.8,23.3,24.1,25.3
Andhra Pradesh,33,87,Mildly elevated blood pressure (Systolic 140 -159 mm of Hg and/or,13.4,12.5,12.7,17.6
Andhra Pradesh,33,88,Moderately or severely elevated blood pressure (Systolic ≥160 mm of Hg and /or,3.0,3.5,3.4,7.1
Andhra Pradesh,33,89,Elevated blood pressure (Systolic ≥140 mm of Hg and/or Diastolic ≥90 mm of Hg) or taking,27.4,25.4,26.0,29.0
Andhra Pradesh,33,90,Currently married women who usually participate in three household decisions 17 (%),83.8,84.2,84.0,84.1
Andhra Pradesh,33,91,Women who worked in the last 12 months and were paid in cash (%),40.2,52.0,48.0,42.1
Andhra Pradesh,33,92,Women having a bank or savings ac count that they themselves use (%),91.5,92.8,92.3,81.8
Andhra Pradesh,33,93,Women having a mobile phone that they themselves use (%),76.7,57.5,64.1,48.9
Andhra Pradesh,33,94,Women age 15-24 years who use hygienic methods of protection during their menstrual,95.8,93.6,94.3,85.2
Andhra Pradesh,33,95,Ever-married women age 18-49 years who have ever experienced spousal violence 19 (%),25.0,21.4,22.7,29.9
Andhra Pradesh,33,96,Ever-married women age 18-49 years who have experienced physical violence d uring any,1.9,2.0,1.9,3.8
Andhra Pradesh,33,97,Young women age 18-29 years who experienced sexual violence by age 18 (%),0.0,0.0,0.0,0.8
Andhra Pradesh,33,98,Women age 15 years and above who use any kind of tobacco (%),1.4,4.9,3.8,3.9
Andhra Pradesh,33,99,Men age 15 years and above who use any kind of tobacco (%),13.7,21.3,18.8,22.6
Andhra Pradesh,33,100,Women age 15 years and above who consume alcohol (%),0.2,0.7,0.6,0.5
Andhra Pradesh,33,101,Men age 15 years and above who consume alcohol (%),18.8,25.4,23.3,23.1
Arunachal Pradesh,35,1,Population below age 5 years (%),6.9,6.0,6.3,8.2
Arunachal Pradesh,35,2,Population below age 15 years (%),24.2,20.7,21.8,27.1
Arunachal Pradesh,35,3,Population age 60 years and above (%),5.6,12.3,10.2,8.1
Arunachal Pradesh,35,4,Population living in households with electricity (%),99.7,97.5,98.2,94.8
Arunachal Pradesh,35,5,Population living in households with an improved drinking -water source1 (%),97.7,96.8,97.1,93.7
Arunachal Pradesh,35,6,Households using iodized salt (%),99.4,98.4,98.7,99.2
Arunachal Pradesh,35,7,Households with any usual member covered under a health insurance/financing scheme (%),50.2,52.6,51.8,29.3
Arunachal Pradesh,35,8,Households with any usual member having a bank account/post office account (%),95.5,96.4,96.1,91.6
Arunachal Pradesh,35,9,Female population age 6 years and above who ever attended school (%),80.1,63.3,68.6,71.2
Arunachal Pradesh,35,10,Households with any usual female members owning a house and/or land (alone or jointly with,12.0,16.1,14.8,15.9
Arunachal Pradesh,35,11,Children age 2-4 years who attended pre-school (%),40.0,31.9,34.7,24.6
Arunachal Pradesh,35,12,Women with 10 or more years of schooling (%),62.1,44.2,50.4,39.4
Arunachal Pradesh,35,13,Men with 10 or more years of schooling (%),69.2,57.5,61.4,48.2
Arunachal Pradesh,35,14,Women who have ever used the internet (%),82.3,68.7,73.4,52.9
Arunachal Pradesh,35,15,Men who have ever used the internet (%),84.0,78.0,80.0,71.6
Arunachal Pradesh,35,16,Women age 20-24 years married before age 18 years (%),15.3,18.6,17.3,18.9
Arunachal Pradesh,35,17,Men age 25-29 years married before age 21 years (%),8.2,13.2,11.4,20.8
Arunachal Pradesh,35,18,Total fertility rate (children per woman),1.4,1.5,1.5,1.8
Arunachal Pradesh,35,19,Women age 15-19 years who were already mothers or pregnant at the time of the survey (%),4.2,6.6,5.6,6.0
Arunachal Pradesh,35,20,Any method2 (%),65.1,65.4,65.3,59.1
Arunachal Pradesh,35,21,Any modern method2 (%),45.1,49.2,47.9,47.1
Arunachal Pradesh,35,22,Any traditional method (%),20.0,16.2,17.4,12.0
Arunachal Pradesh,35,23,Female sterilization (%),18.2,22.4,21.1,18.2
Arunachal Pradesh,35,24,Male sterilization (%),0.1,0.0,0.1,0.0
Arunachal Pradesh,35,25,Total unmet need3 (%),9.1,8.8,8.9,12.4
Arunachal Pradesh,35,26,Unmet need for spacing3 (%),6.2,6.7,6.5,7.0
Arunachal Pradesh,35,27,Unmet need for limiting3 (%),2.9,2.1,2.4,5.4
Arunachal Pradesh,35,28,Mothers who had an antenatal check -up in the first trimester (%),65.3,53.5,57.6,53.1
Arunachal Pradesh,35,29,Mothers who had any antenatal care visits (%),88.6,82.1,84.4,75.3
Arunachal Pradesh,35,30,Mothers who had at least 4 antenatal care visits (%),55.1,41.2,46.0,36.6
Arunachal Pradesh,35,31,Mothers whose last birth was protected against neonatal tetanus 4 (%),87.4,87.2,87.3,76.9
Arunachal Pradesh,35,32,Mothers who consumed iron folic acid for 100 days or more when they were pregnant (%),36.7,28.4,31.3,23.8
Arunachal Pradesh,35,33,Mothers who consumed iron folic acid for 180 days or more when they were pregnant (%),23.6,17.8,19.8,8.6
Arunachal Pradesh,35,34,Registered pregnancies for which the mother received a Mother and Child Protection (MCP),98.0,96.8,97.2,95.6
Arunachal Pradesh,35,35,Institutional births (%),96.1,84.8,88.7,79.2
Arunachal Pradesh,35,36,Institutional births in public facility (%),86.9,81.0,83.0,74.8
Arunachal Pradesh,35,37,Births attended by skilled health personnel5 (%),95.5,84.2,88.1,82.1
Arunachal Pradesh,35,38,Births delivered by caesarean section (%),23.4,14.2,17.4,14.8
Arunachal Pradesh,35,39,Births in a private health facility that were delivered by caesarean section (%),59.7,65.1,62.1,47.3
Arunachal Pradesh,35,40,Births in a public health facility that were delivered by caesarean section (%),20.6,14.5,16.7,17.0
Arunachal Pradesh,36,41,Mothers who received postnatal care from a doctor/nurse/LHV/ANM/midwife/other health,60.1,62.3,61.5,56.4
Arunachal Pradesh,36,42,Children born at home who were taken to a health facility for a check-up within 24 hours of,(2.9),2.4,2.5,2.3
Arunachal Pradesh,36,43,Children who received postnatal care from a doctor/nurse/LHV/ANM/midwife/ other health,62.7,65.1,64.3,56.5
Arunachal Pradesh,36,44,Children age 12-23 months fully vaccinated based on information from either vaccination card,76.0,75.8,75.9,64.9
Arunachal Pradesh,36,45,Children age 12-23 months fully vaccinated based on information from vaccination card,90.1,88.6,89.1,76.4
Arunachal Pradesh,36,46,Children age 12-23 months who have received any vaccine (%),92.7,90.0,90.8,90.6
Arunachal Pradesh,36,47,Children age 12-23 months who have received BCG (%),92.7,87.7,89.3,87.9
Arunachal Pradesh,36,48,Children age 12-23 months who have received 3 doses of polio vaccine8 (%),77.5,79.1,78.6,69.0
Arunachal Pradesh,36,49,Children age 12-23 months who have received 3 doses of pentavalent vaccine (%),80.5,82.6,82.0,77.6
Arunachal Pradesh,36,50,Children age 12-23 months who have received the first dose of measles-containing,82.4,84.4,83.8,80.7
Arunachal Pradesh,36,51,Children age 24-35 months who have received a second dose of measles-containing,60.9,68.3,65.7,51.9
Arunachal Pradesh,36,52,Children age 12-23 months who have received birth dose of hepatitis B vaccine (%),82.9,71.0,74.7,65.1
Arunachal Pradesh,36,53,Children age 12-23 months who have received 3 doses of rotavirus vaccine (%),76.3,80.7,79.3,32.0
Arunachal Pradesh,36,54,Children age 9-35 months who received a vitamin A dose in the last 6 months (%),78.6,73.0,74.9,69.7
Arunachal Pradesh,36,55,Children age 12-23 months who received most of their vaccinations in a public health,97.0,97.3,97.2,97.6
Arunachal Pradesh,36,56,Children age 12-23 months who received most of their vaccinations in a private health,3.0,0.7,1.4,0.7
Arunachal Pradesh,36,57,Prevalence of diarrhoea in the 2 weeks preceding the survey (%),2.7,4.3,3.8,5.1
Arunachal Pradesh,36,58,Prevalence of severe diarrhoea in the 2 weeks preceding the survey (%),0.2,0.5,0.4,1.0
Arunachal Pradesh,36,59,Prevalence of symptoms of acute respiratory infection (ARI) in the 2 weeks preceding the,0.2,0.7,0.5,2.1
Arunachal Pradesh,36,60,Children with fever or symptoms of ARI in the 2 weeks preceding the survey taken to a health,57.3,49.1,51.7,47.1
Arunachal Pradesh,36,61,Children under age 3 years breastfed within one hour of birth9 (%),46.1,48.7,47.8,52.0
Arunachal Pradesh,36,62,Children under age 6 months exclusively breastfed10 (%),64.1,43.5,50.5,63.4
Arunachal Pradesh,36,63,Children under age 6 months currently breastfeeding10 (%),94.1,95.6,95.1,86.5
Arunachal Pradesh,36,64,Children under age 6 months exclusively breastfed or breastfeeding and consuming plain,73.0,59.3,63.9,73.2
Arunachal Pradesh,36,65,Children age 6-8 months receiving solid or semi-solid food and breastmilk10 (%),72.6,65.6,68.4,48.4
Arunachal Pradesh,36,66,"Breastfeeding children age 6-23 months receiving an adequate diet10, 11 (%)",22.4,26.3,25.0,22.6
Arunachal Pradesh,36,67,"Non-breastfeeding children age 6-23 months receiving an adequate diet10, 11 (%)",(18.0),13.2,15.1,12.7
Arunachal Pradesh,36,68,"Total children age 6-23 months receiving an adequate diet10, 11 (%)",21.8,25.2,24.0,20.9
Arunachal Pradesh,36,69,Children under 5 years who are stunted (height-for-age)12 (%),23.5,24.4,24.1,28.0
Arunachal Pradesh,36,70,Children under 5 years who are wasted (weight-for-height)12 (%),14.2,17.1,16.1,13.1
Arunachal Pradesh,36,71,Children under 5 years who are severely wasted (weight-for-height)13 (%),5.7,9.1,8.0,6.5
Arunachal Pradesh,36,72,Children under 5 years who are underweight (weight-for-age)12 (%),16.0,19.3,18.2,15.4
Arunachal Pradesh,36,73,Children under 5 years who are overweight (weight-for-height)14 (%),8.4,9.0,8.8,9.6
Arunachal Pradesh,37,74,Women whose Body Mass Index (BMI) is below normal (BMI <18.5 kg/m2)15 (%),6.8,6.8,6.8,5.7
Arunachal Pradesh,37,75,Men whose Body Mass Index (BMI) is below normal (BMI <18.5 kg/m2) (%),6.3,5.6,5.8,4.9
Arunachal Pradesh,37,76,Women who are overweight or obese (BMI ≥25.0 kg/m2)15 (%),34.9,26.3,29.3,23.9
Arunachal Pradesh,37,77,Men who are overweight or obese (BMI ≥25.0 kg/m2) (%),35.5,30.0,31.8,27.6
Arunachal Pradesh,37,78,Blood sugar level - high (141-160 mg/dl)16 (%),5.6,6.0,5.9,4.6
Arunachal Pradesh,37,79,Blood sugar level - very high (>160 mg/dl)16 (%),5.4,4.4,4.7,3.1
Arunachal Pradesh,37,80,Blood sugar level - high or very high (>140 mg/dl) or taking medicine to control blood,11.9,10.9,11.2,8.4
Arunachal Pradesh,37,81,Blood sugar level - high (141-160 mg/dl)16 (%),6.3,6.8,6.6,6.7
Arunachal Pradesh,37,82,Blood sugar level - very high (>160 mg/dl)16 (%),6.7,5.1,5.5,4.3
Arunachal Pradesh,37,83,Blood sugar level - high or very high (>140 mg/dl) or taking medicine to control blood,13.8,12.3,12.7,11.9
Arunachal Pradesh,37,84,Mildly elevated blood pressure (Systolic 140-159 mm of Hg and/or,12.8,17.3,16.0,16.4
Arunachal Pradesh,37,85,Moderately or severely elevated blood pressure (Systolic ≥160 mm of Hg and/or,7.1,6.6,6.8,6.7
Arunachal Pradesh,37,86,Elevated blood pressure (Systolic ≥140 mm of Hg and/or Diastolic ≥90 mm of Hg) or taking,21.8,25.2,24.2,24.9
Arunachal Pradesh,37,87,Mildly elevated blood pressure (Systolic 140-159 mm of Hg and/or,20.5,22.9,22.2,22.8
Arunachal Pradesh,37,88,Moderately or severely elevated blood pressure (Systolic ≥160 mm of Hg and/or,3.2,4.4,4.1,9.0
Arunachal Pradesh,37,89,Elevated blood pressure (Systolic ≥140 mm of Hg and/or Diastolic ≥90 mm of Hg) or taking,29.8,32.0,31.3,33.1
Arunachal Pradesh,37,90,Currently married women who usually participate in three household decisions17 (%),83.2,88.6,87.0,87.0
Arunachal Pradesh,37,91,Women who worked in the last 12 months and were paid in cash (%),34.9,45.5,41.8,23.5
Arunachal Pradesh,37,92,Women having a bank or savings account that they themselves use (%),90.6,91.5,91.2,78.2
Arunachal Pradesh,37,93,Women having a mobile phone that they themselves use (%),92.7,89.1,90.3,76.4
Arunachal Pradesh,37,94,Women age 15-24 years who use hygienic methods of protection during their menstrual,97.6,96.1,96.7,92.0
Arunachal Pradesh,37,95,Ever-married women age 18-49 years who have ever experienced spousal violence19 (%),15.6,18.7,17.8,24.9
Arunachal Pradesh,37,96,Ever-married women age 18-49 years who have experienced physical violence during any,2.5,1.7,1.9,3.0
Arunachal Pradesh,37,97,Young women age 18-29 years who experienced sexual violence by age 18 (%),0.0,0.3,0.2,0.7
Arunachal Pradesh,37,98,Women age 15 years and above who use any kind of tobacco (%),15.2,20.8,19.1,18.8
Arunachal Pradesh,37,99,Men age 15 years and above who use any kind of tobacco (%),46.5,53.6,51.4,50.3
Arunachal Pradesh,37,100,Women age 15 years and above who consume alcohol (%),18.9,25.1,23.2,24.2
Arunachal Pradesh,37,101,Men age 15 years and above who consume alcohol (%),44.1,53.4,50.5,52.6
Assam,39,1,Population below age 5 years (%),4.9,7.2,6.9,8.2
Assam,39,2,Population below age 15 years (%),18.8,26.6,25.7,28.3
Assam,39,3,Population age 60 years and above (%),13.3,9.8,10.3,8.6
Assam,39,4,Population living in households with electricity (%),99.4,96.0,96.4,92.6
Assam,39,5,Population living in households with an improved drinking -water source1 (%),94.6,92.5,92.8,86.0
Assam,39,6,Households using iodized salt (%),99.2,97.3,97.5,98.8
Assam,39,7,Households with any usual member covered under a health insurance/financing scheme (%),55.5,72.5,70.3,66.7
Assam,39,8,Households with any usual member having a bank account/post office account (%),97.2,97.7,97.6,95.7
Assam,39,9,Female population age 6 years and above who ever attended school (%),90.8,78.1,79.7,78.2
Assam,39,10,Households with any usual female members owning a house and/or land (alone or jointly with,12.3,9.5,9.9,8.3
Assam,39,11,Children age 2-4 years who attended pre-school (%),49.2,53.2,52.9,38.1
Assam,39,12,Women with 10 or more years of schooling (%),57.8,34.1,37.1,29.6
Assam,39,13,Men with 10 or more years of schooling (%),65.9,38.2,41.7,35.5
Assam,39,14,Women who have ever used the internet (%),70.2,51.1,53.5,28.2
Assam,39,15,Men who have ever used the internet (%),85.1,68.3,70.4,36.9
Assam,39,16,Women age 20-24 years married before age 18 years (%),9.2,27.0,25.3,31.8
Assam,39,17,Men age 25-29 years married before age 21 years (%),6.4,19.1,17.5,21.8
Assam,39,18,Total fertility rate (children per woman),1.2,1.7,1.6,1.9
Assam,39,19,Women age 15-19 years who were already mothers or pregnant at the time of the survey (%),1.0,8.0,7.3,11.7
Assam,39,20,Any method2 (%),71.7,70.9,71.0,60.8
Assam,39,21,Any modern method2 (%),51.8,53.7,53.4,45.3
Assam,39,22,Any traditional method (%),19.9,17.2,17.6,15.5
Assam,39,23,Female sterilization (%),8.6,7.6,7.7,9.0
Assam,39,24,Male sterilization (%),0.2,0.3,0.3,0.1
Assam,39,25,Total unmet need3 (%),5.4,7.7,7.4,11.0
Assam,39,26,Unmet need for spacing3 (%),2.8,4.3,4.1,4.2
Assam,39,27,Unmet need for limiting3 (%),2.6,3.4,3.3,6.8
Assam,39,28,Mothers who had an antenatal check-up in the first trimester (%),77.4,72.0,72.5,63.8
Assam,39,29,Mothers who had any antenatal care visits (%),89.6,90.2,90.2,94.3
Assam,39,30,Mothers who had at least 4 antenatal care visits (%),49.4,51.6,51.4,50.7
Assam,39,31,Mothers whose last birth was protected against neonatal tetanus4 (%),94.4,93.8,93.8,94.5
Assam,39,32,Mothers who consumed iron folic acid for 100 days or more when they were pregnant (%),67.2,65.2,65.4,47.5
Assam,39,33,Mothers who consumed iron folic acid for 180 days or more when they were pregnant (%),42.8,44.1,44.0,18.5
Assam,39,34,Registered pregnancies for which the mother received a Mother and Child Protection (MCP),97.0,98.2,98.1,98.7
Assam,39,35,Institutional births (%),95.4,86.9,87.6,84.1
Assam,39,36,Institutional births in public facility (%),61.5,76.9,75.6,74.4
Assam,39,37,Births attended by skilled health personnel5 (%),95.7,90.2,90.7,86.1
Assam,39,38,Births delivered by caesarean section (%),46.7,20.7,22.9,18.1
Assam,39,39,Births in a private health facility that were delivered by caesarean section (%),85.1,80.2,81.4,70.6
Assam,39,40,Births in a public health facility that were delivered by caesarean section (%),29.0,16.5,17.4,15.2
Assam,40,41,Mothers who received postnatal care from a doctor/nurse/LHV/ANM/midwife/other health,75.6,66.6,67.4,65.3
Assam,40,42,Children born at home who were taken to a health facility for a check-up within 24 hours of,(7.5),7.0,7.1,2.0
Assam,40,43,Children who received postnatal care from a doctor/nurse/LHV/ANM/midwife/ other health,79.8,68.5,69.5,69.9
Assam,40,44,Children age 12-23 months fully vaccinated based on information from either vaccination,83.8,81.5,81.7,66.7
Assam,40,45,Children age 12-23 months fully vaccinated based on information from vaccination card only7 (%),87.6,87.8,87.7,71.8
Assam,40,46,Children age 12-23 months who have received any vaccine (%),97.3,95.3,95.5,94.7
Assam,40,47,Children age 12-23 months who have received BCG (%),95.8,93.9,94.0,92.5
Assam,40,48,Children age 12-23 months who have received 3 doses of polio vaccine8 (%),89.0,83.6,84.1,73.4
Assam,40,49,Children age 12-23 months who have received 3 doses of pentavalent vaccine (%),89.3,88.5,88.6,82.5
Assam,40,50,Children age 12-23 months who have received the first dose of measles-containing,94.3,90.2,90.5,82.8
Assam,40,51,Children age 24-35 months who have received a second dose of measles-containing,75.9,67.5,68.1,35.5
Assam,40,52,Children age 12-23 months who have received birth dose of hepatitis B vaccine (%),75.4,71.4,71.7,53.9
Assam,40,53,Children age 12-23 months who have received 3 doses of rotavirus vaccine (%),87.0,87.4,87.4,45.4
Assam,40,54,Children age 9-35 months who received a vitamin A dose in the last 6 months (%),81.6,78.2,78.5,58.2
Assam,40,55,Children age 12-23 months who received most of their vaccinations in a public health,88.4,96.6,95.9,95.6
Assam,40,56,Children age 12-23 months who received most of their vaccinations in a private health,8.9,1.2,1.9,2.3
Assam,40,57,Prevalence of diarrhoea in the 2 weeks preceding the survey (%),1.4,2.0,1.9,5.5
Assam,40,58,Prevalence of severe diarrhoea in the 2 weeks preceding the survey (%),0.5,0.4,0.4,0.8
Assam,40,59,Prevalence of symptoms of acute respiratory infection (ARI) in the 2 weeks preceding the,0.9,0.6,0.6,2.5
Assam,40,60,Children with fever or symptoms of ARI in the 2 weeks preceding the survey taken to a health,51.2,43.8,44.4,51.2
Assam,40,61,Children under age 3 years breastfed within one hour of birth9 (%),42.8,55.9,54.8,49.1
Assam,40,62,Children under age 6 months exclusively breastfed10 (%),60.0,53.8,54.3,63.6
Assam,40,63,Children under age 6 months currently breastfeeding10 (%),98.9,98.4,98.4,95.4
Assam,40,64,Children under age 6 months exclusively breastfed or breastfeeding and consuming plain,82.5,73.7,74.4,77.8
Assam,40,65,Children age 6-8 months receiving solid or semi-solid food and breastmilk10 (%),(71.5),66.2,66.6,51.7
Assam,40,66,"Breastfeeding children age 6-23 months receiving an adequate diet10, 11 (%)",14.9,16.1,16.0,7.5
Assam,40,67,"Non-breastfeeding children age 6-23 months receiving an adequate diet10, 11 (%)",*,21.0,23.6,3.1
Assam,40,68,"Total children age 6-23 months receiving an adequate diet10, 11 (%)",16.7,16.3,16.4,7.2
Assam,40,69,Children under 5 years who are stunted (height-for-age)12 (%),21.7,31.0,30.3,35.3
Assam,40,70,Children under 5 years who are wasted (weight-for-height)12 (%),17.4,21.8,21.4,21.7
Assam,40,71,Children under 5 years who are severely wasted (weight-for-height)13 (%),6.3,8.7,8.5,9.0
Assam,40,72,Children under 5 years who are underweight (weight-for-age)12 (%),20.1,31.6,30.7,32.8
Assam,40,73,Children under 5 years who are overweight (weight-for-height)14 (%),3.9,4.3,4.2,4.8
Assam,41,74,Women whose Body Mass Index (BMI) is below normal (BMI <18.5 kg/m2)15 (%),11.3,16.2,15.6,17.7
Assam,41,75,Men whose Body Mass Index (BMI) is below normal (BMI <18.5 kg/m2) (%),10.0,16.5,15.7,13.4
Assam,41,76,Women who are overweight or obese (BMI ≥25.0 kg/m2)15 (%),30.0,18.1,19.6,15.2
Assam,41,77,Men who are overweight or obese (BMI ≥25.0 kg/m2) (%),31.1,19.7,21.1,16.2
Assam,41,78,Blood sugar level - high (141-160 mg/dl)16 (%),6.9,5.6,5.8,6.9
Assam,41,79,Blood sugar level - very high (>160 mg/dl)16 (%),9.7,5.6,6.1,4.9
Assam,41,80,Blood sugar level - high or very high (>140 mg/dl) or taking medicine to control blood,17.6,11.8,12.5,12.8
Assam,41,81,Blood sugar level - high (141-160 mg/dl)16 (%),7.4,7.4,7.4,8.4
Assam,41,82,Blood sugar level - very high (>160 mg/dl)16 (%),11.3,7.1,7.6,6.2
Assam,41,83,Blood sugar level - high or very high (>140 mg/dl) or taking medicine to control blood,20.1,15.1,15.6,16.0
Assam,41,84,Mildly elevated blood pressure (Systolic 140-159 mm of Hg and/or,12.5,11.1,11.3,10.9
Assam,41,85,Moderately or severely elevated blood pressure (Systolic ≥160 mm of Hg and/or,6.4,5.1,5.3,4.8
Assam,41,86,Elevated blood pressure (Systolic ≥140 mm of Hg and/or Diastolic ≥90 mm of Hg) or taking,24.3,18.9,19.6,19.1
Assam,41,87,Mildly elevated blood pressure (Systolic 140-159 mm of Hg and/or,16.6,13.3,13.6,12.8
Assam,41,88,Moderately or severely elevated blood pressure (Systolic ≥160 mm of Hg and/or,4.7,3.3,3.4,4.4
Assam,41,89,Elevated blood pressure (Systolic ≥140 mm of Hg and/or Diastolic ≥90 mm of Hg) or taking,28.5,20.5,21.4,20.3
Assam,41,90,Currently married women who usually participate in three household decisions17 (%),91.8,86.0,86.7,92.1
Assam,41,91,Women who worked in the last 12 months and were paid in cash (%),22.9,26.0,25.6,19.0
Assam,41,92,Women having a bank or savings account that they themselves use (%),93.4,91.4,91.7,78.5
Assam,41,93,Women having a mobile phone that they themselves use (%),82.8,64.5,66.8,57.2
Assam,41,94,Women age 15-24 years who use hygienic methods of protection during their menstrual,89.7,73.5,75.1,67.0
Assam,41,95,Ever-married women age 18-49 years who have ever experienced spousal violence19 (%),12.3,16.8,16.2,32.2
Assam,41,96,Ever-married women age 18-49 years who have experienced physical violence during any,0.9,2.1,2.0,2.3
Assam,41,97,Young women age 18-29 years who experienced sexual violence by age 18 (%),0.0,1.0,0.9,1.4
Assam,41,98,Women age 15 years and above who use any kind of tobacco (%),12.9,17.1,16.5,22.2
Assam,41,99,Men age 15 years and above who use any kind of tobacco (%),38.3,46.3,45.2,51.9
Assam,41,100,Women age 15 years and above who consume alcohol (%),2.1,6.4,5.8,7.3
Assam,41,101,Men age 15 years and above who consume alcohol (%),19.7,24.5,23.8,25.2
Bihar,43,1,Population below age 5 years (%),9.0,11.8,11.5,11.7
Bihar,43,2,Population below age 15 years (%),30.3,36.3,35.6,36.4
Bihar,43,3,Population age 60 years and above (%),10.5,11.6,11.5,11.1
Bihar,43,4,Population living in households with electricity (%),99.2,98.4,98.5,96.3
Bihar,43,5,Population living in households with an improved drinking -water source1 (%),99.6,99.8,99.8,99.2
Bihar,43,6,Households using iodized salt (%),95.1,92.7,93.0,93.3
Bihar,43,7,Households with any usual member covered under a health insurance/financing scheme (%),21.5,21.1,21.1,17.4
Bihar,43,8,Households with any usual member having a bank account/post office account (%),97.7,98.6,98.5,95.5
Bihar,43,9,Female population age 6 years and above who ever attended school (%),75.1,62.7,64.1,61.1
Bihar,43,10,Households with any usual female members owning a house and/or land (alone or jointly with,12.7,15.2,14.9,10.6
Bihar,43,11,Children age 2-4 years who attended pre-school (%),38.0,43.3,42.9,36.0
Bihar,43,12,Women with 10 or more years of schooling (%),51.9,30.6,33.1,28.8
Bihar,43,13,Men with 10 or more years of schooling (%),51.3,44.6,45.9,42.8
Bihar,43,14,Women who have ever used the internet (%),70.3,56.8,58.4,20.6
Bihar,43,15,Men who have ever used the internet (%),85.4,76.3,78.1,35.4
Bihar,43,16,Women age 20-24 years married before age 18 years (%),20.0,36.3,34.6,40.8
Bihar,43,17,Men age 25-29 years married before age 21 years (%),25.8,30.8,29.6,30.5
Bihar,43,18,Total fertility rate (children per woman),2.1,2.8,2.7,3.0
Bihar,43,19,Women age 15-19 years who were already mothers or pregnant at the time of the survey (%),8.9,11.7,11.4,11.0
Bihar,43,20,Any method2 (%),64.4,58.6,59.3,55.8
Bihar,43,21,Any modern method2 (%),44.9,44.7,44.7,44.4
Bihar,43,22,Any traditional method (%),19.5,13.9,14.6,11.4
Bihar,43,23,Female sterilization (%),35.4,37.9,37.6,34.8
Bihar,43,24,Male sterilization (%),0.2,0.2,0.2,0.1
Bihar,43,25,Total unmet need3 (%),11.4,14.8,14.4,13.6
Bihar,43,26,Unmet need for spacing3 (%),5.5,7.6,7.3,6.1
Bihar,43,27,Unmet need for limiting3 (%),5.9,7.2,7.1,7.5
Bihar,43,28,Mothers who had an antenatal check-up in the first trimester (%),68.6,63.4,63.9,52.9
Bihar,43,29,Mothers who had any antenatal care visits (%),96.5,93.8,94.0,81.6
Bihar,43,30,Mothers who had at least 4 antenatal care visits (%),48.2,36.4,37.6,25.2
Bihar,43,31,Mothers whose last birth was protected against neonatal tetanus4 (%),94.4,92.4,92.6,89.5
Bihar,43,32,Mothers who consumed iron folic acid for 100 days or more when they were pregnant (%),29.3,21.1,21.9,18.0
Bihar,43,33,Mothers who consumed iron folic acid for 180 days or more when they were pregnant (%),18.9,10.4,11.2,9.2
Bihar,43,34,Registered pregnancies for which the mother received a Mother and Child Protection (MCP),86.1,89.8,89.5,89.5
Bihar,43,35,Institutional births (%),89.9,80.2,81.1,76.2
Bihar,43,36,Institutional births in public facility (%),49.2,58.4,57.5,56.9
Bihar,43,37,Births attended by skilled health personnel5 (%),91.9,83.2,84.0,78.9
Bihar,43,38,Births delivered by caesarean section (%),23.2,12.2,13.2,9.7
Bihar,43,39,Births in a private health facility that were delivered by caesarean section (%),50.6,49.1,49.3,39.6
Bihar,43,40,Births in a public health facility that were delivered by caesarean section (%),5.2,2.5,2.7,3.6
Bihar,44,41,Mothers who received postnatal care from a doctor/nurse/LHV/ANM/midwife/other health,78.5,69.0,69.9,57.3
Bihar,44,42,Children born at home who were taken to a health facility for a check-up within 24 hours of,3.4,3.4,3.4,2.9
Bihar,44,43,Children who received postnatal care from a doctor/nurse/LHV/ANM/midwife/ other health,84.1,75.4,76.2,59.3
Bihar,44,44,Children age 12-23 months fully vaccinated based on information from either vaccination,77.7,77.2,77.3,71.0
Bihar,44,45,Children age 12-23 months fully vaccinated based on information from vaccination card only7 (%),89.0,85.6,86.0,82.7
Bihar,44,46,Children age 12-23 months who have received any vaccine (%),97.1,97.1,97.1,96.8
Bihar,44,47,Children age 12-23 months who have received BCG (%),95.9,95.2,95.3,95.5
Bihar,44,48,Children age 12-23 months who have received 3 doses of polio vaccine8 (%),79.3,79.3,79.3,75.5
Bihar,44,49,Children age 12-23 months who have received 3 doses of pentavalent vaccine (%),84.7,88.0,87.6,85.2
Bihar,44,50,Children age 12-23 months who have received the first dose of measles-containing,86.7,90.3,89.9,85.7
Bihar,44,51,Children age 24-35 months who have received a second dose of measles-containing,61.4,66.6,66.2,55.7
Bihar,44,52,Children age 12-23 months who have received birth dose of hepatitis B vaccine (%),81.1,74.1,74.9,68.2
Bihar,44,53,Children age 12-23 months who have received 3 doses of rotavirus vaccine (%),79.5,84.9,84.3,3.4
Bihar,44,54,Children age 9-35 months who received a vitamin A dose in the last 6 months (%),61.7,61.5,61.5,56.0
Bihar,44,55,Children age 12-23 months who received most of their vaccinations in a public health,90.0,97.7,96.8,96.6
Bihar,44,56,Children age 12-23 months who received most of their vaccinations in a private health,10.0,1.1,2.1,2.2
Bihar,44,57,Prevalence of diarrhoea in the 2 weeks preceding the survey (%),4.6,8.0,7.7,13.7
Bihar,44,58,Prevalence of severe diarrhoea in the 2 weeks preceding the survey (%),0.0,0.5,0.4,1.1
Bihar,44,59,Prevalence of symptoms of acute respiratory infection (ARI) in the 2 weeks preceding the,2.4,3.3,3.2,3.5
Bihar,44,60,Children with fever or symptoms of ARI in the 2 weeks preceding the survey taken to a health,61.9,66.0,65.7,69.4
Bihar,44,61,Children under age 3 years breastfed within one hour of birth9 (%),56.8,51.4,51.9,31.1
Bihar,44,62,Children under age 6 months exclusively breastfed10 (%),62.9,62.4,62.5,58.9
Bihar,44,63,Children under age 6 months currently breastfeeding10 (%),93.2,97.3,96.9,94.9
Bihar,44,64,Children under age 6 months exclusively breastfed or breastfeeding and consuming plain,90.4,93.7,93.4,84.3
Bihar,44,65,Children age 6-8 months receiving solid or semi-solid food and breastmilk10 (%),64.6,51.9,53.0,39.0
Bihar,44,66,"Breastfeeding children age 6-23 months receiving an adequate diet10, 11 (%)",17.3,11.4,12.0,10.7
Bihar,44,67,"Non-breastfeeding children age 6-23 months receiving an adequate diet10, 11 (%)",9.9,11.4,11.2,11.5
Bihar,44,68,"Total children age 6-23 months receiving an adequate diet10, 11 (%)",16.5,11.4,11.9,10.8
Bihar,44,69,Children under 5 years who are stunted (height-for-age)12 (%),32.7,35.8,35.6,42.9
Bihar,44,70,Children under 5 years who are wasted (weight-for-height)12 (%),16.2,19.3,19.0,22.9
Bihar,44,71,Children under 5 years who are severely wasted (weight-for-height)13 (%),2.7,5.0,4.7,8.8
Bihar,44,72,Children under 5 years who are underweight (weight-for-age)12 (%),27.3,36.5,35.7,41.0
Bihar,44,73,Children under 5 years who are overweight (weight-for-height)14 (%),2.4,0.7,0.8,2.4
Bihar,45,74,Women whose Body Mass Index (BMI) is below normal (BMI <18.5 kg/m2)15 (%),20.1,27.2,26.3,25.6
Bihar,45,75,Men whose Body Mass Index (BMI) is below normal (BMI <18.5 kg/m2) (%),21.3,25.3,24.5,21.6
Bihar,45,76,Women who are overweight or obese (BMI ≥25.0 kg/m2)15 (%),30.1,18.5,19.8,16.0
Bihar,45,77,Men who are overweight or obese (BMI ≥25.0 kg/m2) (%),29.9,16.8,19.4,14.7
Bihar,45,78,Blood sugar level - high (141-160 mg/dl)16 (%),7.3,6.2,6.3,6.4
Bihar,45,79,Blood sugar level - very high (>160 mg/dl)16 (%),8.7,6.0,6.3,5.4
Bihar,45,80,Blood sugar level - high or very high (>140 mg/dl) or taking medicine to control blood,17.0,12.6,13.1,12.7
Bihar,45,81,Blood sugar level - high (141-160 mg/dl)16 (%),7.3,8.0,7.9,8.3
Bihar,45,82,Blood sugar level - very high (>160 mg/dl)16 (%),9.9,8.5,8.7,7.0
Bihar,45,83,Blood sugar level - high or very high (>140 mg/dl) or taking medicine to control blood,18.5,17.1,17.3,16.2
Bihar,45,84,Mildly elevated blood pressure (Systolic 140-159 mm of Hg and/or,7.0,7.3,7.3,8.7
Bihar,45,85,Moderately or severely elevated blood pressure (Systolic ≥160 mm of Hg and/or,4.1,3.9,3.9,3.6
Bihar,45,86,Elevated blood pressure (Systolic ≥140 mm of Hg and/or Diastolic ≥90 mm of Hg) or taking,16.2,13.8,14.1,15.9
Bihar,45,87,Mildly elevated blood pressure (Systolic 140-159 mm of Hg and/or,9.9,10.4,10.3,11.1
Bihar,45,88,Moderately or severely elevated blood pressure (Systolic ≥160 mm of Hg and/or,3.7,3.3,3.3,4.3
Bihar,45,89,Elevated blood pressure (Systolic ≥140 mm of Hg and/or Diastolic ≥90 mm of Hg) or taking,19.0,17.6,17.8,18.4
Bihar,45,90,Currently married women who usually participate in three household decisions17 (%),89.0,84.5,85.1,86.5
Bihar,45,91,Women who worked in the last 12 months and were paid in cash (%),11.6,17.5,16.5,12.6
Bihar,45,92,Women having a bank or savings account that they themselves use (%),89.1,91.1,90.9,76.7
Bihar,45,93,Women having a mobile phone that they themselves use (%),70.9,61.7,62.8,51.4
Bihar,45,94,Women age 15-24 years who use hygienic methods of protection during their menstrual,75.7,61.5,63.0,59.2
Bihar,45,95,Ever-married women age 18-49 years who have ever experienced spousal violence19 (%),31.2,37.0,36.1,40.1
Bihar,45,96,Ever-married women age 18-49 years who have experienced physical violence during any,2.1,6.0,5.4,2.8
Bihar,45,97,Young women age 18-29 years who experienced sexual violence by age 18 (%),1.5,2.1,2.1,1.8
Bihar,45,98,Women age 15 years and above who use any kind of tobacco (%),2.1,4.3,4.0,5.0
Bihar,45,99,Men age 15 years and above who use any kind of tobacco (%),36.6,47.4,45.8,48.9
Bihar,45,100,Women age 15 years and above who consume alcohol (%),0.2,0.4,0.4,0.4
Bihar,45,101,Men age 15 years and above who consume alcohol (%),12.8,17.1,16.5,15.4
Chhattisgarh,47,1,Population below age 5 years (%),6.2,7.9,7.6,7.7
Chhattisgarh,47,2,Population below age 15 years (%),20.5,25.8,24.7,25.4
Chhattisgarh,47,3,Population age 60 years and above (%),11.7,11.3,11.4,10.5
Chhattisgarh,47,4,Population living in households with electricity (%),99.6,98.7,98.9,98.8
Chhattisgarh,47,5,Population living in households with an improved drinking -water source1 (%),99.3,93.2,94.5,95.5
Chhattisgarh,47,6,Households using iodized salt (%),96.6,98.5,98.1,98.5
Chhattisgarh,47,7,Households with any usual member covered under a health insurance/financing scheme (%),85.4,91.8,90.5,71.4
Chhattisgarh,47,8,Households with any usual member having a bank account/post office account (%),98.6,99.1,99.0,94.7
Chhattisgarh,47,9,Female population age 6 years and above who ever attended school (%),82.9,68.7,71.6,69.3
Chhattisgarh,47,10,Households with any usual female members owning a house and/or land (alone or jointly with,20.4,16.8,17.5,13.6
Chhattisgarh,47,11,Children age 2-4 years who attended pre-school (%),56.0,52.3,52.9,32.9
Chhattisgarh,47,12,Women with 10 or more years of schooling (%),59.1,37.3,41.9,36.9
Chhattisgarh,47,13,Men with 10 or more years of schooling (%),59.0,43.3,46.3,41.5
Chhattisgarh,47,14,Women who have ever used the internet (%),74.4,49.0,54.4,26.7
Chhattisgarh,47,15,Men who have ever used the internet (%),82.5,74.9,76.4,56.3
Chhattisgarh,47,16,Women age 20-24 years married before age 18 years (%),6.5,11.0,10.1,12.1
Chhattisgarh,47,17,Men age 25-29 years married before age 21 years (%),7.3,16.2,14.1,16.2
Chhattisgarh,47,18,Total fertility rate (children per woman),1.5,2.0,1.9,1.8
Chhattisgarh,47,19,Women age 15-19 years who were already mothers or pregnant at the time of the survey (%),2.9,4.6,4.2,3.1
Chhattisgarh,47,20,Any method2 (%),67.9,63.1,64.1,67.8
Chhattisgarh,47,21,Any modern method2 (%),54.5,53.7,53.9,61.7
Chhattisgarh,47,22,Any traditional method (%),13.4,9.4,10.2,6.1
Chhattisgarh,47,23,Female sterilization (%),39.1,43.2,42.4,47.5
Chhattisgarh,47,24,Male sterilization (%),1.0,1.4,1.4,0.8
Chhattisgarh,47,25,Total unmet need3 (%),8.5,11.3,10.8,8.3
Chhattisgarh,47,26,Unmet need for spacing3 (%),4.2,5.9,5.6,3.5
Chhattisgarh,47,27,Unmet need for limiting3 (%),4.3,5.4,5.2,4.8
Chhattisgarh,47,28,Mothers who had an antenatal check-up in the first trimester (%),82.4,70.6,72.7,65.7
Chhattisgarh,47,29,Mothers who had any antenatal care visits (%),95.9,92.4,93.0,93.4
Chhattisgarh,47,30,Mothers who had at least 4 antenatal care visits (%),82.1,65.8,68.8,60.4
Chhattisgarh,47,31,Mothers whose last birth was protected against neonatal tetanus4 (%),94.0,92.4,92.7,91.9
Chhattisgarh,47,32,Mothers who consumed iron folic acid for 100 days or more when they were pregnant (%),73.8,63.8,65.6,44.9
Chhattisgarh,47,33,Mothers who consumed iron folic acid for 180 days or more when they were pregnant (%),56.3,46.8,48.5,26.3
Chhattisgarh,47,34,Registered pregnancies for which the mother received a Mother and Child Protection (MCP),95.0,94.4,94.5,97.5
Chhattisgarh,47,35,Institutional births (%),94.6,85.4,86.9,85.7
Chhattisgarh,47,36,Institutional births in public facility (%),56.9,71.5,69.1,70.0
Chhattisgarh,47,37,Births attended by skilled health personnel5 (%),95.4,87.3,88.6,88.8
Chhattisgarh,47,38,Births delivered by caesarean section (%),41.8,15.7,20.0,15.2
Chhattisgarh,47,39,Births in a private health facility that were delivered by caesarean section (%),70.5,61.9,64.9,57.0
Chhattisgarh,47,40,Births in a public health facility that were delivered by caesarean section (%),26.9,9.9,12.2,8.9
Chhattisgarh,48,41,Mothers who received postnatal care from a doctor/nurse/LHV/ANM/midwife/other health,87.3,80.3,81.6,84.0
Chhattisgarh,48,42,Children born at home who were taken to a health facility for a check-up within 24 hours of,(18.2),17.6,17.6,9.8
Chhattisgarh,48,43,Children who received postnatal care from a doctor/nurse/LHV/ANM/midwife/ other health,88.8,82.7,83.8,81.7
Chhattisgarh,48,44,Children age 12-23 months fully vaccinated based on information from either vaccination card,81.0,77.3,77.9,79.7
Chhattisgarh,48,45,Children age 12-23 months fully vaccinated based on information from vaccination card,86.3,84.3,84.6,84.8
Chhattisgarh,48,46,Children age 12-23 months who have received any vaccine (%),95.7,95.3,95.4,97.5
Chhattisgarh,48,47,Children age 12-23 months who have received BCG (%),93.4,93.2,93.2,96.4
Chhattisgarh,48,48,Children age 12-23 months who have received 3 doses of polio vaccine8 (%),85.3,80.5,81.3,84.2
Chhattisgarh,48,49,Children age 12-23 months who have received 3 doses of pentavalent vaccine (%),86.2,85.2,85.4,87.5
Chhattisgarh,48,50,Children age 12-23 months who have received the first dose of measles-containing,90.0,89.9,89.9,90.2
Chhattisgarh,48,51,Children age 24-35 months who have received a second dose of measles-containing,71.2,62.7,64.1,56.3
Chhattisgarh,48,52,Children age 12-23 months who have received birth dose of hepatitis B vaccine (%),82.6,76.8,77.7,70.6
Chhattisgarh,48,53,Children age 12-23 months who have received 3 doses of rotavirus vaccine (%),86.5,83.3,83.8,50.4
Chhattisgarh,48,54,Children age 9-35 months who received a vitamin A dose in the last 6 months (%),83.9,79.1,79.9,84.5
Chhattisgarh,48,55,Children age 12-23 months who received most of their vaccinations in a public health,94.2,98.8,98.0,96.6
Chhattisgarh,48,56,Children age 12-23 months who received most of their vaccinations in a private health,3.8,0.5,1.0,3.1
Chhattisgarh,48,57,Prevalence of diarrhoea in the 2 weeks preceding the survey (%),9.6,6.9,7.4,3.6
Chhattisgarh,48,58,Prevalence of severe diarrhoea in the 2 weeks preceding the survey (%),0.6,0.5,0.5,0.3
Chhattisgarh,48,59,Prevalence of symptoms of acute respiratory infection (ARI) in the 2 weeks preceding the,0.5,0.8,0.7,1.5
Chhattisgarh,48,60,Children with fever or symptoms of ARI in the 2 weeks preceding the survey taken to a health,79.6,76.5,77.0,63.6
Chhattisgarh,48,61,Children under age 3 years breastfed within one hour of birth9 (%),43.6,53.3,51.7,32.2
Chhattisgarh,48,62,Children under age 6 months exclusively breastfed10 (%),70.1,76.8,75.8,80.3
Chhattisgarh,48,63,Children under age 6 months currently breastfeeding10 (%),92.8,96.3,95.8,98.0
Chhattisgarh,48,64,Children under age 6 months exclusively breastfed or breastfeeding and consuming plain,81.7,89.4,88.2,87.0
Chhattisgarh,48,65,Children age 6-8 months receiving solid or semi-solid food and breastmilk10 (%),42.1,64.7,60.3,41.3
Chhattisgarh,48,66,"Breastfeeding children age 6-23 months receiving an adequate diet10, 11 (%)",14.2,12.3,12.6,9.5
Chhattisgarh,48,67,"Non-breastfeeding children age 6-23 months receiving an adequate diet10, 11 (%)",(11.5),8.4,9.3,2.5
Chhattisgarh,48,68,"Total children age 6-23 months receiving an adequate diet10, 11 (%)",13.9,12.1,12.4,9.1
Chhattisgarh,48,69,Children under 5 years who are stunted (height-for-age)12 (%),21.7,28.5,27.5,34.6
Chhattisgarh,48,70,Children under 5 years who are wasted (weight-for-height)12 (%),19.3,21.4,21.1,18.9
Chhattisgarh,48,71,Children under 5 years who are severely wasted (weight-for-height)13 (%),5.7,6.9,6.7,7.5
Chhattisgarh,48,72,Children under 5 years who are underweight (weight-for-age)12 (%),29.3,35.6,34.7,31.3
Chhattisgarh,48,73,Children under 5 years who are overweight (weight-for-height)14 (%),1.3,0.6,0.7,4.0
Chhattisgarh,49,74,Women whose Body Mass Index (BMI) is below normal (BMI <18.5 kg/m2)15 (%),16.2,27.6,25.2,23.1
Chhattisgarh,49,75,Men whose Body Mass Index (BMI) is below normal (BMI <18.5 kg/m2) (%),24.8,26.8,26.4,17.4
Chhattisgarh,49,76,Women who are overweight or obese (BMI ≥25.0 kg/m2)15 (%),36.1,16.0,20.3,14.1
Chhattisgarh,49,77,Men who are overweight or obese (BMI ≥25.0 kg/m2) (%),21.1,15.1,16.1,15.0
Chhattisgarh,49,78,Blood sugar level - high (141-160 mg/dl)16 (%),8.5,7.4,7.6,4.5
Chhattisgarh,49,79,Blood sugar level - very high (>160 mg/dl)16 (%),11.2,7.0,7.8,3.8
Chhattisgarh,49,80,Blood sugar level - high or very high (>140 mg/dl) or taking medicine to control blood,21.3,15.0,16.2,9.0
Chhattisgarh,49,81,Blood sugar level - high (141-160 mg/dl)16 (%),10.9,9.5,9.7,5.4
Chhattisgarh,49,82,Blood sugar level - very high (>160 mg/dl)16 (%),14.3,9.5,10.3,4.4
Chhattisgarh,49,83,Blood sugar level - high or very high (>140 mg/dl) or taking medicine to control blood,26.5,19.7,20.9,10.8
Chhattisgarh,49,84,Mildly elevated blood pressure (Systolic 140-159 mm of Hg and/or,8.5,8.9,8.8,14.8
Chhattisgarh,49,85,Moderately or severely elevated blood pressure (Systolic ≥160 mm of Hg and/or,4.9,5.3,5.2,6.8
Chhattisgarh,49,86,Mildly elevated blood pressure (Systolic 140-159 mm of Hg and/or Diastolic 90-99 mm,21.6,17.6,18.4,23.6
Chhattisgarh,49,87,Mildly elevated blood pressure (Systolic 140-159 mm of Hg and/or,12.0,11.5,11.6,19.0
Chhattisgarh,49,88,Moderately or severely elevated blood pressure (Systolic ≥160 mm of Hg and/or,3.4,3.2,3.2,7.5
Chhattisgarh,49,89,Elevated blood pressure (Systolic ≥140 mm of Hg and/or Diastolic ≥90 mm of Hg) or taking,24.3,20.0,20.8,27.7
Chhattisgarh,49,90,Currently married women who usually participate in three household decisions17 (%),94.6,94.4,94.4,92.7
Chhattisgarh,49,91,Women who worked in the last 12 months and were paid in cash (%),32.8,45.0,42.8,39.1
Chhattisgarh,49,92,Women having a bank or savings account that they themselves use (%),91.2,94.0,93.4,80.3
Chhattisgarh,49,93,Women having a mobile phone that they themselves use (%),71.0,41.5,47.8,40.7
Chhattisgarh,49,94,Women age 15-24 years who use hygienic methods of protection during their menstrual,86.7,69.2,72.7,69.0
Chhattisgarh,49,95,Ever-married women age 18-49 years who have ever experienced spousal violence19 (%),11.5,17.2,16.1,20.1
Chhattisgarh,49,96,Ever-married women age 18-49 years who have experienced physical violence during any,1.5,2.0,1.9,0.9
Chhattisgarh,49,97,Young women age 18-29 years who experienced sexual violence by age 18 (%),0.3,0.5,0.5,0.8
Chhattisgarh,49,98,Women age 15 years and above who use any kind of tobacco (%),10.4,20.9,18.7,17.3
Chhattisgarh,49,99,Men age 15 years and above who use any kind of tobacco (%),34.1,48.3,45.3,43.1
Chhattisgarh,49,100,Women age 15 years and above who consume alcohol (%),1.6,6.8,5.7,4.9
Chhattisgarh,49,101,Men age 15 years and above who consume alcohol (%),27.8,41.1,38.3,34.7
Goa,51,1,Population below age 5 years (%),5.3,5.7,5.5,5.3
Goa,51,2,Population below age 15 years (%),17.9,18.4,18.1,19.1
Goa,51,3,Population age 60 years and above (%),17.1,17.4,17.2,14.2
Goa,51,4,Population living in households with electricity (%),99.3,100.0,99.6,100.0
Goa,51,5,Population living in households with an improved drinking -water source1 (%),98.6,91.3,95.5,98.5
Goa,51,6,Households using iodized salt (%),96.4,97.6,96.9,97.6
Goa,51,7,Households with any usual member covered under a health insurance/financing scheme (%),70.2,73.7,71.7,73.1
Goa,51,8,Households with any usual member having a bank account/post office account (%),99.0,99.2,99.1,97.2
Goa,51,9,Female population age 6 years and above who ever attended school (%),88.6,85.3,87.2,89.0
Goa,51,10,Households with any usual female members owning a house and/or land (alone or jointly with,21.0,22.0,21.4,16.0
Goa,51,11,Children age 2-4 years who attended pre-school (%),59.5,54.3,57.2,58.1
Goa,51,12,Women with 10 or more years of schooling (%),69.5,62.6,66.5,71.5
Goa,51,13,Men with 10 or more years of schooling (%),69.7,70.3,69.9,76.6
Goa,51,14,Women who have ever used the internet (%),95.2,92.4,94.0,73.7
Goa,51,15,Men who have ever used the internet (%),87.4,96.0,90.9,69.7
Goa,51,16,Women age 20-24 years married before age 18 years (%),9.9,3.6,6.8,5.8
Goa,51,17,Men age 25-29 years married before age 21 years (%),*,*,*,(8.9)
Goa,51,18,Total fertility rate (children per woman),1.4,1.8,1.6,1.3
Goa,51,19,Women age 15-19 years who were already mothers or pregnant at the time of the survey (%),2.0,0.0,1.1,2.7
Goa,51,20,Any method2 (%),76.9,66.9,72.8,67.9
Goa,51,21,Any modern method2 (%),43.1,33.2,39.0,60.1
Goa,51,22,Any traditional method (%),33.8,33.7,33.8,7.8
Goa,51,23,Female sterilization (%),25.8,19.8,23.4,29.9
Goa,51,24,Male sterilization (%),0.2,0.0,0.1,0.0
Goa,51,25,Total unmet need3 (%),4.1,6.5,5.1,8.4
Goa,51,26,Unmet need for spacing3 (%),2.8,4.2,3.4,4.0
Goa,51,27,Unmet need for limiting3 (%),1.3,2.3,1.7,4.4
Goa,51,28,Mothers who had an antenatal check-up in the first trimester (%),95.0,87.7,92.1,70.3
Goa,51,29,Mothers who had any antenatal care visits (%),100.0,98.0,99.2,98.8
Goa,51,30,Mothers who had at least 4 antenatal care visits (%),89.1,86.4,88.0,93.0
Goa,51,31,Mothers whose last birth was protected against neonatal tetanus4 (%),98.2,93.2,96.2,96.5
Goa,51,32,Mothers who consumed iron folic acid for 100 days or more when they were pregnant (%),80.8,79.0,80.1,87.5
Goa,51,33,Mothers who consumed iron folic acid for 180 days or more when they were pregnant (%),66.0,60.7,63.9,65.0
Goa,51,34,Registered pregnancies for which the mother received a Mother and Child Protection (MCP),92.4,94.7,93.4,99.8
Goa,51,35,Institutional births (%),100.0,99.1,99.6,99.7
Goa,51,36,Institutional births in public facility (%),57.3,65.3,60.7,56.2
Goa,51,37,Births attended by skilled health personnel5 (%),100.0,99.1,99.6,99.1
Goa,51,38,Births delivered by caesarean section (%),53.3,36.7,46.2,39.5
Goa,51,39,Births in a private health facility that were delivered by caesarean section (%),69.9,(69.5),69.7,50.0
Goa,51,40,Births in a public health facility that were delivered by caesarean section (%),41.0,20.2,31.4,31.5
Goa,52,41,Mothers who received postnatal care from a doctor/nurse/LHV/ANM/midwife/other health,98.0,95.2,96.9,95.4
Goa,52,42,Children born at home who were taken to a health facility for a check-up within 24 hours of birth (%),*,*,*,*
Goa,52,43,Children who received postnatal care from a doctor/nurse/LHV/ANM/midwife/ other health,98.0,96.1,97.3,96.7
Goa,52,44,Children age 12-23 months fully vaccinated based on information from either vaccination card,(97.3),(90.0),93.8,81.9
Goa,52,45,Children age 12-23 months fully vaccinated based on information from vaccination card,(97.2),(90.8),94.4,91.0
Goa,52,46,Children age 12-23 months who have received any vaccine (%),(97.3),(100.0),98.6,97.9
Goa,52,47,Children age 12-23 months who have received BCG (%),(97.3),(100.0),98.6,97.9
Goa,52,48,Children age 12-23 months who have received 3 doses of polio vaccine8 (%),(97.3),(90.0),93.8,88.3
Goa,52,49,Children age 12-23 months who have received 3 doses of pentavalent vaccine (%),(97.3),(100.0),98.6,90.8
Goa,52,50,Children age 12-23 months who have received the first dose of measles-containing,(97.3),(100.0),98.6,92.9
Goa,52,51,Children age 24-35 months who have received a second dose of measles-containing,(80.2),(97.0),88.3,33.0
Goa,52,52,Children age 12-23 months who have received birth dose of hepatitis B vaccine (%),(91.6),(92.1),91.9,80.2
Goa,52,53,Children age 12-23 months who have received 3 doses of rotavirus vaccine (%),(94.5),(100.0),97.1,6.3
Goa,52,54,Children age 9-35 months who received a vitamin A dose in the last 6 months (%),91.9,90.4,91.2,91.9
Goa,52,55,Children age 12-23 months who received most of their vaccinations in a public health,(92.6),(96.3),94.3,92.7
Goa,52,56,Children age 12-23 months who received most of their vaccinations in a private health,(7.4),(0.0),3.9,7.3
Goa,52,57,Prevalence of diarrhoea in the 2 weeks preceding the survey (%),1.3,0.0,0.7,3.2
Goa,52,58,Prevalence of severe diarrhoea in the 2 weeks preceding the survey (%),0.0,0.0,0.0,0.0
Goa,52,59,Prevalence of symptoms of acute respiratory infection (ARI) in the 2 weeks preceding the,0.0,1.5,0.6,0.9
Goa,52,60,Children with fever or symptoms of ARI in the 2 weeks preceding the survey taken to a health,*,*,*,86.6
Goa,52,61,Children under age 3 years breastfed within one hour of birth9 (%),49.6,46.0,47.9,61.6
Goa,52,62,Children under age 6 months exclusively breastfed10 (%),*,*,*,(61.4)
Goa,52,63,Children under age 6 months currently breastfeeding10 (%),100.0,100.0,100.0,(100.0)
Goa,52,64,Children under age 6 months exclusively breastfed or breastfeeding and consuming plain,100.0,91.1,95.7,(83.0)
Goa,52,65,Children age 6-8 months receiving solid or semi-solid food and breastmilk10 (%),*,*,*,*
Goa,52,66,"Breastfeeding children age 6-23 months receiving an adequate diet10, 11 (%)",(24.7),(43.9),34.6,20.2
Goa,52,67,"Non-breastfeeding children age 6-23 months receiving an adequate diet10, 11 (%)",*,*,*,*
Goa,52,68,"Total children age 6-23 months receiving an adequate diet10, 11 (%)",(25.3),(41.3),33.0,21.5
Goa,52,69,Children under 5 years who are stunted (height-for-age)12 (%),18.8,20.0,19.4,25.8
Goa,52,70,Children under 5 years who are wasted (weight-for-height)12 (%),14.7,18.3,16.3,19.1
Goa,52,71,Children under 5 years who are severely wasted (weight-for-height)13 (%),0.9,4.1,2.4,7.5
Goa,52,72,Children under 5 years who are underweight (weight-for-age)12 (%),19.5,20.5,19.9,24.0
Goa,52,73,Children under 5 years who are overweight (weight-for-height)14 (%),1.0,0.9,0.9,2.8
Goa,53,74,Women whose Body Mass Index (BMI) is below normal (BMI <18.5 kg/m2)15 (%),12.3,18.3,15.0,13.8
Goa,53,75,Men whose Body Mass Index (BMI) is below normal (BMI <18.5 kg/m2) (%),0.0,16.0,6.9,12.5
Goa,53,76,Women who are overweight or obese (BMI ≥25.0 kg/m2)15 (%),48.3,41.1,45.1,36.1
Goa,53,77,Men who are overweight or obese (BMI ≥25.0 kg/m2) (%),44.1,42.9,43.6,32.6
Goa,53,78,Blood sugar level - high (141-160 mg/dl)16 (%),8.7,8.9,8.8,8.6
Goa,53,79,Blood sugar level - very high (>160 mg/dl)16 (%),15.0,14.9,15.0,9.6
Goa,53,80,Blood sugar level - high or very high (>140 mg/dl) or taking medicine to control blood,27.4,27.7,27.5,20.8
Goa,53,81,Blood sugar level - high (141-160 mg/dl)16 (%),11.2,8.9,10.1,10.3
Goa,53,82,Blood sugar level - very high (>160 mg/dl)16 (%),18.9,15.5,17.3,11.6
Goa,53,83,Blood sugar level - high or very high (>140 mg/dl) or taking medicine to control blood,36.3,27.4,32.1,24.1
Goa,53,84,Mildly elevated blood pressure (Systolic 140-159 mm of Hg and/or,9.1,7.4,8.3,12.1
Goa,53,85,Moderately or severely elevated blood pressure (Systolic ≥160 mm of Hg and/or,3.7,6.5,5.1,3.6
Goa,53,86,Mildly elevated blood pressure (Systolic 140-159 mm of Hg and/or Diastolic 90-99 mm,24.9,27.8,26.2,27.5
Goa,53,87,Mildly elevated blood pressure (Systolic 140-159 mm of Hg and/or,10.4,8.9,9.7,14.8
Goa,53,88,Moderately or severely elevated blood pressure (Systolic ≥160 mm of Hg and/or,3.7,5.2,4.4,4.7
Goa,53,89,Elevated blood pressure (Systolic ≥140 mm of Hg and/or Diastolic ≥90 mm of Hg) or taking,26.3,29.0,27.5,26.8
Goa,53,90,Currently married women who usually participate in three household decisions17 (%),93.0,91.9,92.5,93.1
Goa,53,91,Women who worked in the last 12 months and were paid in cash (%),34.9,33.2,34.1,31.9
Goa,53,92,Women having a bank or savings account that they themselves use (%),90.9,91.5,91.1,88.3
Goa,53,93,Women having a mobile phone that they themselves use (%),92.0,87.1,89.9,91.2
Goa,53,94,Women age 15-24 years who use hygienic methods of protection during their menstrual,96.6,98.6,97.5,96.8
Goa,53,95,Ever-married women age 18-49 years who have ever experienced spousal violence19 (%),16.2,(4.5),11.3,8.3
Goa,53,96,Ever-married women age 18-49 years who have experienced physical violence during any,3.4,(0.0),1.9,1.6
Goa,53,97,Young women age 18-29 years who experienced sexual violence by age 18 (%),(0.0),*,(0.0),0.0
Goa,53,98,Women age 15 years and above who use any kind of tobacco (%),2.5,4.0,3.1,2.6
Goa,53,99,Men age 15 years and above who use any kind of tobacco (%),17.1,17.3,17.1,18.1
Goa,53,100,Women age 15 years and above who consume alcohol (%),2.4,1.6,2.1,5.5
Goa,53,101,Men age 15 years and above who consume alcohol (%),24.5,19.5,22.4,36.8
Gujarat,55,1,Population below age 5 years (%),6.7,7.7,7.3,7.3
Gujarat,55,2,Population below age 15 years (%),21.5,24.1,23.0,24.0
Gujarat,55,3,Population age 60 years and above (%),12.9,13.2,13.1,12.0
Gujarat,55,4,Population living in households with electricity (%),99.3,97.5,98.2,97.6
Gujarat,55,5,Population living in households with an improved drinking -water source1 (%),99.7,95.4,97.2,97.2
Gujarat,55,6,Households using iodized salt (%),95.8,96.9,96.4,95.6
Gujarat,55,7,Households with any usual member covered under a health insurance/financing scheme (%),54.6,60.5,57.9,44.4
Gujarat,55,8,Households with any usual member having a bank account/post office account (%),97.2,97.9,97.6,94.6
Gujarat,55,9,Female population age 6 years and above who ever attended school (%),86.1,69.3,76.3,72.9
Gujarat,55,10,Households with any usual female members owning a house and/or land (alone or jointly with,17.2,15.1,16.0,11.8
Gujarat,55,11,Children age 2-4 years who attended pre-school (%),46.1,51.0,49.1,55.1
Gujarat,55,12,Women with 10 or more years of schooling (%),51.9,28.8,38.6,33.8
Gujarat,55,13,Men with 10 or more years of schooling (%),55.1,40.4,47.0,45.6
Gujarat,55,14,Women who have ever used the internet (%),81.3,54.3,65.7,30.8
Gujarat,55,15,Men who have ever used the internet (%),88.0,80.6,83.9,52.6
Gujarat,55,16,Women age 20-24 years married before age 18 years (%),12.8,21.4,18.0,21.8
Gujarat,55,17,Men age 25-29 years married before age 21 years (%),21.1,26.9,24.3,27.7
Gujarat,55,18,Total fertility rate (children per woman),1.7,2.0,1.9,1.9
Gujarat,55,19,Women age 15-19 years who were already mothers or pregnant at the time of the survey (%),3.4,7.0,5.6,5.2
Gujarat,55,20,Any method2 (%),72.1,75.4,74.0,65.3
Gujarat,55,21,Any modern method2 (%),47.1,54.9,51.6,53.6
Gujarat,55,22,Any traditional method (%),25.0,20.5,22.4,11.7
Gujarat,55,23,Female sterilization (%),24.0,41.3,33.9,35.9
Gujarat,55,24,Male sterilization (%),0.0,0.4,0.2,0.2
Gujarat,55,25,Total unmet need3 (%),6.1,5.9,6.0,10.3
Gujarat,55,26,Unmet need for spacing3 (%),3.1,3.3,3.2,4.4
Gujarat,55,27,Unmet need for limiting3 (%),3.0,2.6,2.8,5.9
Gujarat,55,28,Mothers who had an antenatal check-up in the first trimester (%),90.5,84.5,87.0,79.3
Gujarat,55,29,Mothers who had any antenatal care visits (%),98.3,97.1,97.6,94.1
Gujarat,55,30,Mothers who had at least 4 antenatal care visits (%),83.0,81.8,82.3,77.2
Gujarat,55,31,Mothers whose last birth was protected against neonatal tetanus4 (%),96.2,93.9,94.9,89.1
Gujarat,55,32,Mothers who consumed iron folic acid for 100 days or more when they were pregnant (%),73.6,69.3,71.0,60.0
Gujarat,55,33,Mothers who consumed iron folic acid for 180 days or more when they were pregnant (%),56.0,52.5,53.9,43.2
Gujarat,55,34,Registered pregnancies for which the mother received a Mother and Child Protection (MCP),95.6,98.2,97.2,97.7
Gujarat,55,35,Institutional births (%),98.2,96.3,97.1,94.3
Gujarat,55,36,Institutional births in public facility (%),31.6,44.7,39.7,43.3
Gujarat,55,37,Births attended by skilled health personnel5 (%),93.3,93.1,93.2,93.2
Gujarat,55,38,Births delivered by caesarean section (%),40.6,21.7,29.0,21.0
Gujarat,55,39,Births in a private health facility that were delivered by caesarean section (%),49.4,32.0,39.8,30.8
Gujarat,55,40,Births in a public health facility that were delivered by caesarean section (%),24.4,11.7,15.6,12.4
Gujarat,56,41,Mothers who received postnatal care from a doctor/nurse/LHV/ANM/midwife/other health,93.5,91.3,92.2,89.7
Gujarat,56,42,Children born at home who were taken to a health facility for a check-up within 24 hours of,*,11.5,9.2,6.9
Gujarat,56,43,Children who received postnatal care from a doctor/nurse/LHV/ANM/midwife/ other health,94.6,92.3,93.2,88.7
Gujarat,56,44,Children age 12-23 months fully vaccinated based on information from either vaccination card,79.6,83.0,81.7,76.4
Gujarat,56,45,Children age 12-23 months fully vaccinated based on information from vaccination card,81.2,86.5,84.5,85.0
Gujarat,56,46,Children age 12-23 months who have received any vaccine (%),97.6,95.6,96.3,95.6
Gujarat,56,47,Children age 12-23 months who have received BCG (%),97.2,94.8,95.7,94.7
Gujarat,56,48,Children age 12-23 months who have received 3 doses of polio vaccine8 (%),81.7,84.8,83.6,79.6
Gujarat,56,49,Children age 12-23 months who have received 3 doses of pentavalent vaccine (%),88.0,85.8,86.6,86.2
Gujarat,56,50,Children age 12-23 months who have received the first dose of measles-containing,90.2,88.7,89.2,86.8
Gujarat,56,51,Children age 24-35 months who have received a second dose of measles-containing,69.9,70.3,70.2,50.8
Gujarat,56,52,Children age 12-23 months who have received birth dose of hepatitis B vaccine (%),84.4,87.0,86.0,62.8
Gujarat,56,53,Children age 12-23 months who have received 3 doses of rotavirus vaccine (%),82.6,78.5,80.0,2.2
Gujarat,56,54,Children age 9-35 months who received a vitamin A dose in the last 6 months (%),83.8,84.1,84.0,85.6
Gujarat,56,55,Children age 12-23 months who received most of their vaccinations in a public health,86.9,96.4,92.8,92.1
Gujarat,56,56,Children age 12-23 months who received most of their vaccinations in a private health,11.9,3.0,6.4,7.6
Gujarat,56,57,Prevalence of diarrhoea in the 2 weeks preceding the survey (%),5.0,6.2,5.7,8.2
Gujarat,56,58,Prevalence of severe diarrhoea in the 2 weeks preceding the survey (%),0.2,0.3,0.3,0.6
Gujarat,56,59,Prevalence of symptoms of acute respiratory infection (ARI) in the 2 weeks preceding the,0.8,0.7,0.8,1.0
Gujarat,56,60,Children with fever or symptoms of ARI in the 2 weeks preceding the survey taken to a health,83.1,76.5,79.0,75.2
Gujarat,56,61,Children under age 3 years breastfed within one hour of birth9 (%),44.8,48.3,46.9,37.8
Gujarat,56,62,Children under age 6 months exclusively breastfed10 (%),68.1,73.2,71.4,65.0
Gujarat,56,63,Children under age 6 months currently breastfeeding10 (%),96.9,97.3,97.1,97.0
Gujarat,56,64,Children under age 6 months exclusively breastfed or breastfeeding and consuming plain,86.6,89.0,88.1,83.3
Gujarat,56,65,Children age 6-8 months receiving solid or semi-solid food and breastmilk10 (%),49.6,54.9,53.2,42.0
Gujarat,56,66,"Breastfeeding children age 6-23 months receiving an adequate diet10, 11 (%)",6.3,8.5,7.8,5.9
Gujarat,56,67,"Non-breastfeeding children age 6-23 months receiving an adequate diet10, 11 (%)",10.5,4.9,8.0,6.0
Gujarat,56,68,"Total children age 6-23 months receiving an adequate diet10, 11 (%)",7.5,8.0,7.8,5.9
Gujarat,56,69,Children under 5 years who are stunted (height-for-age)12 (%),28.2,39.5,35.3,39.0
Gujarat,56,70,Children under 5 years who are wasted (weight-for-height)12 (%),15.5,23.0,20.2,25.1
Gujarat,56,71,Children under 5 years who are severely wasted (weight-for-height)13 (%),3.8,6.3,5.4,10.6
Gujarat,56,72,Children under 5 years who are underweight (weight-for-age)12 (%),27.2,40.5,35.5,39.7
Gujarat,56,73,Children under 5 years who are overweight (weight-for-height)14 (%),1.2,1.2,1.2,3.9
Gujarat,57,74,Women whose Body Mass Index (BMI) is below normal (BMI <18.5 kg/m2)15 (%),14.5,30.1,23.6,25.2
Gujarat,57,75,Men whose Body Mass Index (BMI) is below normal (BMI <18.5 kg/m2) (%),15.6,26.6,21.8,20.9
Gujarat,57,76,Women who are overweight or obese (BMI ≥25.0 kg/m2)15 (%),44.3,23.2,32.1,22.7
Gujarat,57,77,Men who are overweight or obese (BMI ≥25.0 kg/m2) (%),40.2,21.8,29.9,20.0
Gujarat,57,78,Blood sugar level - high (141-160 mg/dl)16 (%),7.6,7.3,7.4,8.1
Gujarat,57,79,Blood sugar level - very high (>160 mg/dl)16 (%),9.0,7.3,8.0,6.7
Gujarat,57,80,Blood sugar level - high or very high (>140 mg/dl) or taking medicine to control blood,18.2,15.2,16.4,15.8
Gujarat,57,81,Blood sugar level - high (141-160 mg/dl)16 (%),8.0,8.1,8.1,9.0
Gujarat,57,82,Blood sugar level - very high (>160 mg/dl)16 (%),10.4,8.6,9.3,7.1
Gujarat,57,83,Blood sugar level - high or very high (>140 mg/dl) or taking medicine to control blood,20.2,17.6,18.6,16.9
Gujarat,57,84,Mildly elevated blood pressure (Systolic 140-159 mm of Hg and/or,10.8,9.9,10.3,11.7
Gujarat,57,85,Moderately or severely elevated blood pressure (Systolic ≥160 mm of Hg and/or,4.6,4.9,4.8,4.6
Gujarat,57,86,Elevated blood pressure (Systolic ≥140 mm of Hg and/or Diastolic ≥90 mm of Hg) or taking,24.1,18.7,20.9,20.5
Gujarat,57,87,Mildly elevated blood pressure (Systolic 140-159 mm of Hg and/or,13.7,11.9,12.6,13.0
Gujarat,57,88,Moderately or severely elevated blood pressure (Systolic ≥160 mm of Hg and/or,2.9,3.0,3.0,4.4
Gujarat,57,89,Elevated blood pressure (Systolic ≥140 mm of Hg and/or Diastolic ≥90 mm of Hg) or taking,25.5,20.2,22.3,20.3
Gujarat,57,90,Currently married women who usually participate in three household decisions17 (%),94.3,92.9,93.5,92.2
Gujarat,57,91,Women who worked in the last 12 months and were paid in cash (%),33.5,38.8,36.6,30.8
Gujarat,57,92,Women having a bank or savings account that they themselves use (%),82.1,82.2,82.2,70.0
Gujarat,57,93,Women having a mobile phone that they themselves use (%),76.0,46.2,58.8,48.8
Gujarat,57,94,Women age 15-24 years who use hygienic methods of protection during their menstrual,85.0,55.7,66.9,66.9
Gujarat,57,95,Ever-married women age 18-49 years who have ever experienced spousal violence19 (%),12.9,14.1,13.6,13.9
Gujarat,57,96,Ever-married women age 18-49 years who have experienced physical violence during any,2.4,1.1,1.7,1.6
Gujarat,57,97,Young women age 18-29 years who experienced sexual violence by age 18 (%),0.0,0.2,0.1,0.8
Gujarat,57,98,Women age 15 years and above who use any kind of tobacco (%),3.9,9.2,7.0,8.7
Gujarat,57,99,Men age 15 years and above who use any kind of tobacco (%),30.3,44.7,38.4,41.2
Gujarat,57,100,Women age 15 years and above who consume alcohol (%),0.3,0.3,0.3,0.6
Gujarat,57,101,Men age 15 years and above who consume alcohol (%),4.1,6.0,5.2,5.8
Haryana,59,1,Population below age 5 years (%),7.2,8.4,7.9,7.9
Haryana,59,2,Population below age 15 years (%),23.0,25.7,24.7,25.3
Haryana,59,3,Population age 60 years and above (%),12.1,12.4,12.3,11.8
Haryana,59,4,Population living in households with electricity (%),99.7,99.5,99.6,99.6
Haryana,59,5,Population living in households with an improved drinking -water source1 (%),99.3,99.0,99.1,98.6
Haryana,59,6,Households using iodized salt (%),96.2,95.5,95.8,96.1
Haryana,59,7,Households with any usual member covered under a health insurance/financing scheme (%),63.8,71.4,68.3,25.7
Haryana,59,8,Households with any usual member having a bank account/post office account (%),97.4,98.5,98.0,96.1
Haryana,59,9,Female population age 6 years and above who ever attended school (%),83.1,71.9,76.1,73.8
Haryana,59,10,Households with any usual female members owning a house and/or land (alone or jointly with,15.3,14.3,14.7,11.8
Haryana,59,11,Children age 2-4 years who attended pre-school (%),53.6,46.2,48.7,30.5
Haryana,59,12,Women with 10 or more years of schooling (%),63.9,49.9,55.2,49.5
Haryana,59,13,Men with 10 or more years of schooling (%),65.4,63.8,64.4,62.2
Haryana,59,14,Women who have ever used the internet (%),84.9,67.3,74.0,48.4
Haryana,59,15,Men who have ever used the internet (%),90.0,84.9,87.0,72.4
Haryana,59,16,Women age 20-24 years married before age 18 years (%),9.7,13.0,11.9,12.5
Haryana,59,17,Men age 25-29 years married before age 21 years (%),12.6,13.8,13.3,16.0
Haryana,59,18,Total fertility rate (children per woman),1.8,2.1,2.0,1.9
Haryana,59,19,Women age 15-19 years who were already mothers or pregnant at the time of the survey (%),4.4,4.9,4.7,3.9
Haryana,59,20,Any method2 (%),73.6,75.0,74.5,73.1
Haryana,59,21,Any modern method2 (%),49.3,55.5,53.1,60.5
Haryana,59,22,Any traditional method (%),24.3,19.5,21.4,12.6
Haryana,59,23,Female sterilization (%),20.4,33.4,28.5,32.3
Haryana,59,24,Male sterilization (%),0.6,1.1,0.9,0.9
Haryana,59,25,Total unmet need3 (%),5.7,6.2,6.0,7.6
Haryana,59,26,Unmet need for spacing3 (%),2.3,3.0,2.7,3.4
Haryana,59,27,Unmet need for limiting3 (%),3.4,3.2,3.3,4.2
Haryana,59,28,Mothers who had an antenatal check-up in the first trimester (%),86.4,82.4,83.8,85.2
Haryana,59,29,Mothers who had any antenatal care visits (%),98.4,98.1,98.2,96.8
Haryana,59,30,Mothers who had at least 4 antenatal care visits (%),84.4,76.0,79.0,60.9
Haryana,59,31,Mothers whose last birth was protected against neonatal tetanus4 (%),94.9,90.7,92.2,90.7
Haryana,59,32,Mothers who consumed iron folic acid for 100 days or more when they were pregnant (%),67.8,63.8,65.2,51.2
Haryana,59,33,Mothers who consumed iron folic acid for 180 days or more when they were pregnant (%),51.5,47.1,48.7,31.9
Haryana,59,34,Registered pregnancies for which the mother received a Mother and Child Protection (MCP),95.3,96.8,96.3,96.8
Haryana,59,35,Institutional births (%),96.3,96.3,96.3,94.9
Haryana,59,36,Institutional births in public facility (%),45.3,56.2,52.5,57.5
Haryana,59,37,Births attended by skilled health personnel5 (%),95.8,96.1,96.0,94.4
Haryana,59,38,Births delivered by caesarean section (%),32.0,22.3,25.6,19.4
Haryana,59,39,Births in a private health facility that were delivered by caesarean section (%),48.2,35.0,40.2,33.9
Haryana,59,40,Births in a public health facility that were delivered by caesarean section (%),16.4,14.8,15.2,11.7
Haryana,60,41,Mothers who received postnatal care from a doctor/nurse/LHV/ANM/midwife/other health,96.3,94.6,95.2,91.3
Haryana,60,42,Children born at home who were taken to a health facility for a check-up within 24 hours of,(1.0),5.8,4.2,3.8
Haryana,60,43,Children who received postnatal care from a doctor/nurse/LHV/ANM/midwife/ other health,95.7,94.1,94.6,91.0
Haryana,60,44,Children age 12-23 months fully vaccinated based on information from either vaccination card,79.1,80.0,79.7,76.9
Haryana,60,45,Children age 12-23 months fully vaccinated based on information from vaccination card,87.5,85.5,86.2,81.1
Haryana,60,46,Children age 12-23 months who have received any vaccine (%),96.0,95.4,95.6,96.0
Haryana,60,47,Children age 12-23 months who have received BCG (%),94.6,93.9,94.2,94.9
Haryana,60,48,Children age 12-23 months who have received 3 doses of polio vaccine8 (%),81.5,82.6,82.2,80.6
Haryana,60,49,Children age 12-23 months who have received 3 doses of pentavalent vaccine (%),87.1,86.6,86.8,88.7
Haryana,60,50,Children age 12-23 months who have received the first dose of measles-containing,92.0,89.2,90.1,89.4
Haryana,60,51,Children age 24-35 months who have received a second dose of measles-containing,78.4,71.7,73.9,56.7
Haryana,60,52,Children age 12-23 months who have received birth dose of hepatitis B vaccine (%),86.2,83.9,84.7,66.6
Haryana,60,53,Children age 12-23 months who have received 3 doses of rotavirus vaccine (%),87.2,86.2,86.6,79.8
Haryana,60,54,Children age 9-35 months who received a vitamin A dose in the last 6 months (%),73.9,73.2,73.4,64.9
Haryana,60,55,Children age 12-23 months who received most of their vaccinations in a public health,89.8,96.9,94.4,96.9
Haryana,60,56,Children age 12-23 months who received most of their vaccinations in a private health,8.4,2.0,4.2,2.4
Haryana,60,57,Prevalence of diarrhoea in the 2 weeks preceding the survey (%),10.5,10.7,10.7,4.9
Haryana,60,58,Prevalence of severe diarrhoea in the 2 weeks preceding the survey (%),0.2,0.8,0.6,0.4
Haryana,60,59,Prevalence of symptoms of acute respiratory infection (ARI) in the 2 weeks preceding the,0.7,1.4,1.2,2.3
Haryana,60,60,Children with fever or symptoms of ARI in the 2 weeks preceding the survey taken to a health,76.4,73.8,74.6,73.5
Haryana,60,61,Children under age 3 years breastfed within one hour of birth9 (%),36.7,38.6,37.9,41.6
Haryana,60,62,Children under age 6 months exclusively breastfed10 (%),34.7,44.0,41.2,69.5
Haryana,60,63,Children under age 6 months currently breastfeeding10 (%),92.4,94.7,94.0,95.0
Haryana,60,64,Children under age 6 months exclusively breastfed or breastfeeding and consuming plain,81.7,84.0,83.3,86.1
Haryana,60,65,Children age 6-8 months receiving solid or semi-solid food and breastmilk10 (%),61.4,69.8,67.2,43.0
Haryana,60,66,"Breastfeeding children age 6-23 months receiving an adequate diet10, 11 (%)",20.3,16.9,18.1,11.9
Haryana,60,67,"Non-breastfeeding children age 6-23 months receiving an adequate diet10, 11 (%)",14.7,12.0,13.1,10.7
Haryana,60,68,"Total children age 6-23 months receiving an adequate diet10, 11 (%)",18.9,16.0,17.0,11.6
Haryana,60,69,Children under 5 years who are stunted (height-for-age)12 (%),23.8,26.9,25.9,27.5
Haryana,60,70,Children under 5 years who are wasted (weight-for-height)12 (%),14.4,17.6,16.6,11.5
Haryana,60,71,Children under 5 years who are severely wasted (weight-for-height)13 (%),2.4,4.1,3.6,4.4
Haryana,60,72,Children under 5 years who are underweight (weight-for-age)12 (%),25.0,30.8,28.9,21.5
Haryana,60,73,Children under 5 years who are overweight (weight-for-height)14 (%),2.5,1.1,1.5,3.3
Haryana,61,74,Women whose Body Mass Index (BMI) is below normal (BMI <18.5 kg/m2)15 (%),13.6,19.4,17.2,15.1
Haryana,61,75,Men whose Body Mass Index (BMI) is below normal (BMI <18.5 kg/m2) (%),14.5,18.1,16.7,14.5
Haryana,61,76,Women who are overweight or obese (BMI ≥25.0 kg/m2)15 (%),44.0,33.2,37.3,33.1
Haryana,61,77,Men who are overweight or obese (BMI ≥25.0 kg/m2) (%),38.4,31.0,33.9,28.3
Haryana,61,78,Blood sugar level - high (141-160 mg/dl)16 (%),7.8,7.6,7.7,5.4
Haryana,61,79,Blood sugar level - very high (>160 mg/dl)16 (%),9.2,7.7,8.3,5.7
Haryana,61,80,Blood sugar level - high or very high (>140 mg/dl) or taking medicine to control blood,18.2,15.9,16.7,11.9
Haryana,61,81,Blood sugar level - high (141-160 mg/dl)16 (%),8.1,8.6,8.4,6.4
Haryana,61,82,Blood sugar level - very high (>160 mg/dl)16 (%),10.4,8.6,9.3,6.2
Haryana,61,83,Blood sugar level - high or very high (>140 mg/dl) or taking medicine to control blood,19.8,17.7,18.5,13.5
Haryana,61,84,Mildly elevated blood pressure (Systolic 140-159 mm of Hg and/or,8.3,7.2,7.6,12.3
Haryana,61,85,Moderately or severely elevated blood pressure (Systolic ≥160 mm of Hg and/or,4.1,4.7,4.5,5.4
Haryana,61,86,Elevated blood pressure (Systolic ≥140 mm of Hg and/or Diastolic ≥90 mm of Hg) or taking,17.8,16.1,16.7,21.0
Haryana,61,87,Mildly elevated blood pressure (Systolic 140-159 mm of Hg and/or,11.2,10.8,10.9,16.6
Haryana,61,88,Moderately or severely elevated blood pressure (Systolic ≥160 mm of Hg and/or,3.5,3.3,3.4,6.9
Haryana,61,89,Elevated blood pressure (Systolic ≥140 mm of Hg and/or Diastolic ≥90 mm of Hg) or,20.9,18.7,19.6,25.1
Haryana,61,90,Currently married women who usually participate in three household decisions17 (%),92.4,90.4,91.1,87.5
Haryana,61,91,Women who worked in the last 12 months and were paid in cash (%),31.3,21.2,25.1,18.8
Haryana,61,92,Women having a bank or savings account that they themselves use (%),84.7,85.4,85.2,73.6
Haryana,61,93,Women having a mobile phone that they themselves use (%),76.6,57.8,64.9,50.4
Haryana,61,94,Women age 15-24 years who use hygienic methods of protection during their menstrual,94.6,94.2,94.3,93.5
Haryana,61,95,Ever-married women age 18-49 years who have ever experienced spousal violence19 (%),16.1,12.1,13.6,17.9
Haryana,61,96,Ever-married women age 18-49 years who have experienced physical violence during any,3.1,2.2,2.6,1.6
Haryana,61,97,Young women age 18-29 years who experienced sexual violence by age 18 (%),0.0,0.2,0.1,0.4
Haryana,61,98,Women age 15 years and above who use any kind of tobacco (%),1.3,2.8,2.2,2.6
Haryana,61,99,Men age 15 years and above who use any kind of tobacco (%),21.6,31.4,27.5,29.1
Haryana,61,100,Women age 15 years and above who consume alcohol (%),0.3,0.1,0.2,0.3
Haryana,61,101,Men age 15 years and above who consume alcohol (%),17.2,17.7,17.5,16.0
Himachal Pradesh,63,1,Population below age 5 years (%),5.2,6.5,6.4,6.4
Himachal Pradesh,63,2,Population below age 15 years (%),18.9,21.1,20.9,21.8
Himachal Pradesh,63,3,Population age 60 years and above (%),12.5,16.9,16.4,14.7
Himachal Pradesh,63,4,Population living in households with electricity (%),99.7,99.8,99.8,99.5
Himachal Pradesh,63,5,Population living in households with an improved drinking -water source1 (%),97.6,88.6,89.5,96.2
Himachal Pradesh,63,6,Households using iodized salt (%),96.7,96.7,96.7,99.1
Himachal Pradesh,63,7,Households with any usual member covered under a health insurance/financing scheme (%),53.3,62.6,61.4,38.9
Himachal Pradesh,63,8,Households with any usual member having a bank account/post office account (%),96.4,99.0,98.6,97.4
Himachal Pradesh,63,9,Female population age 6 years and above who ever attended school (%),89.7,82.6,83.3,81.0
Himachal Pradesh,63,10,Households with any usual female members owning a house and/or land (alone or jointly with,13.3,19.5,18.7,16.1
Himachal Pradesh,63,11,Children age 2-4 years who attended pre -school (%),54.7,50.5,50.9,64.7
Himachal Pradesh,63,12,Women with 10 or more years of schooling (%),78.0,71.4,72.1,65.9
Himachal Pradesh,63,13,Men with 10 or more years of schooling (%),74.3,76.3,76.0,71.3
Himachal Pradesh,63,14,Women who have ever used the internet (%),82.1,74.6,75.4,49.7
Himachal Pradesh,63,15,Men who have ever used the internet (%),95.4,81.5,83.0,52.7
Himachal Pradesh,63,16,Women age 20-24 years married before age 18 years (%),8.0,7.9,7.9,5.4
Himachal Pradesh,63,17,Men age 25-29 years married before age 21 years (%),*,12.0,11.5,4.6
Himachal Pradesh,63,18,Total fertility rate (children per woman),1.4,1.9,1.8,1.7
Himachal Pradesh,63,19,Women age 15-19 years who were already mothers or pregnant at the time of the survey (%),1.0,3.1,2.9,3.4
Himachal Pradesh,63,20,Any method2 (%),71.0,76.7,76.1,74.2
Himachal Pradesh,63,21,Any modern method2 (%),53.4,58.8,58.3,63.4
Himachal Pradesh,63,22,Any traditional method (%),17.6,17.9,17.8,10.8
Himachal Pradesh,63,23,Female sterilization (%),23.9,33.0,32.2,37.7
Himachal Pradesh,63,24,Male sterilization (%),1.7,2.3,2.3,3.3
Himachal Pradesh,63,25,Total unmet need3 (%),6.7,6.3,6.3,7.9
Himachal Pradesh,63,26,Unmet need for spacing3 (%),2.1,2.7,2.6,2.8
Himachal Pradesh,63,27,Unmet need for limiting3 (%),4.6,3.6,3.7,5.1
Himachal Pradesh,63,28,Mothers who had an antenatal check-up in the first trimester (%),83.2,84.1,84.0,72.4
Himachal Pradesh,63,29,Mothers who had any antenatal care visits (%),97.0,94.1,94.3,88.2
Himachal Pradesh,63,30,Mothers who had at least 4 antenatal care visits (%),85.3,83.0,83.2,70.6
Himachal Pradesh,63,31,Mothers whose last birth was protected against neonatal tetanus4 (%),97.2,96.2,96.3,90.0
Himachal Pradesh,63,32,Mothers who consumed iron folic acid for 100 days or more when they were pregnant (%),82.7,82.1,82.1,67.2
Himachal Pradesh,63,33,Mothers who consumed iron folic acid for 180 days or more when they were pregnant (%),64.9,62.7,62.9,43.0
Himachal Pradesh,63,34,Registered pregnancies for which the mother received a Mother and Child Protection (MCP),95.8,98.5,98.3,98.7
Himachal Pradesh,63,35,Institutional births (%),95.5,91.4,91.7,88.2
Himachal Pradesh,63,36,Institutional births in public facility (%),66.1,71.0,70.6,71.7
Himachal Pradesh,63,37,Births attended by skilled health personnel5 (%),98.4,91.8,92.4,87.1
Himachal Pradesh,63,38,Births delivered by caesarean section (%),31.6,29.8,29.9,21.0
Himachal Pradesh,63,39,Births in a private health facility that were delivered by caesarean section (%),61.1,64.1,63.7,51.4
Himachal Pradesh,63,40,Births in a public health facility that were delivered by caesarean section (%),20.7,23.5,23.3,17.4
Himachal Pradesh,64,41,Mothers who received postnatal care from a doctor/nurse/LHV/ANM/midwife/other health,84.0,87.7,87.4,86.3
Himachal Pradesh,64,42,Children born at home who were taken to a health facility for a check-up within 24 hours of,*,3.2,5.0,7.6
Himachal Pradesh,64,43,Children who received postnatal care from a doctor/nurse/LHV/ANM/midwife/ other health,89.4,88.7,88.7,86.0
Himachal Pradesh,64,44,Children age 12-23 months fully vaccinated based on information from either vaccination card,(90.3),90.1,90.1,89.2
Himachal Pradesh,64,45,Children age 12-23 months fully vaccinated based on information from vaccination card,(85.1),86.5,86.3,96.4
Himachal Pradesh,64,46,Children age 12-23 months who have received any vaccine (%),(96.6),98.7,98.5,98.2
Himachal Pradesh,64,47,Children age 12-23 months who have received BCG (%),(96.6),98.0,97.9,98.2
Himachal Pradesh,64,48,Children age 12-23 months who have received 3 doses of polio vaccine8 (%),(95.5),92.3,92.6,90.1
Himachal Pradesh,64,49,Children age 12-23 months who have received 3 doses of pentavalent vaccine (%),(91.3),95.6,95.2,96.1
Himachal Pradesh,64,50,Children age 12-23 months who have received the first dose of measles-containing,(91.3),96.2,95.7,95.9
Himachal Pradesh,64,51,Children age 24-35 months who have received a second dose of measles-containing,(76.7),77.2,77.2,69.2
Himachal Pradesh,64,52,Children age 12-23 months who have received birth dose of hepatitis B vaccine (%),(85.0),91.9,91.2,92.4
Himachal Pradesh,64,53,Children age 12-23 months who have received 3 doses of rotavirus vaccine (%),(78.4),91.7,90.5,87.9
Himachal Pradesh,64,54,Children age 9-35 months who received a vitamin A dose in the last 6 months (%),86.7,81.9,82.4,77.3
Himachal Pradesh,64,55,Children age 12-23 months who received most of their vaccinations in a public health,(86.3),98.2,97.2,97.5
Himachal Pradesh,64,56,Children age 12-23 months who received most of their vaccinations in a private health,(8.1),1.4,2.0,1.8
Himachal Pradesh,64,57,Prevalence of diarrhoea in the 2 weeks preceding the survey (%),5.3,4.5,4.6,4.7
Himachal Pradesh,64,58,Prevalence of severe diarrhoea in the 2 weeks preceding the survey (%),0.0,0.5,0.5,0.2
Himachal Pradesh,64,59,Prevalence of symptoms of acute respiratory infection (ARI) in the 2 weeks preceding the,0.9,1.0,1.0,1.5
Himachal Pradesh,64,60,Children with fever or symptoms of ARI in the 2 weeks preceding the survey taken to a health,*,75.1,74.6,76.2
Himachal Pradesh,64,61,Children under age 3 years breastfed within one hour of birth9 (%),49.4,48.4,48.5,45.1
Himachal Pradesh,64,62,Children under age 6 months exclusively breastfed10 (%),*,60.8,60.8,69.9
Himachal Pradesh,64,63,Children under age 6 months currently breastfeeding10 (%),*,97.3,97.2,98.2
Himachal Pradesh,64,64,Children under age 6 months exclusively breastfed or breastfeeding and consuming plain,*,87.7,87.8,86.7
Himachal Pradesh,64,65,Children age 6-8 months receiving solid or semi -solid food and breastmilk 10 (%),*,65.0,67.3,68.3
Himachal Pradesh,64,66,"Breastfeeding children age 6 -23 months receiving an adequate diet 10, 11 (%)",(12.6),29.6,28.3,17.7
Himachal Pradesh,64,67,"Non-breastfeeding children age 6 -23 months receiving an adequate diet 10, 11 (%)",*,26.5,26.2,20.7
Himachal Pradesh,64,68,"Total children age 6 -23 months receiving an adequate diet 10, 11 (%)",(15.3),28.9,27.8,18.5
Himachal Pradesh,64,69,Children under 5 years who are stunted (height -for-age)12 (%),16.4,20.9,20.6,30.8
Himachal Pradesh,64,70,Children under 5 years who are wasted (weight -for-height)12 (%),4.4,11.0,10.4,17.4
Himachal Pradesh,64,71,Children under 5 years who are severely wasted (weight-for-height)13 (%),0.9,2.5,2.4,6.9
Himachal Pradesh,64,72,Children under 5 years who are underweight (weight-for-age)12 (%),11.8,17.3,16.8,25.5
Himachal Pradesh,64,73,Children under 5 years who are overweight (weight-for-height)14 (%),2.4,2.7,2.7,5.7
Himachal Pradesh,65,74,Women whose Body Mass Index (BMI) is below normal (BMI <18.5 kg/m 2)15 (%),13.1,15.3,15.1,13.9
Himachal Pradesh,65,75,Men whose Body Mass Index (BMI) is below normal (BMI <18.5 kg/m2) (%),8.0,15.9,15.0,11.8
Himachal Pradesh,65,76,Women who are overweight or obese (BMI ≥25.0 kg/m2)15 (%),41.0,37.9,38.2,30.4
Himachal Pradesh,65,77,Men who are overweight or obese (BMI ≥25.0 kg/m2) (%),37.3,30.6,31.4,30.6
Himachal Pradesh,65,78,Blood sugar level - high (141-160 mg/dl)16 (%),6.9,9.4,9.1,6.4
Himachal Pradesh,65,79,Blood sugar level - very high (>160 mg/dl)16 (%),10.8,10.3,10.4,6.4
Himachal Pradesh,65,80,Blood sugar level - high or very high (>140 mg/dl) or taking medicine to control blood,19.2,20.7,20.6,13.9
Himachal Pradesh,65,81,Blood sugar level - high (141-160 mg/dl)16 (%),7.2,9.2,8.9,6.8
Himachal Pradesh,65,82,Blood sugar level - very high (>160 mg/dl)16 (%),9.4,10.0,10.0,6.7
Himachal Pradesh,65,83,Blood sugar level - high or very high (>140 mg/dl) or taking medicine to control blood,18.0,20.3,20.0,14.7
Himachal Pradesh,65,84,Mildly elevated blood pressure (Systolic 140-159 mm of Hg and/or,13.2,12.3,12.4,11.9
Himachal Pradesh,65,85,Moderately or severely elevated blood pressure (Systolic ≥160 mm of Hg and/or,4.7,6.5,6.3,5.1
Himachal Pradesh,65,86,Elevated blood pressure (Systolic ≥140 mm of Hg and/or Diastolic ≥90 mm of Hg) or taking,23.2,24.2,24.1,22.2
Himachal Pradesh,65,87,Mildly elevated blood pressure (Systolic 140-159 mm of Hg and/or,17.1,18.6,18.4,16.5
Himachal Pradesh,65,88,Moderately or severely elevated blood pressure (Systolic ≥160 mm of Hg and/or,4.5,6.0,5.8,4.9
Himachal Pradesh,65,89,Elevated blood pressure (Systolic ≥140 mm of Hg and/or Diastolic ≥90 mm of Hg) or taking,32.4,31.7,31.7,24.4
Himachal Pradesh,65,90,Currently married women who usually participate in three household decisions17 (%),97.3,91.9,92.3,93.9
Himachal Pradesh,65,91,Women who worked in the last 12 months and were paid in cash (%),38.8,22.0,23.6,20.2
Himachal Pradesh,65,92,Women having a bank or savings account that they themselves use (%),89.3,93.5,93.0,83.1
Himachal Pradesh,65,93,Women having a mobile phone that they themselves use (%),86.2,84.0,84.3,79.5
Himachal Pradesh,65,94,Women age 15-24 years who use hygienic methods of protection during their menstrual,94.7,94.9,94.9,92.0
Himachal Pradesh,65,95,Ever-married women age 18-49 years who have ever experienced spousal violence19 (%),3.1,4.4,4.3,8.6
Himachal Pradesh,65,96,Ever-married women age 18-49 years who have experienced physical violence during any,2.8,0.7,0.8,0.6
Himachal Pradesh,65,97,Young women age 18-29 years who experienced sexual violence by age 18 (%),(0.0),0.3,0.3,0.7
Himachal Pradesh,65,98,Women age 15 years and above who use any kind of tobacco (%),1.0,2.0,1.9,1.7
Himachal Pradesh,65,99,Men age 15 years and above who use any kind of tobacco (%),24.6,29.5,28.9,32.2
Himachal Pradesh,65,100,Women age 15 years and above who consume alcohol (%),0.1,0.6,0.6,0.6
Himachal Pradesh,65,101,Men age 15 years and above who consume alcohol (%),27.6,30.6,30.2,31.9
Jharkhand,67,1,Population below age 5 years (%),7.1,10.5,9.8,9.5
Jharkhand,67,2,Population below age 15 years (%),24.2,32.1,30.4,31.3
Jharkhand,67,3,Population age 60 years and above (%),11.1,11.6,11.5,10.0
Jharkhand,67,4,Population living in households with electricity (%),99.4,95.5,96.4,94.3
Jharkhand,67,5,Population living in households with an improved drinking -water source1 (%),95.6,81.3,84.3,86.6
Jharkhand,67,6,Households using iodized salt (%),98.0,96.0,96.4,97.7
Jharkhand,67,7,Households with any usual member covered under a health insurance/financing scheme (%),56.4,58.9,58.4,50.3
Jharkhand,67,8,Households with any usual member having a bank account/post office account (%),98.5,98.8,98.7,95.5
Jharkhand,67,9,Female population age 6 years and above who ever attended school (%),82.4,64.2,68.0,64.5
Jharkhand,67,10,Households with any usual female members owning a house and/or land (alone or jointly with,13.9,14.7,14.5,10.3
Jharkhand,67,11,Children age 2-4 years who attended pre -school (%),50.4,45.7,46.4,24.9
Jharkhand,67,12,Women with 10 or more years of schooling (%),62.3,33.1,39.5,33.2
Jharkhand,67,13,Men with 10 or more years of schooling (%),64.9,46.8,51.2,46.6
Jharkhand,67,14,Women who have ever used the internet (%),84.5,64.2,68.6,31.4
Jharkhand,67,15,Men who have ever used the internet (%),89.4,75.4,78.8,57.9
Jharkhand,67,16,Women age 20-24 years married before age 18 years (%),11.1,32.2,28.1,32.2
Jharkhand,67,17,Men age 25-29 years married before age 21 years (%),10.3,21.0,18.7,22.7
Jharkhand,67,18,Total fertility rate (children per woman),1.5,2.4,2.2,2.3
Jharkhand,67,19,Women age 15-19 years who were already mothers or pregnant at the time of the survey (%),4.7,13.3,11.7,9.8
Jharkhand,67,20,Any method2 (%),69.6,62.2,63.7,61.7
Jharkhand,67,21,Any modern method2 (%),46.4,44.3,44.7,49.5
Jharkhand,67,22,Any traditional method (%),23.2,17.9,19.0,12.2
Jharkhand,67,23,Female sterilization (%),32.0,33.1,32.9,37.4
Jharkhand,67,24,Male sterilization (%),0.5,0.4,0.4,0.3
Jharkhand,67,25,Total unmet need3 (%),8.9,13.5,12.6,11.5
Jharkhand,67,26,Unmet need for spacing3 (%),4.2,7.0,6.4,4.8
Jharkhand,67,27,Unmet need for limiting3 (%),4.7,6.5,6.2,6.7
Jharkhand,67,28,Mothers who had an antenatal check-up in the first trimester (%),83.0,74.0,75.4,68.0
Jharkhand,67,29,Mothers who had any antenatal care visits (%),99.1,97.5,97.7,91.9
Jharkhand,67,30,Mothers who had at least 4 antenatal care visits (%),77.2,55.6,59.0,38.7
Jharkhand,67,31,Mothers whose last birth was protected against neonatal tetanus4 (%),96.7,94.4,94.7,90.8
Jharkhand,67,32,Mothers who consumed iron folic acid for 100 days or more when they were pregnant (%),48.0,27.3,30.6,28.2
Jharkhand,67,33,Mothers who consumed iron folic acid for 180 days or more when they were pregnant (%),28.3,13.5,15.9,14.9
Jharkhand,67,34,Registered pregnancies for which the mother received a Mother and Child Protection (MCP),89.7,90.8,90.6,91.5
Jharkhand,67,35,Institutional births (%),91.7,75.0,77.4,75.8
Jharkhand,67,36,Institutional births in public facility (%),40.7,57.0,54.6,56.8
Jharkhand,67,37,Births attended by skilled health personnel5 (%),93.6,78.0,80.3,82.5
Jharkhand,67,38,Births delivered by caesarean section (%),32.9,12.7,15.7,12.8
Jharkhand,67,39,Births in a private health facility that were delivered by caesarean section (%),55.4,53.5,54.1,46.7
Jharkhand,67,40,Births in a public health facility that were delivered by caesarean section (%),11.5,5.5,6.1,7.0
Jharkhand,68,41,Mothers who received postnatal care from a doctor/nurse/LHV/ANM/midwife/other health,86.4,71.4,73.8,69.1
Jharkhand,68,42,Children born at home who were taken to a health facility for a check-up within 24 hours of,2.2,4.4,4.3,3.4
Jharkhand,68,43,Children who received postnatal care from a doctor/nurse/LHV/ANM/midwife/ other health,89.5,75.0,77.3,68.7
Jharkhand,68,44,Children age 12-23 months fully vaccinated based on information from either vaccination card,79.1,77.9,78.1,74.1
Jharkhand,68,45,Children age 12-23 months fully vaccinated based on information from vaccination card,89.0,87.4,87.6,79.2
Jharkhand,68,46,Children age 12-23 months who have received any vaccine (%),97.0,95.7,95.9,96.2
Jharkhand,68,47,Children age 12-23 months who have received BCG (%),97.0,94.5,94.9,95.0
Jharkhand,68,48,Children age 12-23 months who have received 3 doses of polio vaccine8 (%),81.5,79.2,79.6,76.7
Jharkhand,68,49,Children age 12-23 months who have received 3 doses of pentavalent vaccine (%),88.5,87.1,87.3,86.0
Jharkhand,68,50,Children age 12-23 months who have received the first dose of measles-containing,92.0,89.1,89.5,86.9
Jharkhand,68,51,Children age 24-35 months who have received a second dose of measles-containing,72.3,70.4,70.7,59.8
Jharkhand,68,52,Children age 12-23 months who have received birth dose of hepatitis B vaccine (%),69.3,65.1,65.7,61.3
Jharkhand,68,53,Children age 12-23 months who have received 3 doses of rotavirus vaccine (%),87.5,84.4,84.9,74.6
Jharkhand,68,54,Children age 9-35 months who received a vitamin A dose in the last 6 months (%),67.5,65.2,65.5,70.9
Jharkhand,68,55,Children age 12-23 months who received most of their vaccinations in a public health,86.8,98.9,97.0,96.5
Jharkhand,68,56,Children age 12-23 months who received most of their vaccinations in a private health,12.3,0.7,2.5,2.9
Jharkhand,68,57,Prevalence of diarrhoea in the 2 weeks preceding the survey (%),9.2,10.5,10.3,7.2
Jharkhand,68,58,Prevalence of severe diarrhoea in the 2 weeks preceding the survey (%),0.5,0.7,0.6,0.4
Jharkhand,68,59,Prevalence of symptoms of acute respiratory infection (ARI) in the 2 weeks preceding the,1.0,2.5,2.3,2.1
Jharkhand,68,60,Children with fever or symptoms of ARI in the 2 weeks preceding the survey taken to a health,65.9,53.8,55.5,59.8
Jharkhand,68,61,Children under age 3 years breastfed within one hour of birth9 (%),44.7,47.1,46.8,21.5
Jharkhand,68,62,Children under age 6 months exclusively breastfed10 (%),56.4,65.0,63.8,76.1
Jharkhand,68,63,Children under age 6 months currently breastfeeding10 (%),92.3,97.1,96.4,95.8
Jharkhand,68,64,Children under age 6 months exclusively breastfed or breastfeeding and consuming plain,88.3,91.8,91.3,86.6
Jharkhand,68,65,Children age 6-8 months receiving solid or semi -solid food and breastmilk 10 (%),69.8,61.6,62.8,38.8
Jharkhand,68,66,"Breastfeeding children age 6 -23 months receiving an adequate diet 10, 11 (%)",16.6,13.2,13.7,9.5
Jharkhand,68,67,"Non-breastfeeding children age 6 -23 months receiving an adequate diet 10, 11 (%)",(14.3),6.6,8.7,15.9
Jharkhand,68,68,"Total children age 6 -23 months receiving an adequate diet 10, 11 (%)",16.3,12.8,13.3,10.0
Jharkhand,68,69,Children under 5 years who are stunted (height -for-age)12 (%),20.3,37.4,35.0,39.6
Jharkhand,68,70,Children under 5 years who are wasted (weight -for-height)12 (%),20.4,22.6,22.3,22.4
Jharkhand,68,71,Children under 5 years who are severely wasted (weight-for-height)13 (%),5.1,6.0,5.9,9.1
Jharkhand,68,72,Children under 5 years who are underweight (weight-for-age)12 (%),29.4,43.1,41.1,39.4
Jharkhand,68,73,Children under 5 years who are overweight (weight-for-height)14 (%),2.1,0.4,0.7,2.8
Jharkhand,69,74,Women whose Body Mass Index (BMI) is below normal (BMI <18.5 kg/m 2)15 (%),18.9,32.1,29.2,26.2
Jharkhand,69,75,Men whose Body Mass Index (BMI) is below normal (BMI <18.5 kg/m2) (%),20.0,26.9,25.3,17.1
Jharkhand,69,76,Women who are overweight or obese (BMI ≥25.0 kg/m2)15 (%),33.0,12.4,16.9,11.9
Jharkhand,69,77,Men who are overweight or obese (BMI ≥25.0 kg/m2) (%),30.3,12.6,16.8,15.1
Jharkhand,69,78,Blood sugar level - high (141-160 mg/dl)16 (%),8.2,6.9,7.2,5.4
Jharkhand,69,79,Blood sugar level - very high (>160 mg/dl)16 (%),9.8,6.8,7.4,4.2
Jharkhand,69,80,Blood sugar level - high or very high (>140 mg/dl) or taking medicine to control blood,19.2,14.0,15.0,10.2
Jharkhand,69,81,Blood sugar level - high (141-160 mg/dl)16 (%),10.8,9.4,9.7,6.9
Jharkhand,69,82,Blood sugar level - very high (>160 mg/dl)16 (%),14.4,10.6,11.4,6.4
Jharkhand,69,83,Blood sugar level - high or very high (>140 mg/dl) or taking medicine to control blood,26.6,20.4,21.8,14.1
Jharkhand,69,84,Mildly elevated blood pressure (Systolic 140-159 mm of Hg and/or,7.5,5.7,6.1,11.1
Jharkhand,69,85,Moderately or severely elevated blood pressure (Systolic ≥160 mm of Hg and/or,4.7,4.4,4.5,5.0
Jharkhand,69,86,Elevated blood pressure (Systolic ≥140 mm of Hg and/or Diastolic ≥90 mm of Hg) or taking,17.9,11.8,13.0,17.8
Jharkhand,69,87,Mildly elevated blood pressure (Systolic 140-159 mm of Hg and/or,11.1,8.4,9.0,15.1
Jharkhand,69,88,Moderately or severely elevated blood pressure (Systolic ≥160 mm of Hg and/or,4.1,3.3,3.5,6.1
Jharkhand,69,89,Elevated blood pressure (Systolic ≥140 mm of Hg and/or Diastolic ≥90 mm of Hg) or taking,22.3,15.5,17.0,22.6
Jharkhand,69,90,Currently married women who usually participate in three household decisions17 (%),94.5,92.6,92.9,91.0
Jharkhand,69,91,Women who worked in the last 12 months and were paid in cash (%),20.6,29.7,27.7,18.0
Jharkhand,69,92,Women having a bank or savings account that they themselves use (%),87.9,91.6,90.8,79.6
Jharkhand,69,93,Women having a mobile phone that they themselves use (%),72.2,54.6,58.4,49.0
Jharkhand,69,94,Women age 15-24 years who use hygienic methods of protection during their menstrual,92.2,78.5,81.1,75.1
Jharkhand,69,95,Ever-married women age 18-49 years who have ever experienced spousal violence19 (%),18.2,29.2,27.0,31.4
Jharkhand,69,96,Ever-married women age 18-49 years who have experienced physical violence during any,1.3,2.7,2.4,3.1
Jharkhand,69,97,Young women age 18-29 years who experienced sexual violence by age 18 (%),0.0,0.5,0.4,1.3
Jharkhand,69,98,Women age 15 years and above who use any kind of tobacco (%),4.0,8.5,7.5,8.4
Jharkhand,69,99,Men age 15 years and above who use any kind of tobacco (%),34.5,48.7,45.2,47.4
Jharkhand,69,100,Women age 15 years and above who consume alcohol (%),1.1,6.7,5.5,6.1
Jharkhand,69,101,Men age 15 years and above who consume alcohol (%),22.0,37.3,33.6,34.9
Karnataka,71,1,Population below age 5 years (%),6.8,6.3,6.5,7.0
Karnataka,71,2,Population below age 15 years (%),21.9,22.0,22.0,22.9
Karnataka,71,3,Population age 60 years and above (%),13.1,15.8,14.6,13.3
Karnataka,71,4,Population living in households with electricity (%),99.8,99.6,99.7,99.1
Karnataka,71,5,Population living in households with an improved drinking -water source1 (%),98.9,96.2,97.3,95.3
Karnataka,71,6,Households using iodized salt (%),98.3,94.7,96.3,92.8
Karnataka,71,7,Households with any usual member covered under a health insurance/financing scheme (%),57.1,68.1,63.3,31.8
Karnataka,71,8,Households with any usual member having a bank account/post office account (%),98.0,99.1,98.6,94.5
Karnataka,71,9,Female population age 6 years and above who ever attended school (%),86.4,71.5,77.8,73.0
Karnataka,71,10,Households with any usual female members owning a house and/or land (alone or jointly with,20.2,36.9,29.5,16.2
Karnataka,71,11,Children age 2-4 years who attended pre -school (%),51.7,50.0,50.7,44.5
Karnataka,71,12,Women with 10 or more years of schooling (%),69.4,48.3,57.6,50.2
Karnataka,71,13,Men with 10 or more years of schooling (%),69.8,57.3,63.0,56.5
Karnataka,71,14,Women who have ever used the internet (%),74.1,45.1,57.9,35.0
Karnataka,71,15,Men who have ever used the internet (%),90.2,79.4,84.3,56.3
Karnataka,71,16,Women age 20-24 years married before age 18 years (%),10.0,19.1,15.3,21.3
Karnataka,71,17,Men age 25-29 years married before age 21 years (%),4.2,4.6,4.4,6.1
Karnataka,71,18,Total fertility rate (children per woman),1.7,1.8,1.8,1.7
Karnataka,71,19,Women age 15-19 years who were already mothers or pregnant at the time of the survey (%),2.2,6.8,4.9,5.4
Karnataka,71,20,Any method2 (%),60.3,68.2,64.8,68.7
Karnataka,71,21,Any modern method2 (%),57.6,67.4,63.2,68.2
Karnataka,71,22,Any traditional method (%),2.7,0.8,1.6,0.5
Karnataka,71,23,Female sterilization (%),49.1,62.8,56.9,57.4
Karnataka,71,24,Male sterilization (%),0.0,0.1,0.0,0.0
Karnataka,71,25,Total unmet need3 (%),10.6,7.4,8.8,6.4
Karnataka,71,26,Unmet need for spacing3 (%),5.8,4.9,5.3,3.7
Karnataka,71,27,Unmet need for limiting 3 (%),4.8,2.5,3.5,2.7
Karnataka,71,28,Mothers who had an antenatal check-up in the first trimester (%),88.3,77.3,82.4,71.0
Karnataka,71,29,Mothers who had any antenatal care visits (%),94.9,97.5,96.3,98.3
Karnataka,71,30,Mothers who had at least 4 antenatal care visits (%),87.6,81.9,84.5,70.9
Karnataka,71,31,Mothers whose last birth was protected against neonatal tetanus4 (%),96.3,95.6,95.9,93.6
Karnataka,71,32,Mothers who consumed iron folic acid for 100 days or more when they were pregnant (%),84.0,74.5,78.9,44.7
Karnataka,71,33,Mothers who consumed iron folic acid for 180 days or more when they were pregnant (%),73.4,60.4,66.4,26.7
Karnataka,71,34,Registered pregnancies for which the mother received a Mother and Child Protection (MCP),95.5,99.4,97.6,97.6
Karnataka,71,35,Institutional births (%),99.1,98.3,98.7,97.0
Karnataka,71,36,Institutional births in public facility (%),45.0,68.4,58.1,64.8
Karnataka,71,37,Births attended by skilled health personnel5(%),96.7,96.6,96.6,93.8
Karnataka,71,38,Births delivered by caesarean section (%),52.6,40.2,45.7,31.5
Karnataka,71,39,Births in a private health facility that were delivered by caesarean section (%),62.9,64.9,63.8,52.5
Karnataka,71,40,Births in a public health facility that were delivered by caesarean section (%),41.1,30.4,34.0,22.6
Karnataka,72,41,Mothers who received postnatal care from a doctor/nurse/LHV/ANM/midwife/other health,94.1,93.2,93.6,87.4
Karnataka,72,42,Children born at home who were taken to a health facility for a check -up within 24 hours of,*,(27.0),23.4,12.3
Karnataka,72,43,Children who received postnatal care from a doctor/nurse/LHV/ANM/midwife/ other health,92.5,93.8,93.2,85.5
Karnataka,72,44,Children age 12 -23 months fully vaccinated based on information from either vaccination card,90.0,90.5,90.2,84.3
Karnataka,72,45,Children age 12 -23 months fully vaccinated based on information from vaccination card,89.9,93.1,91.8,88.3
Karnataka,72,46,Children age 12 -23 months who have received any vaccine (%),96.9,96.8,96.8,97.5
Karnataka,72,47,Children age 12 -23 months who have received BCG (%),96.5,96.4,96.4,97.1
Karnataka,72,48,Children age 12 -23 months who have received 3 doses of polio vaccine 8 (%),91.0,91.6,91.3,87.5
Karnataka,72,49,Children age 12 -23 months who have received 3 doses of pentavalent vaccine (%),92.5,93.8,93.3,92.3
Karnataka,72,50,Children age 12 -23 months who have received the first dose of measles -containing,95.9,95.4,95.6,91.4
Karnataka,72,51,Children age 24 -35 months who have received a second dose of measles -containing,78.6,80.2,79.4,62.4
Karnataka,72,52,Children age 12-23 months who have received birth dose of hepatitis B vaccine (%),90.8,93.7,92.5,84.5
Karnataka,72,53,Children age 12-23 months who have received 3 doses of rotavirus vaccine (%),87.5,82.3,84.4,5.9
Karnataka,72,54,Children age 9-35 months who received a vitamin A dose in the last 6 months (%),88.5,90.7,89.7,86.2
Karnataka,72,55,Children age 12-23 months who received most of their vaccinations in a public health,82.4,96.7,90.9,91.7
Karnataka,72,56,Children age 12-23 months who received most of their vaccinations in a private health,16.2,3.3,8.6,7.9
Karnataka,72,57,Prevalence of diarrhoea in the 2 weeks preceding the survey (%),5.8,6.5,6.2,5.3
Karnataka,72,58,Prevalence of severe diarrhoea in the 2 weeks preceding the survey (%),1.4,1.0,1.2,0.7
Karnataka,72,59,Prevalence of symptoms of acute respiratory infection (ARI) in the 2 weeks preceding the,0.6,0.9,0.8,1.5
Karnataka,72,60,Children with fever or symptoms of ARI in the 2 weeks preceding the survey taken to a health,82.8,78.8,80.3,65.7
Karnataka,72,61,Children under age 3 years breastfed within one hour of birth9 (%),52.7,44.7,48.3,49.1
Karnataka,72,62,Children under age 6 months exclusively breastfed10 (%),58.6,63.7,61.6,61.0
Karnataka,72,63,Children under age 6 months currently breastfeeding10 (%),92.8,94.5,93.8,92.4
Karnataka,72,64,Children under age 6 months exclusively breastfed or breastfeeding and consuming plain,79.9,84.0,82.3,75.2
Karnataka,72,65,Children age 6-8 months receiving solid or semi-solid food and breastmilk10 (%),60.7,56.2,57.9,45.8
Karnataka,72,66,"Breastfeeding children age 6 -23 months receiving an adequate diet 10, 11 (%)",14.8,13.8,14.2,10.6
Karnataka,72,67,"Non-breastfeeding children age 6 -23 months receiving an adequate diet 10, 11 (%)",31.2,31.2,31.2,18.9
Karnataka,72,68,"Total children age 6 -23 months receiving an adequate diet 10, 11 (%)",19.7,17.3,18.3,12.4
Karnataka,72,69,Children under 5 years who are stunted (height -for-age)12 (%),19.0,32.0,26.5,35.4
Karnataka,72,70,Children under 5 years who are wasted (weight -for-height)12 (%),16.3,20.5,18.7,19.5
Karnataka,72,71,Children under 5 years who are severely wasted (weight-for-height)13 (%),3.1,5.6,4.6,8.4
Karnataka,72,72,Children under 5 years who are underweight (weight-for-age)12 (%),20.2,33.4,27.8,32.9
Karnataka,72,73,Children under 5 years who are overweight (weight-for-height)14 (%),1.1,0.9,1.0,3.2
Karnataka,73,74,Women whose Body Mass Index (BMI) is below normal (BMI <18.5 kg/m 2)15 (%),10.5,18.6,15.1,17.2
Karnataka,73,75,Men whose Body Mass Index (BMI) is below normal (BMI <18.5 kg/m2) (%),8.5,18.4,14.0,14.3
Karnataka,73,76,Women who are overweight or obese (BMI ≥25.0 kg/m2)15 (%),51.7,33.0,41.2,30.2
Karnataka,73,77,Men who are overweight or obese (BMI ≥25.0 kg/m2) (%),42.9,31.1,36.4,30.9
Karnataka,73,78,Blood sugar level - high (141-160 mg/dl)16 (%),8.8,8.0,8.3,5.7
Karnataka,73,79,Blood sugar level - very high (>160 mg/dl)16 (%),14.8,10.7,12.4,6.8
Karnataka,73,80,Blood sugar level - high or very high (>140 mg/dl) or taking medicine to control blood,25.8,20.0,22.3,14.0
Karnataka,73,81,Blood sugar level - high (141-160 mg/dl)16 (%),9.2,9.6,9.4,6.6
Karnataka,73,82,Blood sugar level - very high (>160 mg/dl)16 (%),17.8,13.0,14.8,7.6
Karnataka,73,83,Blood sugar level - high or very high (>140 mg/dl) or taking medicine to control blood,29.7,23.9,26.1,15.6
Karnataka,73,84,Mildly elevated blood pressure (Systolic 140-159 mm of Hg and/or,11.9,11.4,11.6,14.8
Karnataka,73,85,Moderately or severely elevated blood pressure (Systolic ≥160 mm of Hg and/or,6.6,6.3,6.4,6.2
Karnataka,73,86,Elevated blood pressure (Systolic ≥140 mm of Hg and/or Diastolic ≥90 mm of Hg) or taking,27.8,23.3,25.1,25.0
Karnataka,73,87,Mildly elevated blood pressure (Systolic 140-159 mm of Hg and/or,17.1,14.4,15.4,17.2
Karnataka,73,88,Moderately or severely elevated blood pressure (Systolic ≥160 mm of Hg and/or,4.1,3.9,4.0,6.7
Karnataka,73,89,Elevated blood pressure (Systolic ≥140 mm of Hg and/or Diastolic ≥90 mm of Hg) or taking,32.4,25.7,28.2,26.9
Karnataka,73,90,Currently married women who usually participate in three household decisions17 (%),92.9,86.4,89.2,82.7
Karnataka,73,91,Women who worked in the last 12 months and were paid in cash (%),35.8,44.2,40.6,37.0
Karnataka,73,92,Women having a bank or savings account that they themselves use (%),94.4,95.0,94.7,88.7
Karnataka,73,93,Women having a mobile phone that they themselves use (%),85.9,61.7,72.4,61.8
Karnataka,73,94,Women age 15-24 years who use hygienic methods of protection during their menstrual,93.6,77.4,84.1,84.6
Karnataka,73,95,Ever-married women age 18-49 years who have ever experienced spousal violence19 (%),6.9,19.9,14.1,44.4
Karnataka,73,96,Ever-married women age 18 -49 years who have experienced physical violence during any,2.2,3.5,2.9,5.8
Karnataka,73,97,Young women age 18-29 years who experienced sexual violence by age 18 (%),0.0,0.2,0.1,2.1
Karnataka,73,98,Women age 15 years and above who use any kind of tobacco (%),2.3,9.4,6.4,8.6
Karnataka,73,99,Men age 15 years and above who use any kind of tobacco (%),18.1,28.6,24.2,27.3
Karnataka,73,100,Women age 15 years and above who consume alcohol (%),0.2,0.8,0.5,0.9
Karnataka,73,101,Men age 15 years and above who consume alcohol (%),13.3,17.3,15.6,16.6
Kerala,75,1,Population below age 5 years (%),5.9,6.2,6.1,6.1
Kerala,75,2,Population below age 15 years (%),19.8,20.7,20.3,20.6
Kerala,75,3,Population age 60 years and above (%),20.9,20.5,20.7,18.6
Kerala,75,4,Population living in households with electricity (%),99.8,99.6,99.7,99.6
Kerala,75,5,Population living in households with an improved drinking -water source1 (%),97.7,95.4,96.5,94.9
Kerala,75,6,Households using iodized salt (%),99.1,99.1,99.1,99.3
Kerala,75,7,Households with any usual member covered under a health insurance/financing scheme (%),56.2,57.9,57.1,57.8
Kerala,75,8,Households with any usual member having a bank account/post office account (%),99.1,98.8,98.9,96.1
Kerala,75,9,Female population age 6 years and above who ever attended school (%),97.7,95.6,96.6,95.5
Kerala,75,10,Households with any usual female members owning a house and/or land (alone or jointly with,34.2,34.4,34.3,30.1
Kerala,75,11,Children age 2-4 years who attended pre-school (%),55.0,58.3,56.7,54.4
Kerala,75,12,Women with 10 or more years of schooling (%),88.7,84.6,86.6,77.0
Kerala,75,13,Men with 10 or more years of schooling (%),84.1,80.1,82.1,73.3
Kerala,75,14,Women who have ever used the internet (%),89.4,85.2,87.3,61.1
Kerala,75,15,Men who have ever used the internet (%),96.1,93.7,94.9,62.5
Kerala,75,16,Women age 20-24 years married before age 18 years (%),2.2,3.6,2.9,6.3
Kerala,75,17,Men age 25-29 years married before age 21 years (%),2.2,1.2,1.7,1.4
Kerala,75,18,Total fertility rate (children per woman),1.8,1.9,1.8,1.8
Kerala,75,19,Women age 15-19 years who were already mothers or pregnant at the time of the survey (%),0.4,2.6,1.5,2.4
Kerala,75,20,Any method2 (%),66.3,67.5,66.9,60.7
Kerala,75,21,Any modern method2 (%),54.4,54.8,54.6,52.8
Kerala,75,22,Any traditional method (%),11.9,12.7,12.3,7.9
Kerala,75,23,Female sterilization (%),41.0,43.5,42.3,46.6
Kerala,75,24,Male sterilization (%),0.2,0.2,0.2,0.1
Kerala,75,25,Total unmet need3 (%),10.3,10.1,10.2,12.5
Kerala,75,26,Unmet need for spacing3 (%),6.8,7.2,7.0,7.0
Kerala,75,27,Unmet need for limiting3 (%),3.5,2.9,3.2,5.5
Kerala,75,28,Mothers who had an antenatal check-up in the first trimester (%),86.1,85.0,85.5,93.6
Kerala,75,29,Mothers who had any antenatal care visits (%),95.9,94.0,94.9,88.9
Kerala,75,30,Mothers who had at least 4 antenatal care visits (%),88.5,88.7,88.6,81.3
Kerala,75,31,Mothers whose last birth was protected against neonatal tetanus4 (%),96.2,94.3,95.2,95.2
Kerala,75,32,Mothers who consumed iron folic acid for 100 days or more when they were pregnant (%),91.5,92.3,92.0,80.0
Kerala,75,33,Mothers who consumed iron folic acid for 180 days or more when they were pregnant (%),82.4,84.8,83.7,67.0
Kerala,75,34,Registered pregnancies for which the mother received a Mother and Child Protection (MCP),92.8,95.3,94.1,91.3
Kerala,75,35,Institutional births (%),99.6,99.8,99.7,99.8
Kerala,75,36,Institutional births in public facility (%),32.4,36.0,34.3,34.1
Kerala,75,37,Births attended by skilled health personnel5 (%),99.8,99.7,99.8,100.0
Kerala,75,38,Births delivered by caesarean section (%),41.6,41.0,41.3,38.9
Kerala,75,39,Births in a private health facility that were delivered by caesarean section (%),42.5,42.5,42.5,39.9
Kerala,75,40,Births in a public health facility that were delivered by caesarean section (%),40.1,38.5,39.3,37.2
Kerala,76,41,Mothers who received postnatal care from a doctor/nurse/LHV/ANM/midwife/other health +,93.8,94.2,94.0,93.3
Kerala,76,42,Children born at home who were taken to a health facility for a check-up within 24 hours of birth (%),*,*,*,*
Kerala,76,43,Children who received postnatal care from a doctor/nurse/LHV/ANM/midwife/ other health +,94.0,93.1,93.5,91.2
Kerala,76,44,Children age 12-23 months fully vaccinated based on information from either vaccination card,85.8,84.1,84.9,78.4
Kerala,76,45,Children age 12-23 months fully vaccinated based on information from vaccination card,87.0,86.7,86.8,85.2
Kerala,76,46,Children age 12-23 months who have received any vaccine (%),98.0,97.2,97.6,98.2
Kerala,76,47,Children age 12-23 months who have received BCG (%),97.6,96.1,96.8,97.6
Kerala,76,48,Children age 12-23 months who have received 3 doses of polio vaccine8 (%),89.3,88.0,88.6,84.1
Kerala,76,49,Children age 12-23 months who have received 3 doses of pentavalent vaccine (%),88.7,88.9,88.8,85.9
Kerala,76,50,Children age 12-23 months who have received the first dose of measles-containing,92.4,93.2,92.8,88.9
Kerala,76,51,Children age 24-35 months who have received a second dose of measles-containing,84.1,82.4,83.3,31.9
Kerala,76,52,Children age 12-23 months who have received birth dose of hepatitis B vaccine (%),89.8,84.4,86.9,81.4
Kerala,76,53,Children age 12-23 months who have received 3 doses of rotavirus vaccine (%),88.4,86.1,87.2,9.5
Kerala,76,54,Children age 9-35 months who received a vitamin A dose in the last 6 months (%),82.2,86.2,84.3,84.1
Kerala,76,55,Children age 12-23 months who received most of their vaccinations in a public health,93.7,96.5,95.2,87.3
Kerala,76,56,Children age 12-23 months who received most of their vaccinations in a private health,5.9,3.5,4.6,12.3
Kerala,76,57,Prevalence of diarrhoea in the 2 weeks preceding the survey (%),5.8,5.5,5.6,4.3
Kerala,76,58,Prevalence of severe diarrhoea in the 2 weeks preceding the survey (%),0.3,0.2,0.2,0.1
Kerala,76,59,Prevalence of symptoms of acute respiratory infection (ARI) in the 2 weeks preceding the,3.1,2.6,2.8,2.4
Kerala,76,60,Children with fever or symptoms of ARI in the 2 weeks preceding the survey taken to a health,78.6,79.3,79.0,86.2
Kerala,76,61,Children under age 3 years breastfed within one hour of birth9 (%),83.8,80.9,82.3,66.7
Kerala,76,62,Children under age 6 months exclusively breastfed10 (%),69.5,75.2,72.7,55.5
Kerala,76,63,Children under age 6 months currently breastfeeding10 (%),96.5,98.2,97.5,99.8
Kerala,76,64,Children under age 6 months exclusively breastfed or breastfeeding and consuming plain,87.0,85.7,86.3,77.8
Kerala,76,65,Children age 6-8 months receiving solid or semi-solid food and breastmilk10 (%),81.8,76.6,79.3,71.3
Kerala,76,66,"Breastfeeding children age 6-23 months receiving an adequate diet10, 11 (%)",26.3,22.5,24.3,23.4
Kerala,76,67,"Non-breastfeeding children age 6-23 months receiving an adequate diet10, 11 (%)",(40.6),(44.8),43.0,22.2
Kerala,76,68,"Total children age 6-23 months receiving an adequate diet10, 11 (%)",27.4,24.7,26.0,23.3
Kerala,76,69,Children under 5 years who are stunted (height-for-age)12 (%),18.8,21.3,20.1,23.4
Kerala,76,70,Children under 5 years who are wasted (weight-for-height)12 (%),10.5,11.3,10.9,15.8
Kerala,76,71,Children under 5 years who are severely wasted (weight-for-height)13 (%),2.9,2.4,2.6,5.8
Kerala,76,72,Children under 5 years who are underweight (weight-for-age)12 (%),15.6,19.8,17.8,19.7
Kerala,76,73,Children under 5 years who are overweight (weight-for-height)14 (%),2.3,2.0,2.1,4.0
Kerala,77,74,Women whose Body Mass Index (BMI) is below normal (BMI <18.5 kg/m2)15 (%),11.0,12.9,12.0,10.1
Kerala,77,75,Men whose Body Mass Index (BMI) is below normal (BMI <18.5 kg/m2) (%),14.3,16.7,15.5,10.0
Kerala,77,76,Women who are overweight or obese (BMI ≥25.0 kg/m2)15 (%),48.3,45.1,46.7,38.2
Kerala,77,77,Men who are overweight or obese (BMI ≥25.0 kg/m2) (%),40.1,34.0,37.0,36.4
Kerala,77,78,Blood sugar level - high (141-160 mg/dl)16 (%),8.4,8.3,8.3,8.3
Kerala,77,79,Blood sugar level - very high (>160 mg/dl)16 (%),17.2,16.4,16.7,13.1
Kerala,77,80,Blood sugar level - high or very high (>140 mg/dl) or taking medicine to control blood,29.5,28.2,28.9,24.8
Kerala,77,81,Blood sugar level - high (141-160 mg/dl)16 (%),9.9,8.5,9.2,9.8
Kerala,77,82,Blood sugar level - very high (>160 mg/dl)16 (%),19.4,18.4,18.9,13.8
Kerala,77,83,Blood sugar level - high or very high (>140 mg/dl) or taking medicine to control blood,33.5,30.4,31.9,27.0
Kerala,77,84,Mildly elevated blood pressure (Systolic 140-159 mm of Hg and/or,13.7,13.9,13.8,15.5
Kerala,77,85,Moderately or severely elevated blood pressure (Systolic ≥160 mm of Hg and/or,5.8,7.0,6.4,6.6
Kerala,77,86,Elevated blood pressure (Systolic ≥140 mm of Hg and/or Diastolic ≥90 mm of Hg) or taking,31.9,31.9,31.9,30.9
Kerala,77,87,Mildly elevated blood pressure (Systolic 140-159 mm of Hg and/or,18.0,18.2,18.1,19.2
Kerala,77,88,Moderately or severely elevated blood pressure (Systolic ≥160 mm of Hg and/or,5.1,5.2,5.1,6.7
Kerala,77,89,Elevated blood pressure (Systolic ≥140 mm of Hg and/or Diastolic ≥90 mm of Hg) or taking,37.2,36.1,36.6,32.8
Kerala,77,90,Currently married women who usually participate in three household decisions17 (%),97.5,95.6,96.5,94.1
Kerala,77,91,Women who worked in the last 12 months and were paid in cash (%),36.7,35.8,36.2,25.8
Kerala,77,92,Women having a bank or savings account that they themselves use (%),92.6,90.9,91.7,78.5
Kerala,77,93,Women having a mobile phone that they themselves use (%),89.9,88.3,89.1,86.6
Kerala,77,94,Women age 15-24 years who use hygienic methods of protection during their menstrual,93.7,91.3,92.5,93.3
Kerala,77,95,Ever-married women age 18-49 years who have ever experienced spousal violence19 (%),15.6,19.7,17.7,9.8
Kerala,77,96,Ever-married women age 18-49 years who have experienced physical violence during any,1.6,1.9,1.7,0.5
Kerala,77,97,Young women age 18-29 years who experienced sexual violence by age 18 (%),0.6,0.0,0.3,0.0
Kerala,77,98,Women age 15 years and above who use any kind of tobacco (%),1.3,3.1,2.2,2.2
Kerala,77,99,Men age 15 years and above who use any kind of tobacco (%),13.1,18.4,15.9,16.9
Kerala,77,100,Women age 15 years and above who consume alcohol (%),0.3,0.3,0.3,0.2
Kerala,77,101,Men age 15 years and above who consume alcohol (%),21.5,23.7,22.7,19.9
Madhya Pradesh,79,1,Population below age 5 years (%),6.9,9.0,8.4,8.2
Madhya Pradesh,79,2,Population below age 15 years (%),22.7,26.9,25.8,26.5
Madhya Pradesh,79,3,Population age 60 years and above (%),11.7,11.5,11.6,10.9
Madhya Pradesh,79,4,Population living in households with electricity (%),99.7,99.1,99.3,98.4
Madhya Pradesh,79,5,Population living in households with an improved drinking -water source1 (%),98.8,85.4,89.0,89.0
Madhya Pradesh,79,6,Households using iodized salt (%),96.7,95.6,95.9,95.3
Madhya Pradesh,79,7,Households with any usual member covered under a health insurance/financing scheme (%),67.2,76.0,73.6,38.1
Madhya Pradesh,79,8,Households with any usual member having a bank account/post office account (%),98.6,99.3,99.1,95.6
Madhya Pradesh,79,9,Female population age 6 years and above who ever attended school (%),83.9,64.9,70.0,67.5
Madhya Pradesh,79,10,Households with any usual female members owning a house and/or land (alone or jointly with,21.0,15.9,17.3,11.1
Madhya Pradesh,79,11,Children age 2-4 years who attended pre-school (%),57.1,45.4,48.0,39.0
Madhya Pradesh,79,12,Women with 10 or more years of schooling (%),54.0,26.0,33.7,29.3
Madhya Pradesh,79,13,Men with 10 or more years of schooling (%),58.5,35.6,42.0,39.9
Madhya Pradesh,79,14,Women who have ever used the internet (%),78.1,55.9,62.0,26.9
Madhya Pradesh,79,15,Men who have ever used the internet (%),84.5,74.5,77.3,55.7
Madhya Pradesh,79,16,Women age 20-24 years married before age 18 years (%),9.0,23.4,20.0,23.1
Madhya Pradesh,79,17,Men age 25-29 years married before age 21 years (%),16.2,28.0,25.0,30.1
Madhya Pradesh,79,18,Total fertility rate (children per woman),1.7,2.3,2.1,2.0
Madhya Pradesh,79,19,Women age 15-19 years who were already mothers or pregnant at the time of the survey (%),2.1,6.7,5.6,5.1
Madhya Pradesh,79,20,Any method2 (%),76.1,76.5,76.4,71.7
Madhya Pradesh,79,21,Any modern method2 (%),57.7,63.7,62.1,65.5
Madhya Pradesh,79,22,Any traditional method (%),18.4,12.8,14.3,6.2
Madhya Pradesh,79,23,Female sterilization (%),34.5,52.6,47.8,51.9
Madhya Pradesh,79,24,Male sterilization (%),0.7,1.0,0.9,0.7
Madhya Pradesh,79,25,Total unmet need3 (%),4.9,6.7,6.2,7.7
Madhya Pradesh,79,26,Unmet need for spacing3 (%),2.8,4.0,3.6,3.9
Madhya Pradesh,79,27,Unmet need for limiting3 (%),2.1,2.7,2.6,3.8
Madhya Pradesh,79,28,Mothers who had an antenatal check-up in the first trimester (%),85.2,75.7,78.0,75.4
Madhya Pradesh,79,29,Mothers who had any antenatal care visits (%),98.5,95.5,96.2,94.7
Madhya Pradesh,79,30,Mothers who had at least 4 antenatal care visits (%),78.8,66.5,69.5,57.5
Madhya Pradesh,79,31,Mothers whose last birth was protected against neonatal tetanus4 (%),96.8,94.8,95.3,95.0
Madhya Pradesh,79,32,Mothers who consumed iron folic acid for 100 days or more when they were pregnant (%),66.3,56.3,58.8,51.4
Madhya Pradesh,79,33,Mothers who consumed iron folic acid for 180 days or more when they were pregnant (%),47.0,37.2,39.6,31.8
Madhya Pradesh,79,34,Registered pregnancies for which the mother received a Mother and Child Protection (MCP),98.3,97.2,97.5,96.7
Madhya Pradesh,79,35,Institutional births (%),96.6,87.9,89.8,90.7
Madhya Pradesh,79,36,Institutional births in public facility (%),66.2,79.8,76.8,80.2
Madhya Pradesh,79,37,Births attended by skilled health personnel5 (%),95.2,87.8,89.4,89.3
Madhya Pradesh,79,38,Births delivered by caesarean section (%),33.9,11.0,16.0,12.1
Madhya Pradesh,79,39,Births in a private health facility that were delivered by caesarean section (%),63.2,60.1,61.7,52.3
Madhya Pradesh,79,40,Births in a public health facility that were delivered by caesarean section (%),22.2,7.7,10.4,8.2
Madhya Pradesh,80,41,Mothers who received postnatal care from a doctor/nurse/LHV/ANM/midwife/other health,88.4,81.3,83.0,83.5
Madhya Pradesh,80,42,Children born at home who were taken to a health facility for a check-up within 24 hours of,16.7,11.7,12.1,9.4
Madhya Pradesh,80,43,Children who received postnatal care from a doctor/nurse/LHV/ANM/midwife/ other health,91.6,84.9,86.5,83.9
Madhya Pradesh,80,44,Children age 12-23 months fully vaccinated based on information from either vaccination card,87.1,79.9,81.5,77.4
Madhya Pradesh,80,45,Children age 12-23 months fully vaccinated based on information from vaccination card,87.7,85.2,85.8,83.3
Madhya Pradesh,80,46,Children age 12-23 months who have received any vaccine (%),98.2,96.7,97.0,96.4
Madhya Pradesh,80,47,Children age 12-23 months who have received BCG (%),97.5,95.2,95.7,95.4
Madhya Pradesh,80,48,Children age 12-23 months who have received 3 doses of polio vaccine8 (%),89.1,84.3,85.4,81.4
Madhya Pradesh,80,49,Children age 12-23 months who have received 3 doses of pentavalent vaccine (%),92.4,87.5,88.6,87.9
Madhya Pradesh,80,50,Children age 12-23 months who have received the first dose of measles-containing,95.3,91.1,92.0,88.1
Madhya Pradesh,80,51,Children age 24-35 months who have received a second dose of measles-containing,72.2,65.5,67.0,63.9
Madhya Pradesh,80,52,Children age 12-23 months who have received birth dose of hepatitis B vaccine (%),87.6,86.1,86.5,81.9
Madhya Pradesh,80,53,Children age 12-23 months who have received 3 doses of rotavirus vaccine (%),90.4,85.1,86.3,70.9
Madhya Pradesh,80,54,Children age 9-35 months who received a vitamin A dose in the last 6 months (%),82.4,78.4,79.3,78.1
Madhya Pradesh,80,55,Children age 12-23 months who received most of their vaccinations in a public health,93.7,98.5,97.4,98.4
Madhya Pradesh,80,56,Children age 12-23 months who received most of their vaccinations in a private health,5.3,0.8,1.8,1.2
Madhya Pradesh,80,57,Prevalence of diarrhoea in the 2 weeks preceding the survey (%),10.8,10.5,10.5,6.4
Madhya Pradesh,80,58,Prevalence of severe diarrhoea in the 2 weeks preceding the survey (%),0.4,0.8,0.7,0.5
Madhya Pradesh,80,59,Prevalence of symptoms of acute respiratory infection (ARI) in the 2 weeks preceding the,1.3,1.4,1.4,2.6
Madhya Pradesh,80,60,Children with fever or symptoms of ARI in the 2 weeks preceding the survey taken to a health,78.1,73.6,74.7,64.3
Madhya Pradesh,80,61,Children under age 3 years breastfed within one hour of birth9 (%),45.3,51.3,49.9,41.3
Madhya Pradesh,80,62,Children under age 6 months exclusively breastfed10 (%),58.8,55.8,56.4,74.0
Madhya Pradesh,80,63,Children under age 6 months currently breastfeeding10 (%),96.0,97.8,97.4,96.5
Madhya Pradesh,80,64,Children under age 6 months exclusively breastfed or breastfeeding and consuming plain,92.5,87.7,88.7,86.3
Madhya Pradesh,80,65,Children age 6-8 months receiving solid or semi-solid food and breastmilk10 (%),58.5,58.3,58.3,39.5
Madhya Pradesh,80,66,"Breastfeeding children age 6-23 months receiving an adequate diet10, 11 (%)",15.4,11.6,12.4,9.2
Madhya Pradesh,80,67,"Non-breastfeeding children age 6-23 months receiving an adequate diet10, 11 (%)",9.2,8.7,8.9,7.1
Madhya Pradesh,80,68,"Total children age 6-23 months receiving an adequate diet10, 11 (%)",14.4,11.3,12.0,9.0
Madhya Pradesh,80,69,Children under 5 years who are stunted (height-for-age)12 (%),24.5,33.2,31.4,35.7
Madhya Pradesh,80,70,Children under 5 years who are wasted (weight-for-height)12 (%),19.3,24.9,23.8,18.9
Madhya Pradesh,80,71,Children under 5 years who are severely wasted (weight-for-height)13 (%),5.3,7.2,6.8,6.5
Madhya Pradesh,80,72,Children under 5 years who are underweight (weight-for-age)12 (%),30.5,42.0,39.7,33.0
Madhya Pradesh,80,73,Children under 5 years who are overweight (weight-for-height)14 (%),0.8,0.6,0.6,2.0
Madhya Pradesh,81,74,Women whose Body Mass Index (BMI) is below normal (BMI <18.5 kg/m2)15 (%),17.4,29.9,26.5,23.0
Madhya Pradesh,81,75,Men whose Body Mass Index (BMI) is below normal (BMI <18.5 kg/m2) (%),21.9,30.7,28.3,20.8
Madhya Pradesh,81,76,Women who are overweight or obese (BMI ≥25.0 kg/m2)15 (%),36.1,17.1,22.2,16.6
Madhya Pradesh,81,77,Men who are overweight or obese (BMI ≥25.0 kg/m2) (%),26.9,14.1,17.6,15.6
Madhya Pradesh,81,78,Blood sugar level - high (141-160 mg/dl)16 (%),7.8,6.9,7.1,5.3
Madhya Pradesh,81,79,Blood sugar level - very high (>160 mg/dl)16 (%),9.6,5.7,6.7,3.9
Madhya Pradesh,81,80,Blood sugar level - high or very high (>140 mg/dl) or taking medicine to control blood,18.6,13.1,14.5,9.8
Madhya Pradesh,81,81,Blood sugar level - high (141-160 mg/dl)16 (%),8.7,8.8,8.8,6.6
Madhya Pradesh,81,82,Blood sugar level - very high (>160 mg/dl)16 (%),11.6,7.9,8.8,4.9
Madhya Pradesh,81,83,Blood sugar level - high or very high (>140 mg/dl) or taking medicine to control blood,21.6,17.2,18.3,12.2
Madhya Pradesh,81,84,Mildly elevated blood pressure (Systolic 140-159 mm of Hg and/or,6.4,6.0,6.1,13.2
Madhya Pradesh,81,85,Moderately or severely elevated blood pressure (Systolic ≥160 mm of Hg and/or,4.3,4.1,4.2,5.2
Madhya Pradesh,81,86,Elevated blood pressure (Systolic ≥140 mm of Hg and/or Diastolic ≥90 mm of Hg) or taking,18.4,12.8,14.2,20.6
Madhya Pradesh,81,87,Mildly elevated blood pressure (Systolic 140-159 mm of Hg and/or,9.7,7.4,7.9,16.0
Madhya Pradesh,81,88,Moderately or severely elevated blood pressure (Systolic ≥160 mm of Hg and/or,3.0,2.5,2.6,5.3
Madhya Pradesh,81,89,Elevated blood pressure (Systolic ≥140 mm of Hg and/or Diastolic ≥90 mm of Hg) or taking,20.8,13.7,15.4,22.7
Madhya Pradesh,81,90,Currently married women who usually participate in three household decisions17 (%),93.3,89.5,90.4,86.0
Madhya Pradesh,81,91,Women who worked in the last 12 months and were paid in cash (%),28.5,34.0,32.6,26.8
Madhya Pradesh,81,92,Women having a bank or savings account that they themselves use (%),93.1,91.7,92.1,74.7
Madhya Pradesh,81,93,Women having a mobile phone that they themselves use (%),69.2,40.6,48.5,38.5
Madhya Pradesh,81,94,Women age 15-24 years who use hygienic methods of protection during their menstrual,87.7,58.5,65.4,60.9
Madhya Pradesh,81,95,Ever-married women age 18-49 years who have ever experienced spousal violence19 (%),17.7,22.6,21.4,28.0
Madhya Pradesh,81,96,Ever-married women age 18-49 years who have experienced physical violence during any,2.6,2.2,2.3,2.3
Madhya Pradesh,81,97,Young women age 18-29 years who experienced sexual violence by age 18 (%),0.3,0.7,0.6,1.1
Madhya Pradesh,81,98,Women age 15 years and above who use any kind of tobacco (%),7.4,13.2,11.6,10.3
Madhya Pradesh,81,99,Men age 15 years and above who use any kind of tobacco (%),35.2,52.6,47.7,46.4
Madhya Pradesh,81,100,Women age 15 years and above who consume alcohol (%),0.3,1.5,1.2,1.0
Madhya Pradesh,81,101,Men age 15 years and above who consume alcohol (%),13.7,20.4,18.5,17.0
Maharashtra,83,1,Population below age 5 years (%),6.1,6.7,6.4,7.0
Maharashtra,83,2,Population below age 15 years (%),21.3,22.1,21.8,22.8
Maharashtra,83,3,Population age 60 years and above (%),12.0,16.1,14.4,13.7
Maharashtra,83,4,Population living in households with electricity (%),99.7,98.4,98.9,97.8
Maharashtra,83,5,Population living in households with an improved drinking -water source1 (%),99.7,92.6,95.6,93.5
Maharashtra,83,6,Households using iodized salt (%),98.5,98.6,98.6,96.2
Maharashtra,83,7,Households with any usual member covered under a health insurance/financing scheme (%),38.3,38.3,38.3,22.4
Maharashtra,83,8,Households with any usual member having a bank account/post office account (%),96.7,97.5,97.2,94.4
Maharashtra,83,9,Female population age 6 years and above who ever attended school (%),90.1,75.3,81.4,79.6
Maharashtra,83,10,Households with any usual female members owning a house and/or land (alone or jointly with,16.5,20.1,18.6,16.5
Maharashtra,83,11,Children age 2-4 years who attended pre-school (%),54.3,68.0,62.6,66.2
Maharashtra,83,12,Women with 10 or more years of schooling (%),67.1,46.5,55.4,50.4
Maharashtra,83,13,Men with 10 or more years of schooling (%),74.2,60.5,66.3,61.0
Maharashtra,83,14,Women who have ever used the internet (%),78.1,50.8,62.6,38.0
Maharashtra,83,15,Men who have ever used the internet (%),88.6,78.2,82.6,52.9
Maharashtra,83,16,Women age 20-24 years married before age 18 years (%),11.8,25.2,19.7,21.9
Maharashtra,83,17,Men age 25-29 years married before age 21 years (%),7.8,10.3,9.2,10.5
Maharashtra,83,18,Total fertility rate (children per woman),1.6,1.9,1.8,1.7
Maharashtra,83,19,Women age 15-19 years who were already mothers or pregnant at the time of the survey (%),4.4,9.1,7.1,7.6
Maharashtra,83,20,Any method2 (%),68.9,77.0,73.7,66.2
Maharashtra,83,21,Any modern method2 (%),61.3,70.5,66.7,63.8
Maharashtra,83,22,Any traditional method (%),7.6,6.5,7.0,2.4
Maharashtra,83,23,Female sterilization (%),38.4,56.4,49.0,49.1
Maharashtra,83,24,Male sterilization (%),0.3,1.7,1.1,0.4
Maharashtra,83,25,Total unmet need3 (%),7.6,6.4,6.9,9.6
Maharashtra,83,26,Unmet need for spacing3 (%),4.4,3.9,4.1,3.9
Maharashtra,83,27,Unmet need for limiting3 (%),3.2,2.5,2.8,5.7
Maharashtra,83,28,Mothers who had an antenatal check-up in the first trimester (%),85.4,85.4,85.4,70.9
Maharashtra,83,29,Mothers who had any antenatal care visits (%),95.5,95.6,95.5,91.6
Maharashtra,83,30,Mothers who had at least 4 antenatal care visits (%),79.1,76.4,77.5,71.4
Maharashtra,83,31,Mothers whose last birth was protected against neonatal tetanus4 (%),94.2,92.4,93.2,90.1
Maharashtra,83,32,Mothers who consumed iron folic acid for 100 days or more when they were pregnant (%),75.7,67.9,71.2,48.2
Maharashtra,83,33,Mothers who consumed iron folic acid for 180 days or more when they were pregnant (%),55.2,50.3,52.3,30.9
Maharashtra,83,34,Registered pregnancies for which the mother received a Mother and Child Protection (MCP),97.1,97.8,97.5,95.5
Maharashtra,83,35,Institutional births (%),98.5,95.0,96.4,94.7
Maharashtra,83,36,Institutional births in public facility (%),48.6,56.5,53.3,55.8
Maharashtra,83,37,Births attended by skilled health personnel5 (%),97.1,92.7,94.5,93.8
Maharashtra,83,38,Births delivered by caesarean section (%),38.7,30.1,33.6,25.4
Maharashtra,83,39,Births in a private health facility that were delivered by caesarean section (%),49.5,47.5,48.5,39.1
Maharashtra,83,40,Births in a public health facility that were delivered by caesarean section (%),28.7,20.9,23.8,18.3
Maharashtra,84,41,Mothers who received postnatal care from a doctor/nurse/LHV/ANM/midwife/other health,92.8,89.8,91.1,85.4
Maharashtra,84,42,Children born at home who were taken to a health facility for a check-up within 24 hours of,(20.0),13.8,15.0,6.8
Maharashtra,84,43,Children who received postnatal care from a doctor/nurse/LHV/ANM/midwife/ other health,93.4,91.6,92.3,89.1
Maharashtra,84,44,Children age 12-23 months fully vaccinated based on information from either vaccination card,78.8,86.4,83.4,73.6
Maharashtra,84,45,Children age 12-23 months fully vaccinated based on information from vaccination card,89.0,88.3,88.6,81.7
Maharashtra,84,46,Children age 12-23 months who have received any vaccine (%),95.6,96.7,96.3,94.8
Maharashtra,84,47,Children age 12-23 months who have received BCG (%),93.6,95.4,94.7,93.8
Maharashtra,84,48,Children age 12-23 months who have received 3 doses of polio vaccine8 (%),81.1,88.2,85.5,79.0
Maharashtra,84,49,Children age 12-23 months who have received 3 doses of pentavalent vaccine (%),87.7,92.1,90.4,83.6
Maharashtra,84,50,Children age 12-23 months who have received the first dose of measles-containing,92.3,94.3,93.5,85.0
Maharashtra,84,51,Children age 24-35 months who have received a second dose of measles-containing,64.6,68.1,66.7,50.3
Maharashtra,84,52,Children age 12-23 months who have received birth dose of hepatitis B vaccine (%),74.8,77.2,76.2,50.5
Maharashtra,84,53,Children age 12-23 months who have received 3 doses of rotavirus vaccine (%),86.1,87.5,87.0,8.2
Maharashtra,84,54,Children age 9-35 months who received a vitamin A dose in the last 6 months (%),87.5,81.7,84.0,72.2
Maharashtra,84,55,Children age 12-23 months who received most of their vaccinations in a public health,91.0,97.8,95.2,89.5
Maharashtra,84,56,Children age 12-23 months who received most of their vaccinations in a private health,6.9,2.0,3.9,10.0
Maharashtra,84,57,Prevalence of diarrhoea in the 2 weeks preceding the survey (%),4.0,7.2,5.9,8.9
Maharashtra,84,58,Prevalence of severe diarrhoea in the 2 weeks preceding the survey (%),0.4,0.4,0.4,0.8
Maharashtra,84,59,Prevalence of symptoms of acute respiratory infection (ARI) in the 2 weeks preceding the,1.6,2.0,1.8,3.2
Maharashtra,84,60,Children with fever or symptoms of ARI in the 2 weeks preceding the survey taken to a health,73.2,76.9,75.6,77.5
Maharashtra,84,61,Children under age 3 years breastfed within one hour of birth9 (%),51.0,54.7,53.2,53.2
Maharashtra,84,62,Children under age 6 months exclusively breastfed10 (%),52.8,75.2,64.7,71.0
Maharashtra,84,63,Children under age 6 months currently breastfeeding10 (%),78.5,98.6,89.2,96.7
Maharashtra,84,64,Children under age 6 months exclusively breastfed or breastfeeding and consuming plain,70.7,88.9,80.5,85.6
Maharashtra,84,65,Children age 6-8 months receiving solid or semi-solid food and breastmilk10 (%),48.2,56.3,53.6,52.7
Maharashtra,84,66,"Breastfeeding children age 6-23 months receiving an adequate diet10, 11 (%)",9.8,9.2,9.4,8.2
Maharashtra,84,67,"Non-breastfeeding children age 6-23 months receiving an adequate diet10, 11 (%)",10.4,7.1,8.5,11.7
Maharashtra,84,68,"Total children age 6-23 months receiving an adequate diet10, 11 (%)",9.9,9.0,9.3,8.9
Maharashtra,84,69,Children under 5 years who are stunted (height-for-age)12 (%),24.9,32.2,29.5,35.2
Maharashtra,84,70,Children under 5 years who are wasted (weight-for-height)12 (%),18.3,20.9,19.9,25.6
Maharashtra,84,71,Children under 5 years who are severely wasted (weight-for-height)13 (%),7.9,7.4,7.6,10.9
Maharashtra,84,72,Children under 5 years who are underweight (weight-for-age)12 (%),26.5,34.3,31.4,36.1
Maharashtra,84,73,Children under 5 years who are overweight (weight-for-height)14 (%),1.9,1.3,1.5,4.1
Maharashtra,85,74,Women whose Body Mass Index (BMI) is below normal (BMI <18.5 kg/m2)15 (%),12.5,22.5,18.4,20.8
Maharashtra,85,75,Men whose Body Mass Index (BMI) is below normal (BMI <18.5 kg/m2) (%),12.2,20.3,17.1,16.2
Maharashtra,85,76,Women who are overweight or obese (BMI ≥25.0 kg/m2)15 (%),40.1,24.8,31.1,23.5
Maharashtra,85,77,Men who are overweight or obese (BMI ≥25.0 kg/m2) (%),41.7,27.1,32.8,24.7
Maharashtra,85,78,Blood sugar level - high (141-160 mg/dl)16 (%),7.4,6.7,7.0,5.7
Maharashtra,85,79,Blood sugar level - very high (>160 mg/dl)16 (%),9.9,6.5,7.8,5.4
Maharashtra,85,80,Blood sugar level - high or very high (>140 mg/dl) or taking medicine to control blood,19.3,14.1,16.0,12.4
Maharashtra,85,81,Blood sugar level - high (141-160 mg/dl)16 (%),8.2,7.5,7.8,6.5
Maharashtra,85,82,Blood sugar level - very high (>160 mg/dl)16 (%),10.5,7.8,8.8,5.9
Maharashtra,85,83,Blood sugar level - high or very high (>140 mg/dl) or taking medicine to control blood,20.4,16.4,17.7,13.6
Maharashtra,85,84,Mildly elevated blood pressure (Systolic 140-159 mm of Hg and/or,12.8,13.5,13.2,13.7
Maharashtra,85,85,Moderately or severely elevated blood pressure (Systolic ≥160 mm of Hg and/or,5.4,6.1,5.8,5.0
Maharashtra,85,86,Elevated blood pressure (Systolic ≥140 mm of Hg and/or Diastolic ≥90 mm of Hg) or taking,26.0,24.2,24.9,23.1
Maharashtra,85,87,Mildly elevated blood pressure (Systolic 140-159 mm of Hg and/or,17.8,16.6,17.0,16.0
Maharashtra,85,88,Moderately or severely elevated blood pressure (Systolic ≥160 mm of Hg and/or,4.3,3.6,3.9,5.3
Maharashtra,85,89,Elevated blood pressure (Systolic ≥140 mm of Hg and/or Diastolic ≥90 mm of Hg) or taking,30.0,26.5,27.7,24.4
Maharashtra,85,90,Currently married women who usually participate in three household decisions17 (%),94.3,92.3,93.1,89.8
Maharashtra,85,91,Women who worked in the last 12 months and were paid in cash (%),30.1,45.7,39.5,34.7
Maharashtra,85,92,Women having a bank or savings account that they themselves use (%),85.3,83.0,84.0,72.8
Maharashtra,85,93,Women having a mobile phone that they themselves use (%),80.0,50.8,63.5,54.8
Maharashtra,85,94,Women age 15-24 years who use hygienic methods of protection during their menstrual,94.4,87.6,90.4,85.3
Maharashtra,85,95,Ever-married women age 18-49 years who have ever experienced spousal violence19 (%),14.9,22.0,19.2,25.2
Maharashtra,85,96,Ever-married women age 18-49 years who have experienced physical violence during any,0.9,2.3,1.8,3.3
Maharashtra,85,97,Young women age 18-29 years who experienced sexual violence by age 18 (%),0.3,0.5,0.4,1.2
Maharashtra,85,98,Women age 15 years and above who use any kind of tobacco (%),4.5,11.8,8.8,11.0
Maharashtra,85,99,Men age 15 years and above who use any kind of tobacco (%),21.9,38.1,31.3,33.8
Maharashtra,85,100,Women age 15 years and above who consume alcohol (%),0.4,0.3,0.3,0.4
Maharashtra,85,101,Men age 15 years and above who consume alcohol (%),11.0,13.1,12.2,13.9
Meghalaya,87,1,Population below age 5 years (%),5.6,9.7,8.9,12.1
Meghalaya,87,2,Population below age 15 years (%),24.9,36.1,34.1,37.3
Meghalaya,87,3,Population age 60 years and above (%),8.0,6.5,6.8,4.9
Meghalaya,87,4,Population living in households with electricity (%),99.2,95.1,95.9,91.9
Meghalaya,87,5,Population living in households with an improved drinking-water source1 (%),93.7,82.2,84.3,79.2
Meghalaya,87,6,Households using iodized salt (%),90.2,95.7,94.6,90.6
Meghalaya,87,7,Households with any usual member covered under a health insurance/financing scheme (%),64.6,77.5,74.9,69.0
Meghalaya,87,8,Households with any usual member having a bank account/post office account (%),90.3,94.3,93.5,90.0
Meghalaya,87,9,Female population age 6 years and above who ever attended school (%),90.3,80.8,82.6,85.9
Meghalaya,87,10,Households with any usual female members owning a house and/or land (alone or jointly with,38.0,72.1,65.3,63.8
Meghalaya,87,11,Children age 2-4 years who attended pre-school (%),36.8,22.0,23.6,27.7
Meghalaya,87,12,Women with 10 or more years of schooling (%),65.5,30.6,37.5,35.1
Meghalaya,87,13,Men with 10 or more years of schooling (%),72.8,27.4,35.9,34.7
Meghalaya,87,14,Women who have ever used the internet (%),76.7,54.6,59.0,34.7
Meghalaya,87,15,Men who have ever used the internet (%),83.1,65.4,68.7,36.5
Meghalaya,87,16,Women age 20-24 years married before age 18 years (%),9.9,14.7,13.8,16.9
Meghalaya,87,17,Men age 25-29 years married before age 21 years (%),(1.5),22.6,18.4,17.9
Meghalaya,87,18,Total fertility rate (children per woman),1.3,2.4,2.2,2.9
Meghalaya,87,19,Women age 15-19 years who were already mothers or pregnant at the time of the survey (%),1.6,5.1,4.6,7.2
Meghalaya,87,20,Any method2 (%),40.3,42.5,42.1,27.4
Meghalaya,87,21,Any modern method2 (%),24.4,31.5,30.2,22.5
Meghalaya,87,22,Any traditional method (%),15.9,11.0,11.9,4.9
Meghalaya,87,23,Female sterilization (%),6.5,7.2,7.1,5.6
Meghalaya,87,24,Male sterilization (%),0.3,0.0,0.1,0.0
Meghalaya,87,25,Total unmet need3 (%),17.8,21.7,21.0,26.9
Meghalaya,87,26,Unmet need for spacing3 (%),14.3,19.3,18.4,18.3
Meghalaya,87,27,Unmet need for limiting3 (%),3.5,2.4,2.6,8.6
Meghalaya,87,28,Mothers who had an antenatal check-up in the first trimester (%),58.0,57.8,57.9,53.9
Meghalaya,87,29,Mothers who had any antenatal care visits (%),91.6,90.4,90.6,82.4
Meghalaya,87,30,Mothers who had at least 4 antenatal care visits (%),58.9,52.4,53.2,52.2
Meghalaya,87,31,Mothers whose last birth was protected against neonatal tetanus4 (%),89.7,87.9,88.1,82.1
Meghalaya,87,32,Mothers who consumed iron folic acid for 100 days or more when they were pregnant (%),56.1,63.6,62.7,43.1
Meghalaya,87,33,Mothers who consumed iron folic acid for 180 days or more when they were pregnant (%),35.3,41.6,40.8,20.6
Meghalaya,87,34,Registered pregnancies for which the mother received a Mother and Child Protection (MCP),93.6,98.7,98.1,93.3
Meghalaya,87,35,Institutional births (%),84.0,63.3,65.6,58.1
Meghalaya,87,36,Institutional births in public facility (%),48.3,56.6,55.7,49.1
Meghalaya,87,37,Births attended by skilled health personnel5 (%),87.3,68.8,70.9,64.0
Meghalaya,87,38,Births delivered by caesarean section (%),17.7,4.9,6.4,8.2
Meghalaya,87,39,Births in a private health facility that were delivered by caesarean section (%),36.3,36.1,36.2,40.8
Meghalaya,87,40,Births in a public health facility that were delivered by caesarean section (%),9.9,4.4,5.0,9.2
Meghalaya,88,41,Mothers who received postnatal care from a doctor/nurse/LHV/ANM/midwife/other health,64.0,50.2,51.9,43.9
Meghalaya,88,42,Children born at home who were taken to a health facility for a check -up within 24 hours of,11.1,1.9,2.4,1.6
Meghalaya,88,43,Children who received postnatal care from a doctor/nurse/LHV/ANM/midwife/ other health,68.3,51.7,53.8,44.9
Meghalaya,88,44,Children age 12 -23 months fully vaccinated based on information from either vaccination card,87.6,73.5,75.3,64.0
Meghalaya,88,45,Children age 12 -23 months fully vaccinated based on information from vaccination card,93.9,83.5,84.9,80.0
Meghalaya,88,46,Children age 12 -23 months who have received any vaccine (%),94.8,90.9,91.3,90.6
Meghalaya,88,47,Children age 12 -23 months who have received BCG (%),94.8,89.7,90.4,89.3
Meghalaya,88,48,Children age 12 -23 months who have received 3 doses of polio vaccine 8 (%),90.3,76.5,78.2,68.5
Meghalaya,88,49,Children age 12 -23 months who have received 3 doses of pentavalent vaccine (%),88.2,78.1,79.3,73.5
Meghalaya,88,50,Children age 12 -23 months who have received the first dose of measles -containing,92.0,82.0,83.2,72.5
Meghalaya,88,51,Children age 24 -35 months who have received a second dose of measles -containing,56.3,60.5,60.0,25.9
Meghalaya,88,52,Children age 12-23 months who have received birth dose of hepatitis B vaccine (%),74.4,66.6,67.5,46.5
Meghalaya,88,53,Children age 12-23 months who have received 3 doses of rotavirus vaccine (%),87.9,75.7,77.2,4.1
Meghalaya,88,54,Children age 9-35 months who received a vitamin A dose in the last 6 months (%),79.4,76.7,77.0,61.0
Meghalaya,88,55,Children age 12-23 months who received most of their vaccinations in a public health,81.6,96.1,94.2,93.6
Meghalaya,88,56,Children age 12-23 months who received most of their vaccinations in a private health,16.5,1.3,3.3,3.5
Meghalaya,88,57,Prevalence of diarrhoea in the 2 weeks preceding the survey (%),4.9,3.4,3.6,10.4
Meghalaya,88,58,Prevalence of severe diarrhoea in the 2 weeks preceding the survey (%),1.7,0.6,0.7,1.4
Meghalaya,88,59,Prevalence of symptoms of acute respiratory infection (ARI) in the 2 weeks preceding the,1.1,1.0,1.0,4.8
Meghalaya,88,60,Children with fever or symptoms of ARI in the 2 weeks preceding the survey taken to a health,(66.4),65.2,65.3,72.9
Meghalaya,88,61,Children under age 3 years breastfed within one hour of birth9 (%),77.8,76.2,76.4,78.8
Meghalaya,88,62,Children under age 6 months exclusively breastfed10 (%),(61.2),45.0,46.8,42.7
Meghalaya,88,63,Children under age 6 months currently breastfeeding10 (%),(87.9),98.3,97.1,97.0
Meghalaya,88,64,Children under age 6 months exclusively breastfed or breastfeeding and consuming plain,(75.4),76.5,76.4,74.9
Meghalaya,88,65,Children age 6-8 months receiving solid or semi-solid food and breastmilk10 (%),*,62.8,64.3,66.8
Meghalaya,88,66,"Breastfeeding children age 6 -23 months receiving an adequate diet 10, 11 (%)",16.6,16.2,16.3,28.7
Meghalaya,88,67,"Non-breastfeeding children age 6 -23 months receiving an adequate diet 10, 11 (%)",*,34.6,35.0,27.7
Meghalaya,88,68,"Total children age 6 -23 months receiving an adequate diet 10, 11 (%)",20.3,18.8,18.9,28.5
Meghalaya,88,69,Children under 5 years who are stunted (height -for-age)12 (%),26.0,38.2,36.8,46.5
Meghalaya,88,70,Children under 5 years who are wasted (weight -for-height)12 (%),15.6,12.9,13.2,12.1
Meghalaya,88,71,Children under 5 years who are severely wasted (weight-for-height)13 (%),6.6,6.1,6.2,4.7
Meghalaya,88,72,Children under 5 years who are underweight (weight-for-age)12 (%),23.6,25.5,25.3,26.6
Meghalaya,88,73,Children under 5 years who are overweight (weight-for-height)14 (%),2.1,2.7,2.6,4.0
Meghalaya,89,74,Women whose Body Mass Index (BMI) is below normal (BMI <18.5 kg/m 2)15 (%),5.4,10.1,9.1,10.8
Meghalaya,89,75,Men whose Body Mass Index (BMI) is below normal (BMI <18.5 kg/m2) (%),6.4,7.3,7.1,9.0
Meghalaya,89,76,Women who are overweight or obese (BMI ≥25.0 kg/m2)15 (%),17.0,13.0,13.8,11.5
Meghalaya,89,77,Men who are overweight or obese (BMI ≥25.0 kg/m2) (%),26.9,12.9,15.6,13.9
Meghalaya,89,78,Blood sugar level - high (141-160 mg/dl)16 (%),5.1,3.7,4.0,5.0
Meghalaya,89,79,Blood sugar level - very high (>160 mg/dl)16 (%),4.2,2.3,2.7,3.0
Meghalaya,89,80,Blood sugar level - high or very high (>140 mg/dl) or taking medicine to control blood,10.4,6.3,7.1,9.5
Meghalaya,89,81,Blood sugar level - high (141-160 mg/dl)16 (%),4.2,3.6,3.8,8.6
Meghalaya,89,82,Blood sugar level - very high (>160 mg/dl)16 (%),4.8,2.3,2.8,4.2
Meghalaya,89,83,Blood sugar level - high or very high (>140 mg/dl) or taking medicine to control blood sugar,9.6,6.1,6.8,13.9
Meghalaya,89,84,Mildly elevated blood pressure (Systolic 140-159 mm of Hg and/or,12.6,10.3,10.8,10.0
Meghalaya,89,85,Moderately or severely elevated blood pressure (Systolic ≥160 mm of Hg and/or,5.9,3.8,4.3,3.9
Meghalaya,89,86,Elevated blood pressure (Systolic ≥140 mm of Hg and/or Diastolic ≥90 mm of Hg) or taking,22.2,15.6,16.9,18.7
Meghalaya,89,87,Mildly elevated blood pressure (Systolic 140-159 mm of Hg and/or,16.0,13.2,13.8,14.2
Meghalaya,89,88,Moderately or severely elevated blood pressure (Systolic ≥160 mm of Hg and/or,2.8,1.9,2.1,3.8
Meghalaya,89,89,Elevated blood pressure (Systolic ≥140 mm of Hg and/or Diastolic ≥90 mm of Hg) or taking,24.3,17.7,19.1,21.4
Meghalaya,89,90,Currently married women who usually participate in three household decisions17 (%),88.3,89.7,89.5,92.3
Meghalaya,89,91,Women who worked in the last 12 months and were paid in cash (%),46.9,43.3,43.9,40.0
Meghalaya,89,92,Women having a bank or savings account that they themselves use (%),83.3,81.0,81.5,70.4
Meghalaya,89,93,Women having a mobile phone that they themselves use (%),90.3,78.2,80.6,67.5
Meghalaya,89,94,Women age 15-24 years who use hygienic methods of protection during their menstrual,83.6,65.5,68.7,65.3
Meghalaya,89,95,Ever-married women age 18-49 years who have ever experienced spousal violence19 (%),2.9,6.5,5.9,15.0
Meghalaya,89,96,Ever-married women age 18-49 years who have experienced physical violence during any,0.9,0.9,0.9,1.6
Meghalaya,89,97,Young women age 18-29 years who experienced sexual violence by age 18 (%),0.0,0.0,0.0,0.5
Meghalaya,89,98,Women age 15 years and above who use any kind of tobacco (%),27.4,36.5,34.6,28.3
Meghalaya,89,99,Men age 15 years and above who use any kind of tobacco (%),42.2,61.9,57.8,57.8
Meghalaya,89,100,Women age 15 years and above who consume alcohol (%),1.4,1.2,1.2,1.5
Meghalaya,89,101,Men age 15 years and above who consume alcohol (%),21.9,30.0,28.3,32.4
Mizoram,91,1,Population below age 5 years (%),6.4,6.8,6.6,7.8
Mizoram,91,2,Population below age 15 years (%),22.6,26.3,24.5,27.3
Mizoram,91,3,Population age 60 years and above (%),12.0,10.9,11.4,10.1
Mizoram,91,4,Population living in households with electricity (%),99.8,96.1,97.9,98.2
Mizoram,91,5,Population living in households with an improved drinking -water source1 (%),99.7,97.0,98.3,95.8
Mizoram,91,6,Households using iodized salt (%),99.6,99.7,99.7,99.0
Mizoram,91,7,Households with any usual member covered under a health insurance/financing scheme (%),51.9,67.4,60.1,50.3
Mizoram,91,8,Households with any usual member having a bank account/post office account (%),97.4,98.5,97.9,95.7
Mizoram,91,9,Female population age 6 years and above who ever attended school (%),98.6,92.0,95.3,93.2
Mizoram,91,10,Households with any usual female members owning a house and/or land (alone or jointly with,17.4,16.2,16.8,14.2
Mizoram,91,11,Children age 2-4 years who attended pre -school (%),40.9,39.6,40.2,36.4
Mizoram,91,12,Women with 10 or more years of schooling (%),70.6,38.7,54.7,50.0
Mizoram,91,13,Men with 10 or more years of schooling (%),68.6,39.2,53.1,49.1
Mizoram,91,14,Women who have ever used the internet (%),92.8,72.1,82.5,67.6
Mizoram,91,15,Men who have ever used the internet (%),94.0,82.7,88.1,67.6
Mizoram,91,16,Women age 20-24 years married before age 18 years (%),3.6,8.4,6.0,8.0
Mizoram,91,17,Men age 25-29 years married before age 21 years (%),6.8,7.3,7.1,11.0
Mizoram,91,18,Total fertility rate (children per woman),1.5,1.7,1.6,1.9
Mizoram,91,19,Women age 15-19 years who were already mothers or pregnant at the time of the survey (%),1.9,7.5,4.8,4.1
Mizoram,91,20,Any method2 (%),60.9,66.6,64.2,31.2
Mizoram,91,21,Any modern method2 (%),56.0,64.6,61.0,30.8
Mizoram,91,22,Any traditional method (%),4.9,2.0,3.2,0.4
Mizoram,91,23,Female sterilization (%),28.4,29.5,29.1,13.0
Mizoram,91,24,Male sterilization (%),0.0,0.0,0.0,0.0
Mizoram,91,25,Total unmet need3 (%),9.2,7.1,8.0,18.9
Mizoram,91,26,Unmet need for spacing3 (%),7.8,6.5,7.1,12.9
Mizoram,91,27,Unmet need for limiting3 (%),1.4,0.6,0.9,6.0
Mizoram,91,28,Mothers who had an antenatal check-up in the first trimester (%),86.8,69.6,77.6,72.7
Mizoram,91,29,Mothers who had any antenatal care visits (%),98.3,95.9,97.0,79.4
Mizoram,91,30,Mothers who had at least 4 antenatal care visits (%),84.6,61.2,72.1,58.1
Mizoram,91,31,Mothers whose last birth was protected against neonatal tetanus4 (%),91.6,94.3,93.0,80.0
Mizoram,91,32,Mothers who consumed iron folic acid for 100 days or more when they were pregnant (%),77.7,79.5,78.7,61.9
Mizoram,91,33,Mothers who consumed iron folic acid for 180 days or more when they were pregnant (%),39.6,44.3,42.1,10.5
Mizoram,91,34,Registered pregnancies for which the mother received a Mother and Child Protection (MCP),98.4,99.6,99.0,96.1
Mizoram,91,35,Institutional births (%),98.9,84.8,91.2,85.8
Mizoram,91,36,Institutional births in public facility (%),70.8,78.0,74.7,73.8
Mizoram,91,37,Births attended by skilled health personnel5 (%),99.4,87.8,93.1,87.7
Mizoram,91,38,Births delivered by caesarean section (%),21.7,6.6,13.5,10.8
Mizoram,91,39,Births in a private health facility that were delivered by caesarean section (%),39.2,21.4,35.2,30.4
Mizoram,91,40,Births in a public health facility that were delivered by caesarean section (%),15.2,6.6,10.3,9.8
Mizoram,92,41,Mothers who received postnatal care from a doctor/nurse/LHV/ANM/midwife/other health,89.7,75.9,82.3,68.0
Mizoram,92,42,Children born at home who were taken to a health facility for a check -up within 24 hours of,*,2.5,2.4,2.0
Mizoram,92,43,Children who received postnatal care from a doctor/nurse/LHV/ANM/midwife/ other health,92.4,80.5,86.0,36.9
Mizoram,92,44,Children age 12 -23 months fully vaccinated based on information from either vaccination card,72.6,71.6,72.1,72.7
Mizoram,92,45,Children age 12 -23 months fully vaccinated based on information from vaccination card,74.4,73.6,74.0,83.7
Mizoram,92,46,Children age 12 -23 months who have received any vaccine (%),95.8,96.3,96.0,86.4
Mizoram,92,47,Children age 12 -23 months who have received BCG (%),93.9,91.3,92.6,83.4
Mizoram,92,48,Children age 12 -23 months who have received 3 doses of polio vaccine 8 (%),89.4,83.9,86.7,76.2
Mizoram,92,49,Children age 12 -23 months who have received 3 doses of pentavalent vaccine (%),75.9,79.3,77.6,80.9
Mizoram,92,50,Children age 12 -23 months who have received the first dose of measles -containing,90.0,89.1,89.5,81.0
Mizoram,92,51,Children age 24 -35 months who have received a second dose of measles -containing,61.9,57.8,59.6,48.7
Mizoram,92,52,Children age 12-23 months who have received birth dose of hepatitis B vaccine (%),91.6,85.2,88.4,59.8
Mizoram,92,53,Children age 12-23 months who have received 3 doses of rotavirus vaccine (%),86.9,84.6,85.8,7.2
Mizoram,92,54,Children age 9-35 months who received a vitamin A dose in the last 6 months (%),82.6,78.7,80.5,65.7
Mizoram,92,55,Children age 12-23 months who received most of their vaccinations in a public health,95.2,98.6,96.9,96.9
Mizoram,92,56,Children age 12-23 months who received most of their vaccinations in a private health,4.8,0.7,2.8,2.4
Mizoram,92,57,Prevalence of diarrhoea in the 2 weeks preceding the survey (%),2.4,2.1,2.2,4.3
Mizoram,92,58,Prevalence of severe diarrhoea in the 2 weeks preceding the survey (%),0.0,0.1,0.0,0.2
Mizoram,92,59,Prevalence of symptoms of acute respiratory infection (ARI) in the 2 weeks preceding the,0.6,0.2,0.4,0.6
Mizoram,92,60,Children with fever or symptoms of ARI in the 2 weeks preceding the survey taken to a health,46.0,35.4,42.2,53.0
Mizoram,92,61,Children under age 3 years breastfed within one hour of birth9 (%),63.5,63.7,63.6,60.1
Mizoram,92,62,Children under age 6 months exclusively breastfed10 (%),55.2,71.4,64.9,67.9
Mizoram,92,63,Children under age 6 months currently breastfeeding10 (%),91.8,99.5,96.4,96.6
Mizoram,92,64,Children under age 6 months exclusively breastfed or breastfeeding and consuming plain,87.8,84.4,85.8,84.2
Mizoram,92,65,Children age 6-8 months receiving solid or semi-solid food and breastmilk10 (%),(76.9),75.8,76.4,56.9
Mizoram,92,66,"Breastfeeding children age 6 -23 months receiving an adequate diet 10, 11 (%)",8.6,7.2,7.9,12.2
Mizoram,92,67,"Non-breastfeeding children age 6 -23 months receiving an adequate diet 10, 11 (%)",(16.1),(0.0),8.6,18.5
Mizoram,92,68,"Total children age 6 -23 months receiving an adequate diet 10, 11 (%)",9.3,6.5,8.0,13.2
Mizoram,92,69,Children under 5 years who are stunted (height -for-age)12 (%),18.3,32.6,26.1,28.9
Mizoram,92,70,Children under 5 years who are wasted (weight -for-height)12 (%),6.5,9.5,8.1,9.8
Mizoram,92,71,Children under 5 years who are severely wasted (weight-for-height)13 (%),3.1,4.1,3.6,4.9
Mizoram,92,72,Children under 5 years who are underweight (weight-for-age)12 (%),8.1,19.8,14.5,12.7
Mizoram,92,73,Children under 5 years who are overweight (weight-for-height)14 (%),7.8,9.8,8.9,10.0
Mizoram,93,74,Women whose Body Mass Index (BMI) is below normal (BMI <18.5 kg/m 2)15 (%),5.3,6.5,5.9,5.3
Mizoram,93,75,Men whose Body Mass Index (BMI) is below normal (BMI <18.5 kg/m2) (%),2.7,4.6,3.7,5.1
Mizoram,93,76,Women who are overweight or obese (BMI ≥25.0 kg/m2)15 (%),30.5,19.0,24.8,24.2
Mizoram,93,77,Men who are overweight or obese (BMI ≥25.0 kg/m2) (%),39.6,32.1,35.6,32.1
Mizoram,93,78,Blood sugar level - high (141-160 mg/dl)16 (%),6.4,6.8,6.6,6.9
Mizoram,93,79,Blood sugar level - very high (>160 mg/dl)16 (%),7.2,6.2,6.7,5.7
Mizoram,93,80,Blood sugar level - high or very high (>140 mg/dl) or taking medicine to control blood,15.3,13.8,14.5,13.8
Mizoram,93,81,Blood sugar level - high (141-160 mg/dl)16 (%),5.9,6.9,6.5,7.8
Mizoram,93,82,Blood sugar level - very high (>160 mg/dl)16 (%),6.0,6.5,6.3,6.0
Mizoram,93,83,Blood sugar level - high or very high (>140 mg/dl) or taking medicine to control blood,13.3,14.0,13.7,15.4
Mizoram,93,84,Mildly elevated blood pressure (Systolic 140-159 mm of Hg and/or,9.1,10.9,10.0,10.7
Mizoram,93,85,Moderately or severely elevated blood pressure (Systolic ≥160 mm of Hg and/or,2.6,3.3,3.0,3.2
Mizoram,93,86,Elevated blood pressure (Systolic ≥140 mm of Hg and/or Diastolic ≥90 mm of Hg) or taking,16.7,16.2,16.4,17.7
Mizoram,93,87,Mildly elevated blood pressure (Systolic 140-159 mm of Hg and/or,12.6,14.1,13.4,16.2
Mizoram,93,88,Moderately or severely elevated blood pressure (Systolic ≥160 mm of Hg and/or,1.2,2.8,2.0,5.4
Mizoram,93,89,Elevated blood pressure (Systolic ≥140 mm of Hg and/or Diastolic ≥90 mm of Hg) or taking,20.0,20.5,20.2,25.2
Mizoram,93,90,Currently married women who usually participate in three household decisions17 (%),100.0,97.5,98.5,98.8
Mizoram,93,91,Women who worked in the last 12 months and were paid in cash (%),38.2,39.5,38.8,29.2
Mizoram,93,92,Women having a bank or savings account that they themselves use (%),93.9,93.3,93.6,80.7
Mizoram,93,93,Women having a mobile phone that they themselves use (%),96.2,85.5,90.9,82.3
Mizoram,93,94,Women age 15-24 years who use hygienic methods of protection during their menstrual,100.0,97.6,98.8,91.0
Mizoram,93,95,Ever-married women age 18-49 years who have ever experienced spousal violence19 (%),12.0,11.0,11.4,10.3
Mizoram,93,96,Ever-married women age 18-49 years who have experienced physical violence during any,1.1,0.3,0.6,0.7
Mizoram,93,97,Young women age 18-29 years who experienced sexual violence by age 18 (%),0.0,0.1,0.1,1.8
Mizoram,93,98,Women age 15 years and above who use any kind of tobacco (%),55.0,67.2,61.0,61.7
Mizoram,93,99,Men age 15 years and above who use any kind of tobacco (%),67.5,79.0,73.6,73.1
Mizoram,93,100,Women age 15 years and above who consume alcohol (%),0.8,1.0,0.9,0.9
Mizoram,93,101,Men age 15 years and above who consume alcohol (%),20.3,25.4,23.0,23.7
Nagaland,95,1,Population below age 5 years (%),5.7,8.9,7.8,7.5
Nagaland,95,2,Population below age 15 years (%),21.8,27.2,25.3,24.7
Nagaland,95,3,Population age 60 years and above (%),9.3,14.1,12.4,10.7
Nagaland,95,4,Population living in households with electricity (%),99.8,99.0,99.3,98.6
Nagaland,95,5,Population living in households with an improved drinking -water source1 (%),88.3,79.8,82.7,91.0
Nagaland,95,6,Households using iodized salt (%),98.9,98.3,98.5,98.9
Nagaland,95,7,Households with any usual member covered under a health insurance/financing scheme (%),67.7,65.1,66.1,22.0
Nagaland,95,8,Households with any usual member having a bank account/post office account (%),97.7,96.3,96.8,91.7
Nagaland,95,9,Female population age 6 years and above who ever attended school (%),93.5,81.2,85.6,85.2
Nagaland,95,10,Households with any usual female members owning a house and/or land (alone or jointly with,8.4,13.5,11.6,13.7
Nagaland,95,11,Children age 2-4 years who attended pre -school (%),19.3,13.6,15.1,16.4
Nagaland,95,12,Women with 10 or more years of schooling (%),62.8,35.8,46.3,44.4
Nagaland,95,13,Men with 10 or more years of schooling (%),68.1,40.8,49.9,53.1
Nagaland,95,14,Women who have ever used the internet (%),81.6,73.5,76.6,49.9
Nagaland,95,15,Men who have ever used the internet (%),93.1,89.1,90.5,52.8
Nagaland,95,16,Women age 20-24 years married before age 18 years (%),9.3,10.8,10.2,5.6
Nagaland,95,17,Men age 25-29 years married before age 21 years (%),13.8,8.2,10.2,5.0
Nagaland,95,18,Total fertility rate (children per woman),1.4,2.4,2.0,1.7
Nagaland,95,19,Women age 15-19 years who were already mothers or pregnant at the time of the survey (%),1.8,4.2,3.2,3.8
Nagaland,95,20,Any method2 (%),75.4,72.7,73.6,57.4
Nagaland,95,21,Any modern method2 (%),48.9,47.1,47.8,45.3
Nagaland,95,22,Any traditional method (%),26.5,25.6,25.8,12.1
Nagaland,95,23,Female sterilization (%),12.6,10.1,11.0,14.4
Nagaland,95,24,Male sterilization (%),0.0,0.1,0.1,0.0
Nagaland,95,25,Total unmet need3 (%),5.0,6.0,5.7,9.1
Nagaland,95,26,Unmet need for spacing3 (%),3.4,4.2,3.9,4.4
Nagaland,95,27,Unmet need for limiting3 (%),1.6,1.8,1.8,4.7
Nagaland,95,28,Mothers who had an antenatal check-up in the first trimester (%),71.9,58.1,61.8,49.5
Nagaland,95,29,Mothers who had any antenatal care visits (%),88.6,81.2,83.2,71.2
Nagaland,95,30,Mothers who had at least 4 antenatal care visits (%),45.8,27.5,32.5,20.7
Nagaland,95,31,Mothers whose last birth was protected against neonatal tetanus4 (%),81.5,76.7,78.0,81.3
Nagaland,95,32,Mothers who consumed iron folic acid for 100 days or more when they were pregnant (%),27.4,23.9,24.8,10.2
Nagaland,95,33,Mothers who consumed iron folic acid for 180 days or more when they were pregnant (%),15.6,15.0,15.2,4.1
Nagaland,95,34,Registered pregnancies for which the mother received a Mother and Child Protection (MCP),87.5,94.9,92.7,92.4
Nagaland,95,35,Institutional births (%),79.2,56.3,62.2,45.7
Nagaland,95,36,Institutional births in public facility (%),48.0,43.5,44.7,35.8
Nagaland,95,37,Births attended by skilled health personnel5 (%),86.9,70.1,74.4,55.3
Nagaland,95,38,Births delivered by caesarean section (%),15.1,8.1,9.9,5.2
Nagaland,95,39,Births in a private health facility that were delivered by caesarean section (%),28.7,35.6,32.5,23.6
Nagaland,95,40,Births in a public health facility that were delivered by caesarean section (%),12.9,8.1,9.4,8.0
Nagaland,96,41,Mothers who received postnatal care from a doctor/nurse/LHV/ANM/midwife/other health,71.9,54.3,59.1,43.9
Nagaland,96,42,Children born at home who were taken to a health facility for a check -up within 24 hours of,1.8,1.4,1.4,0.6
Nagaland,96,43,Children who received postnatal care from a doctor/nurse/LHV/ANM/midwife/ other health,75.4,54.4,60.2,41.8
Nagaland,96,44,Children age 12 -23 months fully vaccinated based on information from either vaccination card,64.1,64.4,64.3,57.9
Nagaland,96,45,Children age 12 -23 months fully vaccinated based on information from vaccination card,67.8,77.2,74.2,71.3
Nagaland,96,46,Children age 12 -23 months who have received any vaccine (%),93.6,90.1,91.1,92.7
Nagaland,96,47,Children age 12 -23 months who have received BCG (%),86.4,85.8,86.0,85.5
Nagaland,96,48,Children age 12 -23 months who have received 3 doses of polio vaccine 8 (%),69.9,67.9,68.5,65.4
Nagaland,96,49,Children age 12 -23 months who have received 3 doses of pentavalent vaccine (%),73.4,73.4,73.4,71.7
Nagaland,96,50,Children age 12 -23 months who have received the first dose of measles -containing,79.4,79.4,79.4,74.0
Nagaland,96,51,Children age 24 -35 months who have received a second dose of measles -containing,63.2,62.5,62.7,41.1
Nagaland,96,52,Children age 12-23 months who have received birth dose of hepatitis B vaccine (%),57.6,41.9,46.4,40.8
Nagaland,96,53,Children age 12-23 months who have received 3 doses of rotavirus vaccine (%),67.4,68.9,68.5,6.5
Nagaland,96,54,Children age 9-35 months who received a vitamin A dose in the last 6 months (%),51.9,58.3,56.5,45.6
Nagaland,96,55,Children age 12-23 months who received most of their vaccinations in a public health,79.4,85.5,83.7,93.2
Nagaland,96,56,Children age 12-23 months who received most of their vaccinations in a private health,20.3,9.8,12.9,4.1
Nagaland,96,57,Prevalence of diarrhoea in the 2 weeks preceding the survey (%),2.6,3.2,3.0,3.4
Nagaland,96,58,Prevalence of severe diarrhoea in the 2 weeks preceding the survey (%),0.0,0.2,0.1,0.1
Nagaland,96,59,Prevalence of symptoms of acute respiratory infection (ARI) in the 2 weeks preceding the,0.0,0.4,0.3,1.1
Nagaland,96,60,Children with fever or symptoms of ARI in the 2 weeks preceding the survey taken to a health,(41.7),30.4,34.0,30.9
Nagaland,96,61,Children under age 3 years breastfed within one hour of birth9 (%),45.1,55.2,52.4,57.9
Nagaland,96,62,Children under age 6 months exclusively breastfed10 (%),38.6,37.0,37.4,43.2
Nagaland,96,63,Children under age 6 months currently breastfeeding10 (%),100.0,98.2,98.6,97.3
Nagaland,96,64,Children under age 6 months exclusively breastfed or breastfeeding and consuming plain,63.6,70.4,68.8,70.1
Nagaland,96,65,Children age 6-8 months receiving solid or semi-solid food and breastmilk10 (%),*,80.6,78.0,69.4
Nagaland,96,66,"Breastfeeding children age 6 -23 months receiving an adequate diet 10, 11 (%)",9.8,21.1,18.4,11.3
Nagaland,96,67,"Non-breastfeeding children age 6 -23 months receiving an adequate diet 10, 11 (%)",17.0,17.5,17.3,14.9
Nagaland,96,68,"Total children age 6 -23 months receiving an adequate diet 10, 11 (%)",12.8,20.0,18.0,12.6
Nagaland,96,69,Children under 5 years who are stunted (height -for-age)12 (%),25.4,25.0,25.1,32.7
Nagaland,96,70,Children under 5 years who are wasted (weight -for-height)12 (%),8.4,9.0,8.9,19.1
Nagaland,96,71,Children under 5 years who are severely wasted (weight-for-height)13 (%),4.9,3.8,4.1,7.9
Nagaland,96,72,Children under 5 years who are underweight (weight-for-age)12 (%),13.5,11.8,12.2,26.9
Nagaland,96,73,Children under 5 years who are overweight (weight-for-height)14 (%),5.3,6.4,6.2,4.9
Nagaland,97,74,Women whose Body Mass Index (BMI) is below normal (BMI <18.5 kg/m 2)15 (%),7.1,9.9,8.8,11.1
Nagaland,97,75,Men whose Body Mass Index (BMI) is below normal (BMI <18.5 kg/m2) (%),7.6,8.4,8.2,7.5
Nagaland,97,76,Women who are overweight or obese (BMI ≥25.0 kg/m2)15 (%),20.5,15.1,17.2,14.4
Nagaland,97,77,Men who are overweight or obese (BMI ≥25.0 kg/m2) (%),28.3,21.4,23.7,23.9
Nagaland,97,78,Blood sugar level - high (141-160 mg/dl)16 (%),5.1,5.2,5.1,5.2
Nagaland,97,79,Blood sugar level - very high (>160 mg/dl)16 (%),5.5,4.4,4.8,3.8
Nagaland,97,80,Blood sugar level - high or very high (>140 mg/dl) or taking medicine to control blood,10.8,9.9,10.2,9.3
Nagaland,97,81,Blood sugar level - high (141-160 mg/dl)16 (%),6.7,5.6,6.0,6.6
Nagaland,97,82,Blood sugar level - very high (>160 mg/dl)16 (%),5.7,3.9,4.6,5.5
Nagaland,97,83,Blood sugar level - high or very high (>140 mg/dl) or taking medicine to control blood,12.9,9.8,10.9,12.4
Nagaland,97,84,Mildly elevated blood pressure (Systolic 140-159 mm of Hg and/or,13.4,15.1,14.5,13.8
Nagaland,97,85,Moderately or severely elevated blood pressure (Systolic ≥160 mm of Hg and/or,7.5,8.2,8.0,7.6
Nagaland,97,86,Elevated blood pressure (Systolic ≥140 mm of Hg and/or Diastolic ≥90 mm of Hg) or taking,22.7,24.3,23.7,22.3
Nagaland,97,87,Mildly elevated blood pressure (Systolic 140-159 mm of Hg and/or,19.5,19.8,19.7,19.1
Nagaland,97,88,Moderately or severely elevated blood pressure (Systolic ≥160 mm of Hg and/or,3.5,5.6,4.8,8.9
Nagaland,97,89,Elevated blood pressure (Systolic ≥140 mm of Hg and/or Diastolic ≥90 mm of Hg) or taking,27.9,29.2,28.7,28.7
Nagaland,97,90,Currently married women who usually participate in three household decisions17 (%),98.9,98.8,98.9,99.2
Nagaland,97,91,Women who worked in the last 12 months and were paid in cash (%),24.7,25.2,25.0,23.6
Nagaland,97,92,Women having a bank or savings account that they themselves use (%),88.6,83.9,85.7,63.7
Nagaland,97,93,Women having a mobile phone that they themselves use (%),92.7,85.9,88.5,82.5
Nagaland,97,94,Women age 15-24 years who use hygienic methods of protection during their menstrual,96.5,85.0,89.6,80.6
Nagaland,97,95,Ever-married women age 18-49 years who have ever experienced spousal violence19 (%),3.8,4.1,4.0,6.5
Nagaland,97,96,Ever-married women age 18-49 years who have experienced physical violence during any,0.1,0.4,0.3,0.4
Nagaland,97,97,Young women age 18-29 years who experienced sexual violence by age 18 (%),0.0,0.0,0.0,0.0
Nagaland,97,98,Women age 15 years and above who use any kind of tobacco (%),22.8,14.2,17.4,13.7
Nagaland,97,99,Men age 15 years and above who use any kind of tobacco (%),52.8,50.3,51.2,48.4
Nagaland,97,100,Women age 15 years and above who consume alcohol (%),2.0,1.4,1.6,0.9
Nagaland,97,101,Men age 15 years and above who consume alcohol (%),28.0,26.3,26.9,23.9
Odisha,99,1,Population below age 5 years (%),6.0,7.3,7.1,7.8
Odisha,99,2,Population below age 15 years (%),20.5,22.6,22.3,24.9
Odisha,99,3,Population age 60 years and above (%),13.9,15.9,15.6,13.4
Odisha,99,4,Population living in households with electricity (%),99.4,97.4,97.7,97.0
Odisha,99,5,Population living in households with an improved drinking -water source1 (%),96.5,91.8,92.5,91.1
Odisha,99,6,Households using iodized salt (%),96.3,93.1,93.6,98.0
Odisha,99,7,Households with any usual member covered under a health insurance/financing scheme (%),65.2,86.0,82.7,47.9
Odisha,99,8,Households with any usual member having a bank account/post office account (%),97.8,98.6,98.5,96.9
Odisha,99,9,Female population age 6 years and above who ever attended school (%),84.6,71.0,73.1,71.5
Odisha,99,10,Households with any usual female members owning a house and/or land (alone or jointly with,15.3,13.1,13.5,12.2
Odisha,99,11,Children age 2-4 years who attended pre-school (%),48.6,55.9,55.0,56.8
Odisha,99,12,Women with 10 or more years of schooling (%),58.1,41.1,43.9,33.0
Odisha,99,13,Men with 10 or more years of schooling (%),60.3,46.8,49.1,38.6
Odisha,99,14,Women who have ever used the internet (%),66.7,49.0,51.8,24.9
Odisha,99,15,Men who have ever used the internet (%),85.0,70.9,73.2,50.7
Odisha,99,16,Women age 20-24 years married before age 18 years (%),14.7,19.3,18.6,20.5
Odisha,99,17,Men age 25-29 years married before age 21 years (%),15.1,12.1,12.5,13.3
Odisha,99,18,Total fertility rate (children per woman),1.5,1.8,1.7,1.8
Odisha,99,19,Women age 15-19 years who were already mothers or pregnant at the time of the survey (%),2.8,7.2,6.5,7.5
Odisha,99,20,Any method2 (%),67.1,66.0,66.2,74.1
Odisha,99,21,Any modern method2 (%),40.8,40.8,40.8,48.8
Odisha,99,22,Any traditional method (%),26.3,25.2,25.4,25.3
Odisha,99,23,Female sterilization (%),22.7,26.7,26.1,28.0
Odisha,99,24,Male sterilization (%),0.2,0.3,0.3,0.3
Odisha,99,25,Total unmet need3 (%),9.1,10.1,10,7.2
Odisha,99,26,Unmet need for spacing3 (%),3.4,4.9,4.7,2.6
Odisha,99,27,Unmet need for limiting3 (%),5.7,5.2,5.3,4.6
Odisha,99,28,Mothers who had an antenatal check-up in the first trimester (%),73.5,70.2,70.6,76.9
Odisha,99,29,Mothers who had any antenatal care visits (%),92.6,94.9,94.6,98.3
Odisha,99,30,Mothers who had at least 4 antenatal care visits (%),74.5,73.4,73.6,78.1
Odisha,99,31,Mothers whose last birth was protected against neonatal tetanus4 (%),93.0,96.2,95.8,95.2
Odisha,99,32,Mothers who consumed iron folic acid for 100 days or more when they were pregnant (%),74.1,74.6,74.5,60.8
Odisha,99,33,Mothers who consumed iron folic acid for 180 days or more when they were pregnant (%),51.8,51.2,51.3,34.4
Odisha,99,34,Registered pregnancies for which the mother received a Mother and Child Protection (MCP),99.1,99.4,99.3,99.4
Odisha,99,35,Institutional births (%),97.1,93.4,93.9,92.2
Odisha,99,36,Institutional births in public facility (%),64.2,76.6,75.0,78.7
Odisha,99,37,Births attended by skilled health personnel5 (%),96.3,92.5,93.0,91.8
Odisha,99,38,Births delivered by caesarean section (%),46.4,26.9,29.4,21.6
Odisha,99,39,Births in a private health facility that were delivered by caesarean section (%),80.1,75.7,76.8,70.7
Odisha,99,40,Births in a public health facility that were delivered by caesarean section (%),31.2,18.5,19.9,15.3
Odisha,100,41,Mothers who received postnatal care from a doctor/nurse/LHV/ANM/midwife/other health,87.9,86.0,86.3,88.4
Odisha,100,42,Children born at home who were taken to a health facility for a check-up within 24 hours of,*,18.6,18.4,10.5
Odisha,100,43,Children who received postnatal care from a doctor/nurse/LHV/ANM/midwife/ other health,87.4,86.8,86.9,88.1
Odisha,100,44,Children age 12-23 months fully vaccinated based on information from either vaccination,81.2,92.4,90.8,90.7
Odisha,100,45,Children age 12-23 months fully vaccinated based on information from vaccination card,89.4,93.2,92.7,90.7
Odisha,100,46,Children age 12-23 months who have received any vaccine (%),94.4,96.3,96.1,97.9
Odisha,100,47,Children age 12-23 months who have received BCG (%),92.5,95.8,95.3,97.3
Odisha,100,48,Children age 12-23 months who have received 3 doses of polio vaccine8 (%),85.1,93.5,92.3,91.7
Odisha,100,49,Children age 12-23 months who have received 3 doses of pentavalent vaccine (%),86.8,95.0,93.8,95.0
Odisha,100,50,Children age 12-23 months who have received the first dose of measles-containing,87.9,95.0,94.0,95.9
Odisha,100,51,Children age 24-35 months who have received a second dose of measles-containing,89.2,85.9,86.3,78.9
Odisha,100,52,Children age 12-23 months who have received birth dose of hepatitis B vaccine (%),85.6,90.3,89.6,88.6
Odisha,100,53,Children age 12-23 months who have received 3 doses of rotavirus vaccine (%),82.3,90.7,89.5,88.1
Odisha,100,54,Children age 9-35 months who received a vitamin A dose in the last 6 months (%),82.9,82.7,82.7,87.1
Odisha,100,55,Children age 12-23 months who received most of their vaccinations in a public health,95.8,99.3,98.8,98.1
Odisha,100,56,Children age 12-23 months who received most of their vaccinations in a private health,3.6,0.3,0.7,1.4
Odisha,100,57,Prevalence of diarrhoea in the 2 weeks preceding the survey (%),9.4,11.5,11.2,9.7
Odisha,100,58,Prevalence of severe diarrhoea in the 2 weeks preceding the survey (%),0.3,1.0,0.9,1.0
Odisha,100,59,Prevalence of symptoms of acute respiratory infection (ARI) in the 2 weeks preceding the,1.1,1.2,1.2,3.2
Odisha,100,60,Children with fever or symptoms of ARI in the 2 weeks preceding the survey taken to a health,72.1,69.2,69.5,65.4
Odisha,100,61,Children under age 3 years breastfed within one hour of birth9 (%),58.6,61.2,60.9,68.5
Odisha,100,62,Children under age 6 months exclusively breastfed10 (%),68.3,66.5,66.7,72.9
Odisha,100,63,Children under age 6 months currently breastfeeding10 (%),91.4,95.9,95.4,97.1
Odisha,100,64,Children under age 6 months exclusively breastfed or breastfeeding and consuming plain,79.8,80.5,80.5,83.0
Odisha,100,65,Children age 6-8 months receiving solid or semi-solid food and breastmilk10 (%),(64.2),67.1,66.7,67.5
Odisha,100,66,"Breastfeeding children age 6-23 months receiving an adequate diet10, 11 (%)",16.9,15.0,15.3,20.1
Odisha,100,67,"Non-breastfeeding children age 6-23 months receiving an adequate diet10, 11 (%)",*,6.3,6.6,21.3
Odisha,100,68,"Total children age 6-23 months receiving an adequate diet10, 11 (%)",16.3,14.6,14.9,20.1
Odisha,100,69,Children under 5 years who are stunted (height-for-age)12 (%),18.5,28.0,26.8,31.0
Odisha,100,70,Children under 5 years who are wasted (weight-for-height)12 (%),22.6,22.1,22.1,18.1
Odisha,100,71,Children under 5 years who are severely wasted (weight-for-height)13 (%),5.3,5.9,5.8,6.1
Odisha,100,72,Children under 5 years who are underweight (weight-for-age)12 (%),22.1,32.9,31.6,29.7
Odisha,100,73,Children under 5 years who are overweight (weight-for-height)14 (%),4.4,1.8,2.1,3.5
Odisha,101,74,Women whose Body Mass Index (BMI) is below normal (BMI <18.5 kg/m2)15 (%),10.7,20.5,18.9,20.8
Odisha,101,75,Men whose Body Mass Index (BMI) is below normal (BMI <18.5 kg/m2) (%),10.4,18.7,17.5,15.3
Odisha,101,76,Women who are overweight or obese (BMI ≥25.0 kg/m2)15 (%),46.3,26.7,29.7,23.0
Odisha,101,77,Men who are overweight or obese (BMI ≥25.0 kg/m2) (%),43.9,24.9,27.8,22.2
Odisha,101,78,Blood sugar level - high (141-160 mg/dl)16 (%),9.5,9.6,9.5,6.5
Odisha,101,79,Blood sugar level - very high (>160 mg/dl)16 (%),14.5,10.5,11.1,6.6
Odisha,101,80,Blood sugar level - high or very high (>140 mg/dl) or taking medicine to control blood,26.2,21.0,21.7,14.0
Odisha,101,81,Blood sugar level - high (141-160 mg/dl)16 (%),9.9,10.9,10.7,7.3
Odisha,101,82,Blood sugar level - very high (>160 mg/dl)16 (%),18.0,14.0,14.6,8.7
Odisha,101,83,Blood sugar level - high or very high (>140 mg/dl) or taking medicine to control blood,30.0,26.1,26.6,17.0
Odisha,101,84,Mildly elevated blood pressure (Systolic 140-159 mm of Hg and/or,12.4,11.0,11.2,12.9
Odisha,101,85,Moderately or severely elevated blood pressure (Systolic ≥160 mm of Hg and/or,5.9,5.4,5.5,5.6
Odisha,101,86,Elevated blood pressure (Systolic ≥140 mm of Hg and/or Diastolic ≥90 mm of Hg) or taking,26.6,21.5,22.3,22.4
Odisha,101,87,Mildly elevated blood pressure (Systolic 140-159 mm of Hg and/or,16.1,13.2,13.6,16.8
Odisha,101,88,Moderately or severely elevated blood pressure (Systolic ≥160 mm of Hg and/or,4.3,3.4,3.5,6.1
Odisha,101,89,Elevated blood pressure (Systolic ≥140 mm of Hg and/or Diastolic ≥90 mm of Hg) or taking,31.7,23.8,24.9,25.6
Odisha,101,90,Currently married women who usually participate in three household decisions17 (%),86.4,87.3,87.2,90.2
Odisha,101,91,Women who worked in the last 12 months and were paid in cash (%),22.5,27.6,26.7,25.7
Odisha,101,92,Women having a bank or savings account that they themselves use (%),89.4,90.8,90.6,86.5
Odisha,101,93,Women having a mobile phone that they themselves use (%),79.0,60.7,63.6,50.1
Odisha,101,94,Women age 15-24 years who use hygienic methods of protection during their menstrual,95.4,87.5,88.7,81.7
Odisha,101,95,Ever-married women age 18-49 years who have ever experienced spousal violence19 (%),15.2,19.6,18.9,30.3
Odisha,101,96,Ever-married women age 18-49 years who have experienced physical violence during any,1.7,2.8,2.6,3.5
Odisha,101,97,Young women age 18-29 years who experienced sexual violence by age 18 (%),0.2,0.5,0.5,0.7
Odisha,101,98,Women age 15 years and above who use any kind of tobacco (%),14.2,24.4,22.8,26.1
Odisha,101,99,Men age 15 years and above who use any kind of tobacco (%),36.7,50.6,48.3,51.7
Odisha,101,100,Women age 15 years and above who consume alcohol (%),1.4,3.5,3.1,4.3
Odisha,101,101,Men age 15 years and above who consume alcohol (%),21.2,28.0,26.8,28.7
Punjab,103,1,Population below age 5 years (%),5.9,6.2,6.1,6.5
Punjab,103,2,Population below age 15 years (%),21.8,21.2,21.4,22.0
Punjab,103,3,Population age 60 years and above (%),13.0,15.3,14.4,13.7
Punjab,103,4,Population living in households with electricity (%),99.9,99.7,99.7,99.7
Punjab,103,5,Population living in households with an improved drinking -water source1 (%),99.4,99.3,99.4,98.8
Punjab,103,6,Households using iodized salt (%),91.2,93.6,92.7,94.8
Punjab,103,7,Households with any usual member covered under a health insurance/financing scheme (%),43.0,53.3,49.2,25.2
Punjab,103,8,Households with any usual member having a bank account/post office account (%),95.2,97.9,96.8,95.5
Punjab,103,9,Female population age 6 years and above who ever attended school (%),85.0,76.6,79.9,77.2
Punjab,103,10,Households with any usual female members owning a house and/or land (alone or jointly with,14.4,12.8,13.4,9.3
Punjab,103,11,Children age 2-4 years who attended pre-school (%),57.3,57.9,57.6,40.3
Punjab,103,12,Women with 10 or more years of schooling (%),65.2,57.6,60.6,56.0
Punjab,103,13,Men with 10 or more years of schooling (%),66.1,63.1,64.3,58.7
Punjab,103,14,Women who have ever used the internet (%),78.2,72.0,74.5,54.8
Punjab,103,15,Men who have ever used the internet (%),91.2,84.6,87.3,78.2
Punjab,103,16,Women age 20-24 years married before age 18 years (%),10.0,10.3,10.2,8.7
Punjab,103,17,Men age 25-29 years married before age 21 years (%),5.8,9.4,7.7,11.4
Punjab,103,18,Total fertility rate (children per woman),1.6,1.7,1.6,1.6
Punjab,103,19,Women age 15-19 years who were already mothers or pregnant at the time of the survey (%),2.5,3.0,2.8,3.1
Punjab,103,20,Any method2 (%),68.0,70.5,69.5,66.6
Punjab,103,21,Any modern method2 (%),44.3,50.6,48.1,50.5
Punjab,103,22,Any traditional method (%),23.7,19.9,21.4,16.1
Punjab,103,23,Female sterilization (%),16.6,24.9,21.7,22.8
Punjab,103,24,Male sterilization (%),0.3,0.7,0.6,0.5
Punjab,103,25,Total unmet need3 (%),7.0,6.5,6.7,9.9
Punjab,103,26,Unmet need for spacing3 (%),2.6,2.9,2.8,3.7
Punjab,103,27,Unmet need for limiting3 (%),4.4,3.6,3.9,6.2
Punjab,103,28,Mothers who had an antenatal check-up in the first trimester (%),78.9,79.3,79.1,68.5
Punjab,103,29,Mothers who had any antenatal care visits (%),92.4,93.7,93.2,91.3
Punjab,103,30,Mothers who had at least 4 antenatal care visits (%),71.9,72.1,72.0,59.7
Punjab,103,31,Mothers whose last birth was protected against neonatal tetanus4 (%),95.3,94.6,94.9,89.7
Punjab,103,32,Mothers who consumed iron folic acid for 100 days or more when they were pregnant (%),70.9,70.9,70.9,55.4
Punjab,103,33,Mothers who consumed iron folic acid for 180 days or more when they were pregnant (%),48.8,50.1,49.6,40.5
Punjab,103,34,Registered pregnancies for which the mother received a Mother and Child Protection (MCP),95.0,96.9,96.2,96.9
Punjab,103,35,Institutional births (%),93.8,97.6,96.1,94.3
Punjab,103,36,Institutional births in public facility (%),46.1,50.7,48.9,53.9
Punjab,103,37,Births attended by skilled health personnel5 (%),95.3,98.0,97.0,95.6
Punjab,103,38,Births delivered by caesarean section (%),45.8,47.1,46.6,38.5
Punjab,103,39,Births in a private health facility that were delivered by caesarean section (%),63.6,63.0,63.3,55.5
Punjab,103,40,Births in a public health facility that were delivered by caesarean section (%),33.6,34.6,34.2,29.9
Punjab,104,41,Mothers who received postnatal care from a doctor/nurse/LHV/ANM/midwife/other health +,85.2,89.5,87.8,86.2
Punjab,104,42,Children born at home who were taken to a health facility for a check-up within 24 hours of,(1.1),(8.3),3.6,1.3
Punjab,104,43,Children who received postnatal care from a doctor/nurse/LHV/ANM/midwife/ other health +,86.1,90.7,88.9,84.7
Punjab,104,44,Children age 12-23 months fully vaccinated based on information from either vaccination card,69.3,82.9,77.7,76.2
Punjab,104,45,Children age 12-23 months fully vaccinated based on information from vaccination card,72.0,84.8,79.9,85.2
Punjab,104,46,Children age 12-23 months who have received any vaccine (%),99.2,97.1,97.9,96.3
Punjab,104,47,Children age 12-23 months who have received BCG (%),99.2,96.9,97.8,95.3
Punjab,104,48,Children age 12-23 months who have received 3 doses of polio vaccine8 (%),71.2,86.2,80.4,79.7
Punjab,104,49,Children age 12-23 months who have received 3 doses of pentavalent vaccine (%),83.4,88.8,86.7,88.5
Punjab,104,50,Children age 12-23 months who have received the first dose of measles-containing,91.9,92.5,92.3,88.1
Punjab,104,51,Children age 24-35 months who have received a second dose of measles-containing,61.2,60.4,60.7,56.7
Punjab,104,52,Children age 12-23 months who have received birth dose of hepatitis B vaccine (%),79.3,81.7,80.8,85.8
Punjab,104,53,Children age 12-23 months who have received 3 doses of rotavirus vaccine (%),79.9,80.7,80.4,65.9
Punjab,104,54,Children age 9-35 months who received a vitamin A dose in the last 6 months (%),77.1,78.8,78.1,69.9
Punjab,104,55,Children age 12-23 months who received most of their vaccinations in a public health,93.6,95.3,94.6,90.6
Punjab,104,56,Children age 12-23 months who received most of their vaccinations in a private health,5.6,4.0,4.6,8.0
Punjab,104,57,Prevalence of diarrhoea in the 2 weeks preceding the survey (%),5.2,5.6,5.5,4.9
Punjab,104,58,Prevalence of severe diarrhoea in the 2 weeks preceding the survey (%),0.3,0.1,0.2,0.2
Punjab,104,59,Prevalence of symptoms of acute respiratory infection (ARI) in the 2 weeks preceding the,0.3,0.5,0.5,2.5
Punjab,104,60,Children with fever or symptoms of ARI in the 2 weeks preceding the survey taken to a health,89.1,85.6,86.9,57.3
Punjab,104,61,Children under age 3 years breastfed within one hour of birth9 (%),39.6,37.4,38.2,53.1
Punjab,104,62,Children under age 6 months exclusively breastfed10 (%),53.4,49.8,51.0,55.5
Punjab,104,63,Children under age 6 months currently breastfeeding10 (%),91.1,93.6,92.8,89.7
Punjab,104,64,Children under age 6 months exclusively breastfed or breastfeeding and consuming plain,86.9,79.5,81.9,78.4
Punjab,104,65,Children age 6-8 months receiving solid or semi-solid food and breastmilk10 (%),57.0,58.9,58.2,46.2
Punjab,104,66,"Breastfeeding children age 6-23 months receiving an adequate diet10, 11 (%)",8.2,11.5,10.3,10.2
Punjab,104,67,"Non-breastfeeding children age 6-23 months receiving an adequate diet10, 11 (%)",16.9,11.8,13.8,15.4
Punjab,104,68,"Total children age 6-23 months receiving an adequate diet10, 11 (%)",10.2,11.6,11.1,11.5
Punjab,104,69,Children under 5 years who are stunted (height-for-age)12 (%),23.0,18.9,20.4,24.5
Punjab,104,70,Children under 5 years who are wasted (weight-for-height)12 (%),17.2,18.4,18.0,10.6
Punjab,104,71,Children under 5 years who are severely wasted (weight-for-height)13 (%),4.0,4.7,4.4,3.6
Punjab,104,72,Children under 5 years who are underweight (weight-for-age)12 (%),23.7,23.6,23.7,16.9
Punjab,104,73,Children under 5 years who are overweight (weight-for-height)14 (%),2.3,1.5,1.8,4.1
Punjab,105,74,Women whose Body Mass Index (BMI) is below normal (BMI <18.5 kg/m2)15 (%),12.1,15.4,14.2,12.7
Punjab,105,75,Men whose Body Mass Index (BMI) is below normal (BMI <18.5 kg/m2) (%),12.1,14.1,13.3,12.5
Punjab,105,76,Women who are overweight or obese (BMI ≥25.0 kg/m2)15 (%),47.7,42.8,44.7,40.8
Punjab,105,77,Men who are overweight or obese (BMI ≥25.0 kg/m2) (%),39.1,36.3,37.5,32.3
Punjab,105,78,Blood sugar level - high (141-160 mg/dl)16 (%),7.6,8.0,7.9,5.8
Punjab,105,79,Blood sugar level - very high (>160 mg/dl)16 (%),13.0,12.0,12.3,8.0
Punjab,105,80,Blood sugar level - high or very high (>140 mg/dl) or taking medicine to control blood,21.9,20.9,21.3,14.7
Punjab,105,81,Blood sugar level - high (141-160 mg/dl)16 (%),8.8,9.3,9.1,6.2
Punjab,105,82,Blood sugar level - very high (>160 mg/dl)16 (%),13.3,11.1,11.9,7.0
Punjab,105,83,Blood sugar level - high or very high (>140 mg/dl) or taking medicine to control blood,23.8,21.4,22.3,14.1
Punjab,105,84,Mildly elevated blood pressure (Systolic 140-159 mm of Hg and/or,10.7,10.9,10.8,18.5
Punjab,105,85,Moderately or severely elevated blood pressure (Systolic ≥160 mm of Hg and/or,5.8,7.0,6.5,8.6
Punjab,105,86,Elevated blood pressure (Systolic ≥140 mm of Hg and/or Diastolic ≥90 mm of Hg) or taking,23.7,25.0,24.5,31.2
Punjab,105,87,Mildly elevated blood pressure (Systolic 140-159 mm of Hg and/or,13.5,13.6,13.6,24.5
Punjab,105,88,Moderately or severely elevated blood pressure (Systolic ≥160 mm of Hg and/or,3.9,5.0,4.6,11.0
Punjab,105,89,Elevated blood pressure (Systolic ≥140 mm of Hg and/or Diastolic ≥90 mm of Hg) or taking,25.8,26.5,26.3,37.7
Punjab,105,90,Currently married women who usually participate in three household decisions17 (%),93.1,93.3,93.2,91.4
Punjab,105,91,Women who worked in the last 12 months and were paid in cash (%),29.4,28.5,28.8,22.3
Punjab,105,92,Women having a bank or savings account that they themselves use (%),85.5,89.4,87.9,81.6
Punjab,105,93,Women having a mobile phone that they themselves use (%),80.0,67.9,72.6,61.2
Punjab,105,94,Women age 15-24 years who use hygienic methods of protection during their menstrual,94.1,94.8,94.6,93.3
Punjab,105,95,Ever-married women age 18-49 years who have ever experienced spousal violence19 (%),7.2,9.7,8.7,11.6
Punjab,105,96,Ever-married women age 18-49 years who have experienced physical violence during any,1.8,1.9,1.8,1.6
Punjab,105,97,Young women age 18-29 years who experienced sexual violence by age 18 (%),0.0,0.2,0.1,0.2
Punjab,105,98,Women age 15 years and above who use any kind of tobacco (%),0.5,0.5,0.5,0.4
Punjab,105,99,Men age 15 years and above who use any kind of tobacco (%),14.2,13.7,13.9,12.8
Punjab,105,100,Women age 15 years and above who consume alcohol (%),0.3,0.2,0.3,0.3
Punjab,105,101,Men age 15 years and above who consume alcohol (%),21.1,24.0,22.9,22.8
Rajasthan,107,1,Population below age 5 years (%),7.2,9.4,8.9,9.0
Rajasthan,107,2,Population below age 15 years (%),23.2,29.2,27.7,28.3
Rajasthan,107,3,Population age 60 years and above (%),11.2,12.4,12.1,10.5
Rajasthan,107,4,Population living in households with electricity (%),99.6,97.9,98.4,98.1
Rajasthan,107,5,Population living in households with an improved drinking-water source1 (%),99.7,93.7,95.2,96.5
Rajasthan,107,6,Households using iodized salt (%),95.9,94.9,95.2,94.2
Rajasthan,107,7,Households with any usual member covered under a health insurance/financing scheme (%),86.0,89.7,88.7,87.8
Rajasthan,107,8,Households with any usual member having a bank account/post office account (%),97.4,99.1,98.7,97.6
Rajasthan,107,9,Female population age 6 years and above who ever attended school (%),77.8,60.0,64.3,63.5
Rajasthan,107,10,Households with any usual female members owning a house and/or land (alone or jointly with,14.8,13.6,13.9,9.4
Rajasthan,107,11,Children age 2-4 years who attended pre -school (%),48.2,35.8,38.2,30.1
Rajasthan,107,12,Women with 10 or more years of schooling (%),52.9,33.9,38.7,33.4
Rajasthan,107,13,Men with 10 or more years of schooling (%),67.5,51.2,55.7,51.9
Rajasthan,107,14,Women who have ever used the internet (%),83.2,60.7,66.3,36.9
Rajasthan,107,15,Men who have ever used the internet (%),90.2,76.8,80.5,65.2
Rajasthan,107,16,Women age 20-24 years married before age 18 years (%),10.8,28.8,24.6,25.4
Rajasthan,107,17,Men age 25-29 years married before age 21 years (%),8.1,35.5,28.5,28.2
Rajasthan,107,18,Total fertility rate (children per woman),1.7,2.2,2.1,2.0
Rajasthan,107,19,Women age 15-19 years who were already mothers or pregnant at the time of the survey (%),2.7,5.2,4.7,3.7
Rajasthan,107,20,Any method2 (%),76.4,73.8,74.4,72.3
Rajasthan,107,21,Any modern method2 (%),56.6,57.3,57.1,62.1
Rajasthan,107,22,Any traditional method (%),19.8,16.5,17.3,10.2
Rajasthan,107,23,Female sterilization (%),27.6,40.2,37.2,42.4
Rajasthan,107,24,Male sterilization (%),0.5,0.4,0.4,0.2
Rajasthan,107,25,Total unmet need3 (%),5.8,8.6,7.9,7.6
Rajasthan,107,26,Unmet need for spacing3 (%),3.1,4.8,4.4,3.7
Rajasthan,107,27,Unmet need for limiting3 (%),2.7,3.8,3.5,3.9
Rajasthan,107,28,Mothers who had an antenatal check-up in the first trimester (%),83.6,76.7,78.2,76.3
Rajasthan,107,29,Mothers who had any antenatal care visits (%),98.0,97.1,97.3,94.2
Rajasthan,107,30,Mothers who had at least 4 antenatal care visits (%),70.2,58.5,61.0,55.4
Rajasthan,107,31,Mothers whose last birth was protected against neonatal tetanus 4 (%),95.7,93.7,94.1,93.4
Rajasthan,107,32,Mothers who consumed iron folic acid for 100 days or more when they were pregnant (%),48.2,39.0,41.0,33.9
Rajasthan,107,33,Mothers who consumed iron folic acid for 180 days or more when they were pregnant (%),31.1,21.4,23.5,14.4
Rajasthan,107,34,Registered pregnancies for which the mother received a Mother and Child Protection (MCP),97.1,97.6,97.5,98.1
Rajasthan,107,35,Institutional births (%),98.1,93.1,94.1,94.9
Rajasthan,107,36,Institutional births in public facility (%),63.5,72.3,70.5,77.0
Rajasthan,107,37,Births attended by skilled health personnel5(%),98.2,94.1,94.9,95.6
Rajasthan,107,38,Births delivered by caesarean section (%),32.8,11.4,15.6,10.4
Rajasthan,107,39,Births in a private health facility that were delivered by caesarean section (%),49.4,29.1,35.0,26.9
Rajasthan,107,40,Births in a public health facility that were delivered by caesarean section (%),24.7,7.4,10.5,7.2
Rajasthan,108,41,Mothers who received postnatal care from a doctor/nurse/LHV/ANM/midwife/other health,91.3,85.4,86.7,85.3
Rajasthan,108,42,Children born at home who were taken to a health facility for a check -up within 24 hours of,*,4.2,4.0,1.3
Rajasthan,108,43,Children who received postnatal care from a doctor/nurse/LHV/ANM/midwife/ other health,93.5,88.5,89.6,86.9
Rajasthan,108,44,Children age 12-23 months fully vaccinated based on information from either vaccination card,85.5,79.3,80.6,80.5
Rajasthan,108,45,Children age 12-23 months fully vaccinated based on information from vaccination card,83.1,72.9,75.0,85.3
Rajasthan,108,46,Children age 12-23 months who have received any vaccine (%),96.3,94.9,95.2,97.4
Rajasthan,108,47,Children age 12-23 months who have received BCG (%),95.4,92.3,92.9,95.6
Rajasthan,108,48,Children age 12-23 months who have received 3 doses of polio vaccine 8 (%),88.3,83.2,84.3,84.6
Rajasthan,108,49,Children age 12-23 months who have received 3 doses of pentavalent vaccine (%),91.0,86.2,87.2,89.4
Rajasthan,108,50,Children age 12-23 months who have received the first dose of measles-containing,93.1,89.5,90.3,91.1
Rajasthan,108,51,Children age 24-35 months who have received a second dose of measles -containing,67.2,55.4,57.6,52.3
Rajasthan,108,52,Children age 12-23 months who have received birth dose of hepatitis B vaccine (%),89.5,80.8,82.6,75.0
Rajasthan,108,53,Children age 12-23 months who have received 3 doses of rotavirus vaccine (%),88.6,82.1,83.4,61.6
Rajasthan,108,54,Children age 9-35 months who received a vitamin A dose in the last 6 months (%),69.2,64.7,65.6,64.5
Rajasthan,108,55,Children age 12-23 months who received most of their vaccinations in a public health,95.1,98.1,97.5,98.0
Rajasthan,108,56,Children age 12-23 months who received most of their vaccinations in a private health,4.6,1.1,1.8,1.6
Rajasthan,108,57,Prevalence of diarrhoea in the 2 weeks preceding the survey (%),5.0,6.0,5.8,6.1
Rajasthan,108,58,Prevalence of severe diarrhoea in the 2 weeks preceding the survey (%),0.2,0.5,0.5,0.3
Rajasthan,108,59,Prevalence of symptoms of acute respiratory infection (ARI) in the 2 weeks preceding the,2.6,1.5,1.7,2.9
Rajasthan,108,60,Children with fever or symptoms of ARI in the 2 weeks preceding the survey taken to a health,72.9,75.2,74.7,71.1
Rajasthan,108,61,Children under age 3 years breastfed within one hour of birth 9 (%),40.2,47.3,45.8,40.7
Rajasthan,108,62,Children under age 6 months exclusively breastfed 10 (%),56.5,53.8,54.3,70.4
Rajasthan,108,63,Children under age 6 months currently breastfeeding 10 (%),97.1,98.4,98.1,97.4
Rajasthan,108,64,Children under age 6 months exclusively breastfed or breastfeeding and consuming plain,84.5,90.7,89.5,87.0
Rajasthan,108,65,Children age 6-8 months receiving solid or semi-solid food and breastmilk10 (%),61.1,48.8,51.6,38.0
Rajasthan,108,66,"Breastfeeding children age 6 -23 months receiving an adequate diet 10, 11 (%)",12.1,8.0,8.9,8.4
Rajasthan,108,67,"Non-breastfeeding children age 6 -23 months receiving an adequate diet 10, 11 (%)",6.7,8.4,8.0,7.5
Rajasthan,108,68,"Total children age 6-23 months receiving an adequate diet 10, 11 (%)",11.1,8.1,8.7,8.3
Rajasthan,108,69,Children under 5 years who are stunted (height -for-age)12 (%),21.8,31.4,29.6,31.8
Rajasthan,108,70,Children under 5 years who are wasted (weight -for-height)12 (%),14.8,20.9,19.8,16.8
Rajasthan,108,71,Children under 5 years who are severely wasted (weight -for-height)13 (%),4.1,6.9,6.4,7.6
Rajasthan,108,72,Children under 5 years who are underweight (weight -for-age)12 (%),22.5,35.8,33.3,27.6
Rajasthan,108,73,Children under 5 years who are overweight (weight-for-height)14 (%),1.7,1.1,1.2,3.3
Rajasthan,109,74,Women whose Body Mass Index (BMI) is below normal (BMI <18.5 kg/m 2)15 (%),18.2,30.3,27.3,19.6
Rajasthan,109,75,Men whose Body Mass Index (BMI) is below normal (BMI <18.5 kg/m 2) (%),19.9,26.4,24.7,14.0
Rajasthan,109,76,Women who are overweight or obese (BMI ≥25.0 kg/m 2)15 (%),34.3,15.7,20.3,12.9
Rajasthan,109,77,Men who are overweight or obese (BMI ≥25.0 kg/m 2) (%),28.9,15.8,19.3,15.0
Rajasthan,109,78,Blood sugar level - high (141-160 mg/dl)16 (%),5.6,5.2,5.3,3.9
Rajasthan,109,79,Blood sugar level - very high (>160 mg/dl)16 (%),6.4,4.0,4.6,2.8
Rajasthan,109,80,Blood sugar level - high or very high (>140 mg/dl) or taking medicine to control blood,13.0,9.6,10.4,7.2
Rajasthan,109,81,Blood sugar level - high (141-160 mg/dl)16 (%),6.7,6.4,6.5,5.0
Rajasthan,109,82,Blood sugar level - very high (>160 mg/dl)16 (%),7.1,5.0,5.5,3.3
Rajasthan,109,83,Blood sugar level - high or very high (>140 mg/dl) or taking medicine to control blood,14.9,12.0,12.7,8.9
Rajasthan,109,84,Mildly elevated blood pressure (Systolic 140 -159 mm of Hg and/or,9.3,7.3,7.7,9.8
Rajasthan,109,85,Moderately or severely elevated blood pressure (Systolic ≥160 mm of Hg and/or,4.0,3.4,3.5,3.3
Rajasthan,109,86,Elevated blood pressure (Systolic ≥140 mm of Hg and/or Diastolic ≥90 mm of Hg) or taking,18.7,13.1,14.4,15.3
Rajasthan,109,87,Mildly elevated blood pressure (Systolic 140 -159 mm of Hg and/or,12.4,9.8,10.4,12.7
Rajasthan,109,88,Moderately or severely elevated blood pressure (Systolic ≥160 mm of Hg and/or,2.6,2.1,2.2,3.6
Rajasthan,109,89,Elevated blood pressure (Systolic ≥140 mm of Hg and/or Diastolic ≥90 mm of Hg) or taking,21.0,15.1,16.5,17.9
Rajasthan,109,90,Currently married women who usually participate in three household decisions 17 (%),89.8,83.0,84.5,87.7
Rajasthan,109,91,Women who worked in the last 12 months and were paid in cash (%),28.9,26.2,26.9,17.4
Rajasthan,109,92,Women having a bank or savings account that they themselves use (%),88.6,89.3,89.1,79.6
Rajasthan,109,93,Women having a mobile phone that they themselves use (%),75.1,56.4,61.1,50.2
Rajasthan,109,94,Women age 15-24 years who use hygienic methods of protection during their menstrual,96.1,86.3,88.5,84.3
Rajasthan,109,95,Ever-married women age 18-49 years who have ever experienced spousal violence 19 (%),17.3,21.9,20.8,24.1
Rajasthan,109,96,Ever-married women age 18-49 years who have experienced physical violence during any,1.7,1.9,1.9,2.1
Rajasthan,109,97,Young women age 18-29 years who experienced sexual violence by age 18 (%),0.0,0.5,0.4,1.0
Rajasthan,109,98,Women age 15 years and above who use any kind of tobacco (%),5.9,7.3,6.9,6.9
Rajasthan,109,99,Men age 15 years and above who use any kind of tobacco (%),27.4,41.3,37.6,41.9
Rajasthan,109,100,Women age 15 years and above who consume alcohol (%),0.1,0.3,0.3,0.3
Rajasthan,109,101,Men age 15 years and above who consume alcohol (%),9.8,11.0,10.7,11.0
Sikkim,111,1,Population below age 5 years (%),3.2,4.4,4.1,5.0
Sikkim,111,2,Population below age 15 years (%),15.2,16.0,15.8,19.5
Sikkim,111,3,Population age 60 years and above (%),9.3,14.7,13.2,10.0
Sikkim,111,4,Population living in households with electricity (%),99.9,99.8,99.8,99.3
Sikkim,111,5,Population living in households with an improved drinking -water source1 (%),98.8,89.5,92.1,92.8
Sikkim,111,6,Households using iodized salt (%),100.0,99.8,99.9,98.2
Sikkim,111,7,Households with any usual member covered under a health insurance/financing scheme (%),35.6,36.5,36.2,28.0
Sikkim,111,8,Households with any usual member having a bank account/post office account (%),96.2,97.9,97.3,91.8
Sikkim,111,9,Female population age 6 years and above who ever attended school (%),90.0,78.2,81.4,83.7
Sikkim,111,10,Households with any usual female members owning a house and/or land (alone or jointly with,9.3,9.4,9.4,9.8
Sikkim,111,11,Children age 2-4 years who attended pre -school (%),(71.8),81.6,79.4,74.2
Sikkim,111,12,Women with 10 or more years of schooling (%),73.0,52.3,58.4,49.0
Sikkim,111,13,Men with 10 or more years of schooling (%),67.7,48.0,52.4,55.0
Sikkim,111,14,Women who have ever used the internet (%),94.6,88.5,90.3,76.7
Sikkim,111,15,Men who have ever used the internet (%),96.7,87.4,89.4,64.6
Sikkim,111,16,Women age 20-24 years married before age 18 years (%),3.6,11.8,9.1,10.8
Sikkim,111,17,Men age 25-29 years married before age 21 years (%),*,8.3,6.2,5.1
Sikkim,111,18,Total fertility rate (children per woman),0.7,1.1,1.0,1.1
Sikkim,111,19,Women age 15-19 years who were already mothers or pregnant at the time of the survey (%),6.4,3.2,4.2,3.1
Sikkim,111,20,Any method2 (%),75.8,76.0,76.0,69.1
Sikkim,111,21,Any modern method2 (%),41.8,42.4,42.2,54.9
Sikkim,111,22,Any traditional method (%),34.0,33.7,33.8,14.2
Sikkim,111,23,Female sterilization (%),12.0,11.7,11.7,14.5
Sikkim,111,24,Male sterilization (%),1.0,2.1,1.8,1.7
Sikkim,111,25,Total unmet need3 (%),2.4,5.2,4.5,11.9
Sikkim,111,26,Unmet need for spacing3 (%),0.5,2.8,2.2,4.9
Sikkim,111,27,Unmet need for limiting3 (%),1.9,2.4,2.3,7.0
Sikkim,111,28,Mothers who had an antenatal check -up in the first trimester (%),74.9,72.7,73.2,63.7
Sikkim,111,29,Mothers who had any antenatal care visits (%),100.0,98.7,99.0,80.1
Sikkim,111,30,Mothers who had at least 4 antenatal care visits (%),69.9,74.6,73.6,58.4
Sikkim,111,31,Mothers whose last birth was protected against neonatal tetanus 4 (%),100.0,98.6,98.9,92.0
Sikkim,111,32,Mothers who consumed iron folic acid for 100 days or more when they were pregnant (%),90.3,89.0,89.3,54.7
Sikkim,111,33,Mothers who consumed iron folic acid for 180 days or more when they were pregnant (%),69.8,74.4,73.4,31.5
Sikkim,111,34,Registered pregnancies for which the mother received a Mother and Child Protection (MCP),100.0,99.9,99.9,94.6
Sikkim,111,35,Institutional births (%),92.9,99.0,97.7,94.7
Sikkim,111,36,Institutional births in public facility (%),56.3,76.0,71.7,78.6
Sikkim,111,37,Births attended by skilled health personnel5 (%),93.3,99.1,97.9,96.5
Sikkim,111,38,Births delivered by caesarean section (%),43.1,53.3,51.1,32.8
Sikkim,111,39,Births in a private health facility that were delivered by caesarean section (%),*,69.4,67.8,55.4
Sikkim,111,40,Births in a public health facility that were delivered by caesarean section (%),(34.9),49.2,46.7,30.4
Sikkim,112,41,Mothers who received postnatal care from a doctor/nurse/LHV/ANM/midwife/other health,88.7,84.1,85.1,69.3
Sikkim,112,42,Children born at home who were taken to a health facility for a check -up within 24 hours of,*,*,*,*
Sikkim,112,43,Children who received postnatal care from a doctor/nurse/LHV/ANM/midwife/ other health,93.7,85.3,87.1,66.2
Sikkim,112,44,Children age 12-23 months fully vaccinated based on information from either vaccination card,*,96.1,92.9,82.5
Sikkim,112,45,Children age 12-23 months fully vaccinated based on information from vaccination card,*,97.8,95.1,87.6
Sikkim,112,46,Children age 12-23 months who have received any vaccine (%),*,96.7,96.2,96.9
Sikkim,112,47,Children age 12-23 months who have received BCG (%),*,96.7,96.2,96.6
Sikkim,112,48,Children age 12-23 months who have received 3 doses of polio vaccine 8 (%),*,96.1,92.9,89.0
Sikkim,112,49,Children age 12-23 months who have received 3 doses of pentavalent vaccine (%),*,96.7,94.5,93.3
Sikkim,112,50,Children age 12-23 months who have received the first dose of measles -containing,*,96.7,94.5,90.5
Sikkim,112,51,Children age 24-35 months who have received a second dose of measles -containing,*,82.1,85.6,35.7
Sikkim,112,52,Children age 12-23 months who have received birth dose of hepatitis B vaccine (%),*,94.3,94.4,87.6
Sikkim,112,53,Children age 12-23 months who have received 3 doses of rotavirus vaccine (%),*,96.1,94.1,0.0
Sikkim,112,54,Children age 9-35 months who received a vitamin A dose in the last 6 months (%),(87.6),86.0,86.3,87.5
Sikkim,112,55,Children age 12-23 months who received most of their vaccinations in a public health,*,100.0,100.0,100.0
Sikkim,112,56,Children age 12-23 months who received most of their vaccinations in a private health,*,0.0,0.0,0.0
Sikkim,112,57,Prevalence of diarrhoea in the 2 weeks preceding the survey (%),2.4,2.5,2.5,5.5
Sikkim,112,58,Prevalence of severe diarrhoea in the 2 weeks preceding the survey (%),0.0,0.5,0.4,2.1
Sikkim,112,59,Prevalence of symptoms of acute respiratory infection (ARI) in the 2 weeks preceding the,0.0,0.3,0.2,0.7
Sikkim,112,60,Children with fever or symptoms of ARI in the 2 weeks preceding the survey taken to a health,*,58.8,54.0,59.5
Sikkim,112,61,Children under age 3 years breastfed within one hour of birth 9 (%),(72.7),66.8,68.0,33.0
Sikkim,112,62,Children under age 6 months exclusively breastfed 10 (%),*,(57.7),49.6,28.3
Sikkim,112,63,Children under age 6 months currently breastfeeding 10 (%),*,(93.2),94.5,91.3
Sikkim,112,64,Children under age 6 months exclusively breastfed or breastfeeding and consuming plain,*,(90.1),79.7,63.3
Sikkim,112,65,Children age 6-8 months receiving solid or semi -solid food and breastmilk10 (%),*,*,*,(57.4)
Sikkim,112,66,"Breastfeeding children age 6 -23 months receiving an adequate diet 10, 11 (%)",*,24.6,22.1,21.9
Sikkim,112,67,"Non-breastfeeding children age 6-23 months receiving an adequate diet 10, 11 (%)",*,*,*,(35.0)
Sikkim,112,68,"Total children age 6-23 months receiving an adequate diet10, 11 (%)",*,24.8,22.2,23.8
Sikkim,112,69,Children under 5 years who are stunted (height -for-age)12 (%),28.2,17.8,20.1,22.3
Sikkim,112,70,Children under 5 years who are wasted (weight -for-height)12 (%),8.0,9.8,9.4,13.6
Sikkim,112,71,Children under 5 years who are severely wasted (weight-for-height)13 (%),2.9,3.7,3.5,6.6
Sikkim,112,72,Children under 5 years who are underweight (weight -for-age)12 (%),21.0,8.6,11.2,13.1
Sikkim,112,73,Children under 5 years who are overweight (weight -for-height)14 (%),7.8,6.3,6.6,9.6
Sikkim,113,74,Women whose Body Mass Index (BMI) is below normal (BMI <18.5 kg/m 2)15 (%),4.3,5.5,5.1,5.8
Sikkim,113,75,Men whose Body Mass Index (BMI) is below normal (BMI <18.5 kg/m 2) (%),10.0,6.5,7.3,4.9
Sikkim,113,76,Women who are overweight or obese (BMI ≥25.0 kg/m2)15 (%),55.6,44.0,47.5,34.8
Sikkim,113,77,Men who are overweight or obese (BMI ≥25.0 kg/m 2) (%),51.7,40.0,42.6,36.3
Sikkim,113,78,Blood sugar level - high (141-160 mg/dl)16 (%),7.5,6.8,7.0,6.2
Sikkim,113,79,Blood sugar level - very high (>160 mg/dl)16 (%),6.7,6.7,6.7,4.7
Sikkim,113,80,Blood sugar level - high or very high (>140 mg/dl) or taking medicine to control blood,16.2,14.7,15.1,12.2
Sikkim,113,81,Blood sugar level - high (141-160 mg/dl)16 (%),8.1,7.7,7.9,7.5
Sikkim,113,82,Blood sugar level - very high (>160 mg/dl)16 (%),4.4,6.9,6.1,7.0
Sikkim,113,83,Blood sugar level - high or very high (>140 mg/dl) or taking medicine to control blood,15.2,15.7,15.6,15.7
Sikkim,113,84,Mildly elevated blood pressure (Systolic 140 -159 mm of Hg and/or,16.6,19.5,18.7,18.5
Sikkim,113,85,Moderately or severely elevated blood pressure (Systolic ≥160 mm of Hg and/or,5.9,9.5,8.5,11.8
Sikkim,113,86,Elevated blood pressure (Systolic ≥140 mm of Hg and/or Diastolic ≥90 mm of Hg) or taking,26.5,34.0,32.0,34.5
Sikkim,113,87,Mildly elevated blood pressure (Systolic 140 -159 mm of Hg and/or,19.1,24.0,22.5,25.0
Sikkim,113,88,Moderately or severely elevated blood pressure (Systolic ≥160 mm of Hg and/or,3.1,5.7,4.9,13.9
Sikkim,113,89,Elevated blood pressure (Systolic ≥140 mm of Hg and/or Diastolic ≥90 mm of Hg) or taking,30.7,39.1,36.6,41.6
Sikkim,113,90,Currently married women who usually participate in three household decisions 17 (%),99.7,98.3,98.6,89.7
Sikkim,113,91,Women who worked in the last 12 months and were paid in cash (%),30.4,30.8,30.7,32.7
Sikkim,113,92,Women having a bank or savings account that they themselves use (%),90.6,91.8,91.4,76.4
Sikkim,113,93,Women having a mobile phone that they themselves use (%),93.9,90.7,91.6,88.6
Sikkim,113,94,Women age 15-24 years who use hygienic methods of protection during their menstrual,100.0,98.7,99.1,86.3
Sikkim,113,95,Ever-married women age 18-49 years who have ever experienced spousal violence 19 (%),4.0,4.8,4.6,12.4
Sikkim,113,96,Ever-married women age 18-49 years who have experienced physical violence during any,0.6,0.5,0.5,1.9
Sikkim,113,97,Young women age 18-29 years who experienced sexual violence by age 18 (%),*,0.0,0.0,0.1
Sikkim,113,98,Women age 15 years and above who use any kind of tobacco (%),8.7,14.8,13.1,11.6
Sikkim,113,99,Men age 15 years and above who use any kind of tobacco (%),37.6,39.9,39.3,41.5
Sikkim,113,100,Women age 15 years and above who consume alcohol (%),17.5,20.8,19.9,16.2
Sikkim,113,101,Men age 15 years and above who consume alcohol (%),41.0,42.7,42.2,39.9
Tamil Nadu,115,1,Population below age 5 years (%),5.8,6.5,6.2,6.7
Tamil Nadu,115,2,Population below age 15 years (%),19.1,21.0,20.2,21.0
Tamil Nadu,115,3,Population age 60 years and above (%),16.6,16.1,16.3,14.9
Tamil Nadu,115,4,Population living in households with electricity (%),99.6,99.1,99.3,99.3
Tamil Nadu,115,5,Population living in households with an improved drinking -water source1 (%),99.3,97.9,98.5,98.6
Tamil Nadu,115,6,Households using iodized salt (%),94.1,91.7,92.8,92.0
Tamil Nadu,115,7,Households with any usual member covered under a health insurance/financing scheme (%),56.7,64.7,61.1,66.5
Tamil Nadu,115,8,Households with any usual member having a bank account/post office account (%),96.4,98.0,97.3,96.6
Tamil Nadu,115,9,Female population age 6 years and above who ever attended school (%),86.1,75.8,80.4,80.4
Tamil Nadu,115,10,Households with any usual female members owning a house and/or land (alone or jointly with,14.3,19.5,17.2,17.2
Tamil Nadu,115,11,Children age 2-4 years who attended pre -school (%),63.7,66.5,65.3,46.1
Tamil Nadu,115,12,Women with 10 or more years of schooling (%),70.7,59.2,64.2,56.6
Tamil Nadu,115,13,Men with 10 or more years of schooling (%),72.8,66.2,69.2,59.1
Tamil Nadu,115,14,Women who have ever used the internet (%),67.9,52.8,59.5,46.9
Tamil Nadu,115,15,Men who have ever used the internet (%),84.0,80.0,81.8,70.2
Tamil Nadu,115,16,Women age 20-24 years married before age 18 years (%),9.2,11.5,10.5,12.8
Tamil Nadu,115,17,Men age 25-29 years married before age 21 years (%),2.4,4.6,3.7,4.5
Tamil Nadu,115,18,Total fertility rate (children per woman),1.6,1.8,1.7,1.8
Tamil Nadu,115,19,Women age 15-19 years who were already mothers or pregnant at the time of the survey (%),2.4,5.4,4.1,6.3
Tamil Nadu,115,20,Any method2 (%),67.4,69.4,68.5,68.6
Tamil Nadu,115,21,Any modern method2 (%),63.7,66.2,65.1,65.5
Tamil Nadu,115,22,Any traditional method (%),3.7,3.2,3.4,3.1
Tamil Nadu,115,23,Female sterilization (%),54.5,58.2,56.6,57.8
Tamil Nadu,115,24,Male sterilization (%),0.1,0.1,0.1,0.1
Tamil Nadu,115,25,Total unmet need3 (%),6.4,6.4,6.4,7.5
Tamil Nadu,115,26,Unmet need for spacing3 (%),3.2,3.5,3.4,3.0
Tamil Nadu,115,27,Unmet need for limiting3 (%),3.2,2.9,3.0,4.5
Tamil Nadu,115,28,Mothers who had an antenatal check -up in the first trimester (%),70.6,71.7,71.2,77.4
Tamil Nadu,115,29,Mothers who had any antenatal care visits (%),91.7,92.5,92.2,95.8
Tamil Nadu,115,30,Mothers who had at least 4 antenatal care visits (%),86.2,88.6,87.6,90.6
Tamil Nadu,115,31,Mothers whose last birth was protected against neonatal tetanus 4 (%),86.8,89.3,88.2,89.7
Tamil Nadu,115,32,Mothers who consumed iron folic acid for 100 days or more when they were pregnant (%),82.4,82.0,82.1,82.5
Tamil Nadu,115,33,Mothers who consumed iron folic acid for 180 days or more when they were pregnant (%),65.7,63.7,64.5,63.1
Tamil Nadu,115,34,Registered pregnancies for which the mother received a Mother and Child Protection (MCP),98.2,99.7,99.1,98.8
Tamil Nadu,115,35,Institutional births (%),99.8,99.6,99.7,99.6
Tamil Nadu,115,36,Institutional births in public facility (%),54.2,70.2,63.6,66.9
Tamil Nadu,115,37,Births attended by skilled health personne5 (%),99.7,99.7,99.7,99.8
Tamil Nadu,115,38,Births delivered by caesarean section (%),47.8,46.3,46.9,44.9
Tamil Nadu,115,39,Births in a private health facility that were delivered by caesarean section (%),58.6,62.1,60.3,63.8
Tamil Nadu,115,40,Births in a public health facility that were delivered by caesarean section (%),38.9,40.0,39.6,36.0
Tamil Nadu,116,41,Mothers who received postnatal care from a doctor/nurse/LHV/ANM/midwife/other health,89.8,91.0,90.5,93.2
Tamil Nadu,116,42,Children born at home who were taken to a health facility for a check -up within 24 hours of,*,*,*,*
Tamil Nadu,116,43,Children who received postnatal care from a doctor/nurse/LHV/ANM/midwife/ other health,91.6,93.5,92.7,94.9
Tamil Nadu,116,44,Children age 12-23 months fully vaccinated based on information from either vaccination card,84.8,93.7,90.0,89.4
Tamil Nadu,116,45,Children age 12-23 months fully vaccinated based on information from vaccination card,86.7,91.8,89.7,90.4
Tamil Nadu,116,46,Children age 12-23 months who have received any vaccine (%),95.1,96.9,96.2,98.5
Tamil Nadu,116,47,Children age 12-23 months who have received BCG (%),92.4,96.8,95.0,97.6
Tamil Nadu,116,48,Children age 12-23 months who have received 3 doses of polio vaccine 8 (%),88.6,94.5,92.1,91.5
Tamil Nadu,116,49,Children age 12-23 months who have received 3 doses of pentavalent vaccine (%),90.1,94.8,92.8,94.9
Tamil Nadu,116,50,Children age 12-23 months who have received the first dose of measles -containing,93.4,95.2,94.5,95.8
Tamil Nadu,116,51,Children age 24-35 months who have received a second dose of measles -containing,74.3,76.4,75.6,75.0
Tamil Nadu,116,52,Children age 12-23 months who have received birth dose of hepatitis B vaccine (%),87.8,92.6,90.6,84.9
Tamil Nadu,116,53,Children age 12-23 months who have received 3 doses of rotavirus vaccine (%),87.3,87.6,87.4,66.4
Tamil Nadu,116,54,Children age 9-35 months who received a vitamin A dose in the last 6 months (%),69.9,72.4,71.4,68.2
Tamil Nadu,116,55,Children age 12-23 months who received most of their vaccinations in a public health,86.1,95.2,91.5,89.8
Tamil Nadu,116,56,Children age 12-23 months who received most of their vaccinations in a private health,13.5,4.6,8.2,10.1
Tamil Nadu,116,57,Prevalence of diarrhoea in the 2 weeks preceding the survey (%),4.4,5.6,5.1,3.7
Tamil Nadu,116,58,Prevalence of severe diarrhoea in the 2 weeks preceding the survey (%),0.2,0.3,0.3,0.1
Tamil Nadu,116,59,Prevalence of symptoms of acute respiratory infection (ARI) in the 2 weeks preceding the,0.3,0.9,0.6,1.1
Tamil Nadu,116,60,Children with fever or symptoms of ARI in the 2 weeks preceding the survey taken to a health,71.4,73.5,72.7,67.4
Tamil Nadu,116,61,Children under age 3 years breastfed within one hour of birth 9 (%),55.5,54.3,54.8,60.2
Tamil Nadu,116,62,Children under age 6 months exclusively breastfed 10 (%),50.4,58.8,55.6,55.1
Tamil Nadu,116,63,Children under age 6 months currently breastfeeding10 (%),95.7,95.7,95.7,96.9
Tamil Nadu,116,64,Children under age 6 months exclusively breastfed or breastfeeding and consuming plain,78.0,82.4,80.7,80.0
Tamil Nadu,116,65,Children age 6-8 months receiving solid or semi-solid food and breastmilk10 (%),60.0,68.9,65.2,66.5
Tamil Nadu,116,66,"Breastfeeding children age 6 -23 months receiving an adequate diet 10, 11 (%)",19.1,16.0,17.3,12.6
Tamil Nadu,116,67,"Non-breastfeeding children age 6 -23 months receiving an adequate diet 10, 11 (%)",29.0,25.3,26.9,22.8
Tamil Nadu,116,68,"Total children age 6-23 months receiving an adequate diet 10, 11 (%)",22.6,19.1,20.6,15.8
Tamil Nadu,116,69,Children under 5 years who are stunted (height -for-age)12 (%),20.2,21.0,20.7,25.0
Tamil Nadu,116,70,Children under 5 years who are wasted (weight-for-height)12 (%),17.9,17.1,17.4,14.6
Tamil Nadu,116,71,Children under 5 years who are severely wasted (weight -for-height)13 (%),5.7,4.3,4.9,5.5
Tamil Nadu,116,72,Children under 5 years who are underweight (weight -for-age)12 (%),22.5,23.6,23.2,22.0
Tamil Nadu,116,73,Children under 5 years who are overweight (weight -for-height)14 (%),2.6,1.9,2.2,4.3
Tamil Nadu,117,74,Women whose Body Mass Index (BMI) is below normal (BMI <18.5 kg/m 2)15 (%),9.7,14.0,12.1,12.6
Tamil Nadu,117,75,Men whose Body Mass Index (BMI) is below normal (BMI <18.5 kg/m 2) (%),10.3,16.0,13.4,12.1
Tamil Nadu,117,76,Women who are overweight or obese (BMI ≥25.0 kg/m 2)15 (%),49.1,40.4,44.2,40.5
Tamil Nadu,117,77,Men who are overweight or obese (BMI ≥25.0 kg/m 2) (%),42.6,35.7,38.8,37.1
Tamil Nadu,117,78,Blood sugar level - high (141-160 mg/dl)20 (%),9.1,8.1,8.5,7.5
Tamil Nadu,117,79,Blood sugar level - very high (>160 mg/dl)20 (%),15.9,12.6,14.0,11.1
Tamil Nadu,117,80,Blood sugar level - high or very high (>140 mg/dl) or taking medicine to control blood,27.9,23.0,25.2,20.7
Tamil Nadu,117,81,Blood sugar level - high (141-160 mg/dl)20 (%),9.2,9.1,9.1,8.1
Tamil Nadu,117,82,Blood sugar level - very high (>160 mg/dl) 20 (%),16.6,14.1,15.3,11.9
Tamil Nadu,117,83,Blood sugar level - high or very high (>140 mg/dl) or taking medicine to control blood,28.4,25.3,26.7,22.1
Tamil Nadu,117,84,Mildly elevated blood pressure (Systolic 140 -159 mm of Hg and/or,13.4,11.2,12.2,14.3
Tamil Nadu,117,85,Moderately or severely elevated blood pressure (Systolic ≥160 mm of Hg and/or,5.0,4.5,4.7,6.2
Tamil Nadu,117,86,Elevated blood pressure (Systolic ≥140 mm of Hg and/or Diastolic ≥90 mm of Hg) or taking,27.1,22.0,24.2,24.8
Tamil Nadu,117,87,Mildly elevated blood pressure (Systolic 140 -159 mm of Hg and/or,17.2,16.0,16.5,19.5
Tamil Nadu,117,88,Moderately or severely elevated blood pressure (Systolic ≥160 mm of Hg and/or,3.5,3.3,3.4,7.4
Tamil Nadu,117,89,Elevated blood pressure (Systolic ≥140 mm of Hg and/or Diastolic ≥90 mm of Hg) or taking,29.6,27.0,28.2,30.2
Tamil Nadu,117,90,Currently married women who usually participate in three household decisions 22 (%),91.6,91.2,91.4,92.8
Tamil Nadu,117,91,Women who worked in the last 12 months and were paid in cash (%),39.0,55.0,48.0,40.8
Tamil Nadu,117,92,Women having a bank or savings account that they themselves use (%),90.0,90.0,90.0,92.2
Tamil Nadu,117,93,Women having a mobile phone that they themselves use (%),83.4,71.6,76.8,74.6
Tamil Nadu,117,94,Women age 15-24 years who use hygienic methods of protection during their menstrual,98.2,97.4,97.7,98.4
Tamil Nadu,117,95,Ever-married women age 18-49 years who have ever experienced spousal violence 24 (%),23.9,32.4,28.5,38.1
Tamil Nadu,117,96,Ever-married women age 18-49 years who have experienced physical violence during any,3.0,3.0,3.0,3.3
Tamil Nadu,117,97,Young women age 18-29 years who experienced sexual violence by age 18 (%),0.0,0.2,0.1,0.0
Tamil Nadu,117,98,Women age 15 years and above who use any kind of tobacco (%),2.8,6.5,4.8,4.9
Tamil Nadu,117,99,Men age 15 years and above who use any kind of tobacco (%),15.0,20.0,17.7,20.0
Tamil Nadu,117,100,Women age 15 years and above who consume alcohol (%),0.3,0.4,0.3,0.3
Tamil Nadu,117,101,Men age 15 years and above who consume alcohol (%),19.7,26.7,23.5,25.3
Telangana,119,1,Population below age 5 years (%),7.0,7.1,7.1,7.5
Telangana,119,2,Population below age 15 years (%),22.2,20.9,21.3,22.5
Telangana,119,3,Population age 60 years and above (%),11.9,14.9,14.1,12.7
Telangana,119,4,Population living in households with electricity (%),99.5,98.3,98.6,99.6
Telangana,119,5,Population living in households with an improved drinking -water source1 (%),98.4,98.1,98.2,98.7
Telangana,119,6,Households using iodized salt (%),98.9,98.7,98.7,95.8
Telangana,119,7,Households with any usual member covered under a health insurance/financing scheme (%),75.0,84.7,82.2,69.2
Telangana,119,8,Households with any usual member having a bank account/post office account (%),96.9,99.1,98.5,96.9
Telangana,119,9,Female population age 6 years and above who ever attended school (%),76.0,54.5,60.2,60.9
Telangana,119,10,Households with any usual female members owning a house and/or land (alone or jointly with,24.0,33.5,31.1,22.3
Telangana,119,11,Children age 2-4 years who attended pre-school (%),62.1,68.0,66.4,69.0
Telangana,119,12,Women with 10 or more years of schooling (%),66.5,45.2,51.1,45.5
Telangana,119,13,Men with 10 or more years of schooling (%),74.0,61.5,65.0,61.2
Telangana,119,14,Women who have ever used the internet (%),80.3,58.9,64.8,26.5
Telangana,119,15,Men who have ever used the internet (%),92.4,85.4,87.3,50.0
Telangana,119,16,Women age 20-24 years married before age 18 years (%),12.9,19.6,17.9,23.5
Telangana,119,17,Men age 25-29 years married before age 21 years (%),3.0,6.7,5.7,16.3
Telangana,119,18,Total fertility rate (children per woman),1.7,1.9,1.9,1.8
Telangana,119,19,Women age 15-19 years who were already mothers or pregnant at the time of the survey (%),2.7,7.2,6.0,5.8
Telangana,119,20,Any method2 (%),66.8,69.5,68.8,68.1
Telangana,119,21,Any modern method2 (%),65.1,68.6,67.6,66.7
Telangana,119,22,Any traditional method (%),1.7,0.9,1.2,1.4
Telangana,119,23,Female sterilization (%),58.8,63.8,62.5,61.9
Telangana,119,24,Male sterilization (%),3.4,3.7,3.6,2.0
Telangana,119,25,Total unmet need3 (%),6.7,7.1,7.0,6.4
Telangana,119,26,Unmet need for spacing3 (%),3.8,3.8,3.8,2.8
Telangana,119,27,Unmet need for limiting3 (%),2.9,3.3,3.2,3.6
Telangana,119,28,Mothers who had an antenatal check -up in the first trimester (%),90.1,89.4,89.6,88.5
Telangana,119,29,Mothers who had any antenatal care visits (%),99.0,99.2,99.2,99.1
Telangana,119,30,Mothers who had at least 4 antenatal care visits (%),82.6,79.5,80.3,70.4
Telangana,119,31,Mothers whose last birth was protected against neonatal tetanus 4 (%),94.3,94.3,94.3,89.6
Telangana,119,32,Mothers who consumed iron folic acid for 100 days or more when they were pregnant (%),83.1,80.2,81.0,57.9
Telangana,119,33,Mothers who consumed iron folic acid for 180 days or more when they were pregnant (%),57.7,54.9,55.7,34.4
Telangana,119,34,Registered pregnancies for which the mother received a Mother and Child Protection (MCP),97.1,99.2,98.6,96.7
Telangana,119,35,Institutional births (%),99.1,98.6,98.8,97.0
Telangana,119,36,Institutional births in public facility (%),42.6,62.8,57.5,49.7
Telangana,119,37,Births attended by skilled health personnel5 (%),98.0,97.6,97.7,93.6
Telangana,119,38,Births delivered by caesarean section (%),70.1,59.5,62.2,60.7
Telangana,119,39,Births in a private health facility that were delivered by caesarean section (%),82.9,84.4,83.9,81.5
Telangana,119,40,Births in a public health facility that were delivered by caesarean section (%),54.5,46.5,48.1,44.5
Telangana,120,41,Mothers who received postnatal care from a doctor/nurse/LHV/ANM/midwife/other health,92.4,92.2,92.3,87.6
Telangana,120,42,Children born at home who were taken to a health facility for a check -up within 24 hours of,*,31.7,29.8,15.6
Telangana,120,43,Children who received postnatal care from a doctor/nurse/LHV/ANM/midwife/ other health,92.6,93.1,93.0,90.0
Telangana,120,44,Children age 12-23 months fully vaccinated based on information from either vaccination card,77.7,82.2,80.9,79.1
Telangana,120,45,Children age 12-23 months fully vaccinated based on information from vaccination card,86.6,88.3,87.9,87.4
Telangana,120,46,Children age 12-23 months who have received any vaccine (%),96.6,95.8,96.0,94.6
Telangana,120,47,Children age 12-23 months who have received BCG (%),96.4,94.6,95.1,93.5
Telangana,120,48,Children age 12-23 months who have received 3 doses of polio vaccine 8 (%),79.3,84.8,83.3,81.6
Telangana,120,49,Children age 12-23 months who have received 3 doses of pentavalent vaccine (%),86.8,89.4,88.7,89.3
Telangana,120,50,Children age 12-23 months who have received the first dose of measles -containing,92.5,93.1,92.9,90.6
Telangana,120,51,Children age 24-35 months who have received a second dose of measles -containing,76.1,79.5,78.6,63.1
Telangana,120,52,Children age 12-23 months who have received birth dose of hepatitis B vaccine (%),91.0,88.0,88.9,73.9
Telangana,120,53,Children age 12-23 months who have received 3 doses of rotavirus vaccine (%),65.0,63.3,63.8,5.3
Telangana,120,54,Children age 9-35 months who received a vitamin A dose in the last 6 months (%),90.1,90.6,90.5,72.4
Telangana,120,55,Children age 12-23 months who received most of their vaccinations in a public health,91.8,97.2,95.7,94.1
Telangana,120,56,Children age 12-23 months who received most of their vaccinations in a private health,7.8,0.7,2.6,4.5
Telangana,120,57,Prevalence of diarrhoea in the 2 weeks preceding the survey (%),4.6,4.5,4.5,7.4
Telangana,120,58,Prevalence of severe diarrhoea in the 2 weeks preceding the survey (%),0.3,0.3,0.3,0.6
Telangana,120,59,Prevalence of symptoms of acute respiratory infection (ARI) in the 2 weeks preceding the,0.5,0.4,0.4,2.2
Telangana,120,60,Children with fever or symptoms of ARI in the 2 weeks preceding the survey taken to a health,54.4,68.8,65.5,74.8
Telangana,120,61,Children under age 3 years breastfed within one hour of birth 9 (%),57.4,57.0,57.1,37.1
Telangana,120,62,Children under age 6 months exclusively breastfed 10 (%),57.1,67.1,64.8,68.2
Telangana,120,63,Children under age 6 months currently breastfeeding 10 (%),89.1,96.3,94.6,95.8
Telangana,120,64,Children under age 6 months exclusively breastfed or breastfeeding and consuming plain,73.1,82.3,80.2,81.4
Telangana,120,65,Children age 6-8 months receiving solid or semi-solid food and breastmilk10 (%),71.2,65.3,66.7,51.3
Telangana,120,66,"Breastfeeding children age 6 -23 months receiving an adequate diet 10, 11 (%)",14.2,16.3,15.8,8.2
Telangana,120,67,"Non-breastfeeding children age 6 -23 months receiving an adequate diet 10, 11 (%)",12.1,12.5,12.4,14.8
Telangana,120,68,"Total children age 6-23 months receiving an adequate diet 10, 11 (%)",13.8,15.8,15.3,9.0
Telangana,120,69,Children under 5 years who are stunted (height -for-age)12 (%),22.3,28.6,27.0,33.1
Telangana,120,70,Children under 5 years who are wasted (weight-for-height)12 (%),15.2,17.4,16.9,21.7
Telangana,120,71,Children under 5 years who are severely wasted (weight -for-height)13 (%),3.4,4.1,3.9,8.5
Telangana,120,72,Children under 5 years who are underweight (weight -for-age)12 (%),24.3,28.9,27.8,31.8
Telangana,120,73,Children under 5 years who are overweight (weight -for-height)14 (%),1.9,0.9,1.2,3.4
Telangana,121,74,Women whose Body Mass Index (BMI) is below normal (BMI <18.5 kg/m 2)15 (%),12.7,19.5,17.7,18.8
Telangana,121,75,Men whose Body Mass Index (BMI) is below normal (BMI <18.5 kg/m 2) (%),13.5,15.4,14.9,16.3
Telangana,121,76,Women who are overweight or obese (BMI ≥25.0 kg/m 2)15 (%),48.7,31.7,36.3,30.1
Telangana,121,77,Men who are overweight or obese (BMI ≥25.0 kg/m 2) (%),45.7,31.8,35.5,32.4
Telangana,121,78,Blood sugar level - high (141-160 mg/dl)16 (%),7.8,7.9,7.9,5.8
Telangana,121,79,Blood sugar level - very high (>160 mg/dl)16 (%),12.3,9.3,10.0,7.0
Telangana,121,80,Blood sugar level - high or very high (>140 mg/dl) or taking medicine to control blood,22.6,18.6,19.6,14.7
Telangana,121,81,Blood sugar level - high (141-160 mg/dl)16 (%),9.5,8.8,9.0,6.9
Telangana,121,82,Blood sugar level - very high (>160 mg/dl)16 (%),16.1,12.5,13.3,9.3
Telangana,121,83,Blood sugar level - high or very high (>140 mg/dl) or taking medicine to control blood,28.9,23.1,24.5,18.1
Telangana,121,84,Mildly elevated blood pressure (Systolic 140 -159 mm of Hg and/or,9.5,9.6,9.6,13.6
Telangana,121,85,Moderately or severely elevated blood pressure (Systolic ≥160 mm of Hg,5.3,5.5,5.4,6.3
Telangana,121,86,Elevated blood pressure (Systolic ≥140 mm of Hg and/or Diastolic ≥90 mm of Hg) or taking,26.7,23.4,24.2,26.1
Telangana,121,87,Mildly elevated blood pressure (Systolic 140-159 mm of Hg and/or,13.2,12.9,12.9,18.5
Telangana,121,88,Moderately or severely elevated blood pressure (Systolic ≥160 mm of Hg and/or,3.6,3.4,3.5,8.1
Telangana,121,89,Elevated blood pressure (Systolic ≥140 mm of Hg and/or Diastolic ≥90 mm of Hg) or taking,32.3,26.9,28.2,31.4
Telangana,121,90,Currently married women who usually participate in three household decisions 17 (%),88.4,90.5,89.9,87.2
Telangana,121,91,Women who worked in the last 12 months and were paid in cash (%),40.1,58.3,53.2,45.1
Telangana,121,92,Women having a bank or savings account that they themselves use (%),92.6,92.2,92.3,84.4
Telangana,121,93,Women having a mobile phone that they themselves use (%),80.5,60.2,65.8,60.0
Telangana,121,94,Women age 15-24 years who use hygienic methods of protection during their menstrual,97.2,94.6,95.3,93.4
Telangana,121,95,Ever-married women age 18-49 years who have ever experienced spousal violence 19 (%),24.8,33.0,30.8,37.2
Telangana,121,96,Ever-married women age 18-49 years who have experienced physical violence during any,2.2,2.8,2.7,4.0
Telangana,121,97,Young women age 18-29 years who experienced sexual violence by age 18 (%),0.4,0.6,0.6,0.8
Telangana,121,98,Women age 15 years and above who use any kind of tobacco (%),2.5,7.1,5.9,5.6
Telangana,121,99,Men age 15 years and above who use any kind of tobacco (%),14.7,23.4,21.1,22.3
Telangana,121,100,Women age 15 years and above who consume alcohol (%),2.8,8.6,7.1,6.7
Telangana,121,101,Men age 15 years and above who consume alcohol (%),36.3,46.6,43.9,43.4
Tripura,123,1,Population below age 5 years (%),4.6,7.4,6.8,7.3
Tripura,123,2,Population below age 15 years (%),16.0,23.1,21.6,23.7
Tripura,123,3,Population age 60 years and above (%),16.6,13.4,14.1,11.2
Tripura,123,4,Population living in households with electricity (%),99.4,98.2,98.5,98.2
Tripura,123,5,Population living in households with an improved drinking-water source1 (%),99.6,90.4,92.3,88.0
Tripura,123,6,Households using iodized salt (%),98.9,98.6,98.6,99.5
Tripura,123,7,Households with any usual member covered under a health insurance/financing scheme (%),55.2,56.8,56.5,36.4
Tripura,123,8,Households with any usual member having a bank account/post office account (%),98.8,99.0,99.0,96.6
Tripura,123,9,Female population age 6 years and above who ever attended school (%),92.2,81.3,83.6,81.8
Tripura,123,10,Households with any usual female members owning a house and/or land (alone or jointly with,18.1,17.6,17.7,9.8
Tripura,123,11,Children age 2-4 years who attended pre -school (%),72.9,64.9,66.2,55.4
Tripura,123,12,Women with 10 or more years of schooling (%),53.9,27.3,32.9,23.2
Tripura,123,13,Men with 10 or more years of schooling (%),57.9,32.1,37.9,29.4
Tripura,123,14,Women who have ever used the internet (%),68.1,43.7,48.8,22.9
Tripura,123,15,Men who have ever used the internet (%),83.2,68.6,71.9,41.7
Tripura,123,16,Women age 20-24 years married before age 18 years (%),18.6,37.5,34.0,40.1
Tripura,123,17,Men age 25-29 years married before age 21 years (%),(0.0),22.9,16.5,20.4
Tripura,123,18,Total fertility rate (children per woman),1.1,1.8,1.7,1.7
Tripura,123,19,Women age 15-19 years who were already mothers or pregnant at the time of the survey (%),7.4,20.7,18.0,21.9
Tripura,123,20,Any method2 (%),76.3,69.8,71.0,71.2
Tripura,123,21,Any modern method2 (%),37.7,40.5,40.0,49.1
Tripura,123,22,Any traditional method (%),38.6,29.3,31.0,22.1
Tripura,123,23,Female sterilization (%),15.6,10.6,11.6,10.5
Tripura,123,24,Male sterilization (%),0.1,0.1,0.1,0.0
Tripura,123,25,Total unmet need3 (%),5.3,9.3,8.5,8.2
Tripura,123,26,Unmet need for spacing3 (%),2.1,3.9,3.5,2.5
Tripura,123,27,Unmet need for limiting3 (%),3.2,5.4,5.0,5.7
Tripura,123,28,Mothers who had an antenatal check -up in the first trimester (%),84.1,64.8,67.6,63.2
Tripura,123,29,Mothers who had any antenatal care visits (%),95.9,89.1,90.1,82.7
Tripura,123,30,Mothers who had at least 4 antenatal care visits (%),73.5,45.4,49.6,55.2
Tripura,123,31,Mothers whose last birth was protected against neonatal tetanus 4 (%),95.8,94.8,95.0,94.9
Tripura,123,32,Mothers who consumed iron folic acid for 100 days or more when they were pregnant (%),64.6,39.7,43.4,26.6
Tripura,123,33,Mothers who consumed iron folic acid for 180 days or more when they were pregnant (%),39.6,21.7,24.3,8.9
Tripura,123,34,Registered pregnancies for which the mother received a Mother and Child Protection (MCP),96.3,96.0,96.1,93.0
Tripura,123,35,Institutional births (%),95.1,88.1,89.1,89.2
Tripura,123,36,Institutional births in public facility (%),66.9,75.8,74.6,78.7
Tripura,123,37,Births attended by skilled health personnel5 (%),98.2,90.0,91.2,89.2
Tripura,123,38,Births delivered by caesarean section (%),58.6,25.5,30.1,25.1
Tripura,123,39,Births in a private health facility that were delivered by caesarean section (%),93.0,72.8,78.3,69.3
Tripura,123,40,Births in a public health facility that were delivered by caesarean section (%),48.5,21.8,25.1,22.7
Tripura,124,41,Mothers who received postnatal care from a doctor/nurse/LHV/ANM/midwife/other health,75.7,66.8,68.1,71.9
Tripura,124,42,Children born at home who were taken to a health facility for a check -up within 24 hours of,*,4.7,4.6,3.6
Tripura,124,43,Children who received postnatal care from a doctor/nurse/LHV/ANM/midwife/ other health,81.1,71.0,72.5,72.8
Tripura,124,44,Children age 12-23 months fully vaccinated based on information from either vaccination card,89.0,72.1,74.4,69.5
Tripura,124,45,Children age 12-23 months fully vaccinated based on information from vaccination card,92.2,87.0,87.8,77.1
Tripura,124,46,Children age 12-23 months who have received any vaccine (%),96.5,88.2,89.3,98.1
Tripura,124,47,Children age 12-23 months who have received BCG (%),96.5,85.6,87.0,94.7
Tripura,124,48,Children age 12-23 months who have received 3 doses of polio vaccine 8 (%),90.1,76.4,78.2,73.4
Tripura,124,49,Children age 12-23 months who have received 3 doses of pentavalent vaccine (%),93.7,77.9,80.0,85.9
Tripura,124,50,Children age 12-23 months who have received the first dose of measles -containing,94.9,80.8,82.7,86.3
Tripura,124,51,Children age 24-35 months who have received a second dose of measles -containing,(77.3),59.8,62.0,49.5
Tripura,124,52,Children age 12-23 months who have received birth dose of hepatitis B vaccine (%),89.0,72.8,75.0,61.2
Tripura,124,53,Children age 12-23 months who have received 3 doses of rotavirus vaccine (%),91.6,78.2,79.9,59.6
Tripura,124,54,Children age 9-35 months who received a vitamin A dose in the last 6 months (%),93.9,75.8,78.0,70.4
Tripura,124,55,Children age 12-23 months who received most of their vaccinations in a public health,94.8,99.2,98.6,97.3
Tripura,124,56,Children age 12-23 months who received most of their vaccinations in a private health,5.2,0.6,1.2,1.4
Tripura,124,57,Prevalence of diarrhoea in the 2 weeks preceding the survey (%),1.0,4.5,4.0,6.2
Tripura,124,58,Prevalence of severe diarrhoea in the 2 weeks preceding the survey (%),0.5,0.3,0.4,0.4
Tripura,124,59,Prevalence of symptoms of acute respiratory infection (ARI) in the 2 weeks preceding the,0.3,1.4,1.3,1.3
Tripura,124,60,Children with fever or symptoms of ARI in the 2 weeks preceding the survey taken to a health,(59.5),63.4,62.9,64.2
Tripura,124,61,Children under age 3 years breastfed within one hour of birth 9 (%),44.7,62.2,59.9,36.4
Tripura,124,62,Children under age 6 months exclusively breastfed 10 (%),*,53.9,53.4,62.1
Tripura,124,63,Children under age 6 months currently breastfeeding 10 (%),*,94.1,93.3,96.9
Tripura,124,64,Children under age 6 months exclusively breastfed or breastfeeding and consuming plain,*,81.4,82.3,84.6
Tripura,124,65,Children age 6-8 months receiving solid or semi -solid food and breastmilk10 (%),*,51.4,50.8,53.1
Tripura,124,66,"Breastfeeding children age 6 -23 months receiving an adequate diet 10, 11 (%)",23.4,14.7,15.7,12.8
Tripura,124,67,"Non-breastfeeding children age 6 -23 months receiving an adequate diet 10, 11 (%)",*,*,(20.0),(16.3)
Tripura,124,68,"Total children age 6-23 months receiving an adequate diet 10, 11 (%)",23.6,14.8,15.9,13.0
Tripura,124,69,Children under 5 years who are stunted (height -for-age)12 (%),18.5,22.4,21.9,32.3
Tripura,124,70,Children under 5 years who are wasted (weight -for-height)12 (%),16.9,18.7,18.4,18.2
Tripura,124,71,Children under 5 years who are severely wasted (weight -for-height)13 (%),3.6,5.2,5.0,7.3
Tripura,124,72,Children under 5 years who are underweight (weight -for-age)12 (%),23.7,26.0,25.7,25.6
Tripura,124,73,Children under 5 years who are overweight (weight -for-height)14 (%),4.6,2.5,2.8,8.2
Tripura,125,74,Women whose Body Mass Index (BMI) is below normal (BMI <18.5 kg/m 2)15 (%),13.0,19.2,17.9,16.2
Tripura,125,75,Men whose Body Mass Index (BMI) is below normal (BMI <18.5 kg/m 2) (%),14.1,19.8,18.5,12.4
Tripura,125,76,Women who are overweight or obese (BMI ≥25.0 kg/m 2)15 (%),37.9,23.2,26.2,21.6
Tripura,125,77,Men who are overweight or obese (BMI ≥25.0 kg/m 2) (%),33.2,20.1,23.0,23.5
Tripura,125,78,Blood sugar level - high (141-160 mg/dl)16 (%),9.3,8.3,8.6,8.8
Tripura,125,79,Blood sugar level - very high (>160 mg/dl)16 (%),14.5,9.0,10.2,8.0
Tripura,125,80,Blood sugar level - high or very high (>140 mg/dl) or taking medicine to control blood,25.8,17.9,19.6,17.7
Tripura,125,81,Blood sugar level - high (141-160 mg/dl)16 (%),9.9,11.0,10.7,9.3
Tripura,125,82,Blood sugar level - very high (>160 mg/dl)16 (%),18.8,11.9,13.4,8.9
Tripura,125,83,Blood sugar level - high or very high (>140 mg/dl) or taking medicine to control blood,30.6,23.5,25.1,19.3
Tripura,125,84,Mildly elevated blood pressure (Systolic 140 -159 mm of Hg and/or,9.3,9.0,9.1,11.0
Tripura,125,85,Moderately or severely elevated blood pressure (Systolic ≥160 mm of Hg and/or,4.3,4.4,4.4,5.0
Tripura,125,86,Elevated blood pressure (Systolic ≥140 mm of Hg and/or Diastolic ≥90 mm of Hg) or taking,26.8,18.1,20.0,20.8
Tripura,125,87,Mildly elevated blood pressure (Systolic 140 -159 mm of Hg and/or,13.9,12.7,13.0,13.4
Tripura,125,88,Moderately or severely elevated blood pressure (Systolic ≥160 mm of Hg and/or,3.4,3.2,3.3,5.2
Tripura,125,89,Elevated blood pressure (Systolic ≥140 mm of Hg and/or Diastolic ≥90 mm of Hg) or taking,31.6,22.4,24.5,22.7
Tripura,125,90,Currently married women who usually participate in three household decisions 17 (%),96.2,96.3,96.3,90.9
Tripura,125,91,Women who worked in the last 12 months and were paid in cash (%),21.1,25.4,24.5,23.1
Tripura,125,92,Women having a bank or savings account that they themselves use (%),91.6,91.5,91.6,76.9
Tripura,125,93,Women having a mobile phone that they themselves use (%),79.5,61.7,65.5,53.1
Tripura,125,94,Women age 15-24 years who use hygienic methods of protection during their menstrual,95.6,80.0,83.0,69.1
Tripura,125,95,Ever-married women age 18-49 years who have ever experienced spousal violence19 (%),11.7,21.2,19.1,20.7
Tripura,125,96,Ever-married women age 18-49 years who have experienced physical violence during any,4.2,1.9,2.4,2.1
Tripura,125,97,Young women age 18-29 years who experienced sexual violence by age 18 (%),0.0,0.0,0.0,1.1
Tripura,125,98,Women age 15 years and above who use any kind of tobacco (%),35.7,51.2,47.7,50.5
Tripura,125,99,Men age 15 years and above who use any kind of tobacco (%),39.5,55.8,52.1,57.2
Tripura,125,100,Women age 15 years and above who consume alcohol (%),0.7,7.5,6.0,6.3
Tripura,125,101,Men age 15 years and above who consume alcohol (%),19.3,32.6,29.5,33.2
Uttar Pradesh,127,1,Population below age 5 years (%),7.7,9.9,9.4,9.5
Uttar Pradesh,127,2,Population below age 15 years (%),25.4,31.3,29.9,31.0
Uttar Pradesh,127,3,Population age 60 years and above (%),9.7,10.4,10.3,10.0
Uttar Pradesh,127,4,Population living in households with electricity (%),98.8,94.9,95.8,91.0
Uttar Pradesh,127,5,Population living in households with an improved drinking-water source1 (%),99.8,99.2,99.3,99.2
Uttar Pradesh,127,6,Households using iodized salt (%),92.7,84.6,86.5,92.2
Uttar Pradesh,127,7,Households with any usual member covered under a health insurance/financing scheme (%),37.7,37.0,37.2,15.9
Uttar Pradesh,127,8,Households with any usual member having a bank account/post office account (%),97.1,98.8,98.4,96.6
Uttar Pradesh,127,9,Female population age 6 years and above who ever attended school (%),78.4,67.6,70.1,67.4
Uttar Pradesh,127,10,Households with any usual female members owning a house and/or land (alone or jointly with,20.8,19.8,20.1,12.2
Uttar Pradesh,127,11,Children age 2-4 years who attended pre -school (%),33.9,29.6,30.4,15.1
Uttar Pradesh,127,12,Women with 10 or more years of schooling (%),55.2,38.6,42.5,39.3
Uttar Pradesh,127,13,Men with 10 or more years of schooling (%),53.5,47.4,49.1,48.6
Uttar Pradesh,127,14,Women who have ever used the internet (%),79.0,67.3,70.0,30.6
Uttar Pradesh,127,15,Men who have ever used the internet (%),85.9,79.1,81.0,59.1
Uttar Pradesh,127,16,Women age 20-24 years married before age 18 years (%),8.7,15.1,13.7,15.8
Uttar Pradesh,127,17,Men age 25-29 years married before age 21 years (%),11.1,22.4,19.5,23.0
Uttar Pradesh,127,18,Total fertility rate (children per woman),1.8,2.3,2.2,2.4
Uttar Pradesh,127,19,Women age 15-19 years who were already mothers or pregnant at the time of the survey (%),2.1,3.8,3.5,2.9
Uttar Pradesh,127,20,Any method2 (%),66.1,61.3,62.4,62.4
Uttar Pradesh,127,21,Any modern method2 (%),37.9,31.9,33.2,44.5
Uttar Pradesh,127,22,Any traditional method (%),28.2,29.4,29.1,17.9
Uttar Pradesh,127,23,Female sterilization (%),12.3,18.3,17.0,16.9
Uttar Pradesh,127,24,Male sterilization (%),0.2,0.1,0.1,0.1
Uttar Pradesh,127,25,Total unmet need3 (%),7.3,11.8,10.8,12.8
Uttar Pradesh,127,26,Unmet need for spacing3 (%),3.2,5.3,4.8,4.7
Uttar Pradesh,127,27,Unmet need for limiting3 (%),4.1,6.5,6.0,8.1
Uttar Pradesh,127,28,Mothers who had an antenatal check -up in the first trimester (%),76.2,69.1,70.6,62.5
Uttar Pradesh,127,29,Mothers who had any antenatal care visits (%),96.8,96.9,96.9,94.4
Uttar Pradesh,127,30,Mothers who had at least 4 antenatal care visits (%),58.6,50.0,51.8,42.4
Uttar Pradesh,127,31,Mothers whose last birth was protected against neonatal tetanus 4 (%),93.7,92.8,93.0,92.1
Uttar Pradesh,127,32,Mothers who consumed iron folic acid for 100 days or more when they were pregnant (%),40.7,26.7,29.6,22.3
Uttar Pradesh,127,33,Mothers who consumed iron folic acid for 180 days or more when they were pregnant (%),26.7,15.3,17.7,9.7
Uttar Pradesh,127,34,Registered pregnancies for which the mother received a Mother and Child Protection (MCP),89.3,94.1,93.1,95.7
Uttar Pradesh,127,35,Institutional births (%),86.5,85.8,85.9,83.4
Uttar Pradesh,127,36,Institutional births in public facility (%),36.6,55.3,51.8,57.7
Uttar Pradesh,127,37,Births attended by skilled health personnel5 (%),89.4,87.2,87.6,84.8
Uttar Pradesh,127,38,Births delivered by caesarean section (%),33.6,16.2,19.5,13.7
Uttar Pradesh,127,39,Births in a private health facility that were delivered by caesarean section (%),53.9,44.7,47.3,39.4
Uttar Pradesh,127,40,Births in a public health facility that were delivered by caesarean section (%),18.4,4.6,6.5,6.2
Uttar Pradesh,128,41,Mothers who received postnatal care from a doctor/nurse/LHV/ANM/midwife/other health,81.4,75.4,76.7,72.0
Uttar Pradesh,128,42,Children born at home who were taken to a health facility for a check -up within 24 hours of,3.3,3.2,3.3,2.4
Uttar Pradesh,128,43,Children who received postnatal care from a doctor/nurse/LHV/ANM/midwife/ other health,82.8,77.6,78.7,70.2
Uttar Pradesh,128,44,Children age 12-23 months fully vaccinated based on information from either vaccination card,72.7,83.5,81.4,69.9
Uttar Pradesh,128,45,Children age 12-23 months fully vaccinated based on information from vaccination card,82.6,90.0,88.6,78.4
Uttar Pradesh,128,46,Children age 12-23 months who have received any vaccine (%),94.8,96.2,95.9,95.1
Uttar Pradesh,128,47,Children age 12-23 months who have received BCG (%),92.8,94.7,94.3,93.2
Uttar Pradesh,128,48,Children age 12-23 months who have received 3 doses of polio vaccine 8 (%),76.2,86.6,84.5,74.3
Uttar Pradesh,128,49,Children age 12-23 months who have received 3 doses of pentavalent vaccine (%),84.4,89.0,88.1,81.3
Uttar Pradesh,128,50,Children age 12-23 months who have received the first dose of measles -containing,87.1,91.2,90.4,83.4
Uttar Pradesh,128,51,Children age 24-35 months who have received a second dose of measles -containing,67.1,74.0,72.6,58.8
Uttar Pradesh,128,52,Children age 12-23 months who have received birth dose of hepatitis B vaccine (%),56.7,57.4,57.3,50.4
Uttar Pradesh,128,53,Children age 12-23 months who have received 3 doses of rotavirus vaccine (%),79.8,87.4,85.9,49.1
Uttar Pradesh,128,54,Children age 9-35 months who received a vitamin A dose in the last 6 months (%),61.3,66.5,65.4,73.9
Uttar Pradesh,128,55,Children age 12-23 months who received most of their vaccinations in a public health,88.1,96.5,94.8,94.4
Uttar Pradesh,128,56,Children age 12-23 months who received most of their vaccinations in a private health,6.0,1.2,2.2,2.2
Uttar Pradesh,128,57,Prevalence of diarrhoea in the 2 weeks preceding the survey (%),11.9,13.2,13.0,5.6
Uttar Pradesh,128,58,Prevalence of severe diarrhoea in the 2 weeks preceding the survey (%),0.9,1.2,1.1,0.5
Uttar Pradesh,128,59,Prevalence of symptoms of acute respiratory infection (ARI) in the 2 weeks preceding the,2.1,2.7,2.6,3.5
Uttar Pradesh,128,60,Children with fever or symptoms of ARI in the 2 weeks preceding the survey taken to a health,75.3,62.4,64.6,63.0
Uttar Pradesh,128,61,Children under age 3 years breastfed within one hour of birth 9 (%),35.2,45.0,43.1,23.9
Uttar Pradesh,128,62,Children under age 6 months exclusively breastfed 10 (%),35.9,34.4,34.6,59.7
Uttar Pradesh,128,63,Children under age 6 months currently breastfeeding 10 (%),88.2,93.3,92.5,93.9
Uttar Pradesh,128,64,Children under age 6 months exclusively breastfed or breastfeeding and consuming plain,85.6,82.4,82.9,82.0
Uttar Pradesh,128,65,Children age 6-8 months receiving solid or semi-solid food and breastmilk10 (%),58.8,59.8,59.6,31.0
Uttar Pradesh,128,66,"Breastfeeding children age 6 -23 months receiving an adequate diet 10, 11 (%)",17.7,18.2,18.1,5.8
Uttar Pradesh,128,67,"Non-breastfeeding children age 6 -23 months receiving an adequate diet10, 11 (%)",12.5,13.5,13.2,6.7
Uttar Pradesh,128,68,"Total children age 6-23 months receiving an adequate diet 10, 11 (%)",16.4,17.3,17.1,5.9
Uttar Pradesh,128,69,Children under 5 years who are stunted (height -for-age)12 (%),28.8,32.1,31.5,39.7
Uttar Pradesh,128,70,Children under 5 years who are wasted (weight-for-height)12 (%),18.7,19.4,19.2,17.3
Uttar Pradesh,128,71,Children under 5 years who are severely wasted (weight -for-height)13 (%),5.5,4.7,4.8,7.3
Uttar Pradesh,128,72,Children under 5 years who are underweight (weight -for-age)12 (%),32.0,35.0,34.5,32.1
Uttar Pradesh,128,73,Children under 5 years who are overweight (weight -for-height)14 (%),0.5,0.5,0.5,3.1
Uttar Pradesh,129,74,Women whose Body Mass Index (BMI) is below normal (BMI <18.5 kg/m 2)15 (%),16.5,23.9,22.2,19.0
Uttar Pradesh,129,75,Men whose Body Mass Index (BMI) is below normal (BMI <18.5 kg/m 2) (%),19.0,25.1,23.5,18.0
Uttar Pradesh,129,76,Women who are overweight or obese (BMI ≥25.0 kg/m 2)19 (%),36.7,23.7,26.7,21.4
Uttar Pradesh,129,77,Men who are overweight or obese (BMI ≥25.0 kg/m 2) (%),29.4,19.1,21.8,18.5
Uttar Pradesh,129,78,Blood sugar level - high (141-160 mg/dl)16 (%),7.8,7.4,7.5,4.7
Uttar Pradesh,129,79,Blood sugar level - very high (>160 mg/dl)16 (%),10.0,7.0,7.6,4.5
Uttar Pradesh,129,80,Blood sugar level - high or very high (>140 mg/dl) or taking medicine to control blood,18.7,14.7,15.5,10.0
Uttar Pradesh,129,81,Blood sugar level - high (141-160 mg/dl)16 (%),9.1,9.5,9.4,5.8
Uttar Pradesh,129,82,Blood sugar level - very high (>160 mg/dl)16 (%),11.2,9.0,9.5,5.0
Uttar Pradesh,129,83,Blood sugar level - high or very high (>140 mg/dl) or taking medicine to control blood,21.3,18.9,19.5,11.6
Uttar Pradesh,129,84,Mildly elevated blood pressure (Systolic 140 -159 mm of Hg and/or,6.0,5.6,5.7,11.5
Uttar Pradesh,129,85,Moderately or severely elevated blood pressure (Systolic ≥160 mm of Hg and/or,3.9,3.6,3.6,4.9
Uttar Pradesh,129,86,Elevated blood pressure (Systolic ≥140 mm of Hg and/or Diastolic ≥90 mm of Hg) or taking,14.6,11.4,12.1,18.3
Uttar Pradesh,129,87,Mildly elevated blood pressure (Systolic 140 -159 mm of Hg and/or,8.6,7.9,8.1,15.2
Uttar Pradesh,129,88,Moderately or severely elevated blood pressure (Systolic ≥160 mm of Hg and/or,2.6,2.3,2.4,5.2
Uttar Pradesh,129,89,Elevated blood pressure (Systolic ≥140 mm of Hg and/or Diastolic ≥90 mm of Hg) or taking,16.3,13.4,14.1,21.7
Uttar Pradesh,129,90,Currently married women who usually participate in three household decisions 17 (%),90.1,84.7,85.9,87.6
Uttar Pradesh,129,91,Women who worked in the last 12 months and were paid in cash (%),23.8,20.2,21.1,15.5
Uttar Pradesh,129,92,Women having a bank or savings account that they themselves use (%),81.0,84.3,83.5,75.4
Uttar Pradesh,129,93,Women having a mobile phone that they themselves use (%),67.1,53.1,56.4,46.5
Uttar Pradesh,129,94,Women age 15-24 years who use hygienic methods of protection during their menstrual,81.7,65.9,69.2,72.9
Uttar Pradesh,129,95,Ever-married women age 18-49 years who have ever experienced spousal violence 19 (%),20.7,30.7,28.5,34.9
Uttar Pradesh,129,96,Ever-married women age 18-49 years who have experienced physical violence during any,3.1,3.9,3.7,3.7
Uttar Pradesh,129,97,Young women age 18-29 years who experienced sexual violence by age 18 (%),0.3,0.6,0.5,0.7
Uttar Pradesh,129,98,Women age 15 years and above who use any kind of tobacco (%),6.7,10.5,9.6,8.5
Uttar Pradesh,129,99,Men age 15 years and above who use any kind of tobacco (%),34.7,48.9,45.2,44.0
Uttar Pradesh,129,100,Women age 15 years and above who consume alcohol (%),0.3,0.3,0.3,0.3
Uttar Pradesh,129,101,Men age 15 years and above who consume alcohol (%),15.2,19.9,18.7,14.5
Uttarakhand,131,1,Population below age 5 years (%),6.8,8.0,7.6,7.8
Uttarakhand,131,2,Population below age 15 years (%),23.3,25.6,24.9,26.3
Uttarakhand,131,3,Population age 60 years and above (%),11.0,13.6,12.8,12.0
Uttarakhand,131,4,Population living in households with electricity (%),99.5,99.2,99.3,99.6
Uttarakhand,131,5,Population living in households with an improved drinking-water source1 (%),99.6,96.3,97.3,95.9
Uttarakhand,131,6,Households using iodized salt (%),94.3,91.5,92.4,93.2
Uttarakhand,131,7,Households with any usual member covered under a health insurance/financing scheme (%),80.5,79.1,79.5,62.5
Uttarakhand,131,8,Households with any usual member having a bank account/post office account (%),98.8,99.0,98.9,96.9
Uttarakhand,131,9,Female population age 6 years and above who ever attended school (%),85.5,74.5,77.7,75.2
Uttarakhand,131,10,Households with any usual female members owning a house and/or land (alone or jointly with,22.0,24.4,23.7,16.5
Uttarakhand,131,11,Children age 2-4 years who attended pre-school (%),58.0,58.1,58.1,40.7
Uttarakhand,131,12,Women with 10 or more years of schooling (%),63.0,53.0,56.1,50.4
Uttarakhand,131,13,Men with 10 or more years of schooling (%),58.8,57.2,57.7,59.8
Uttarakhand,131,14,Women who have ever used the internet (%),85.3,73.1,76.9,45.1
Uttarakhand,131,15,Men who have ever used the internet (%),89.7,85.0,86.7,74.6
Uttarakhand,131,16,Women age 20-24 years married before age 18 years (%),6.6,8.9,8.2,9.8
Uttarakhand,131,17,Men age 25-29 years married before age 21 years (%),(5.7),13.0,10.1,16.6
Uttarakhand,131,18,Total fertility rate (children per woman),1.5,2.0,1.9,1.9
Uttarakhand,131,19,Women age 15-19 years who were already mothers or pregnant at the time of the survey (%),1.7,1.5,1.6,2.4
Uttarakhand,131,20,Any method2 (%),71.6,70.9,71.1,70.8
Uttarakhand,131,21,Any modern method2 (%),48.9,51.0,50.4,57.8
Uttarakhand,131,22,Any traditional method (%),22.7,19.9,20.7,13.0
Uttarakhand,131,23,Female sterilization (%),14.7,27.3,23.6,26.0
Uttarakhand,131,24,Male sterilization (%),0.4,1.0,0.8,0.7
Uttarakhand,131,25,Total unmet need3 (%),7.0,9.8,8.9,8.8
Uttarakhand,131,26,Unmet need for spacing3 (%),2.5,4.2,3.6,3.1
Uttarakhand,131,27,Unmet need for limiting 3 (%),4.5,5.6,5.3,5.7
Uttarakhand,131,28,Mothers who had an antenatal check -up in the first trimester (%),88.5,77.7,80.6,68.8
Uttarakhand,131,29,Mothers who had any antenatal care visits (%),99.4,97.9,98.3,91.8
Uttarakhand,131,30,Mothers who had at least 4 antenatal care visits (%),74.6,65.9,68.3,61.8
Uttarakhand,131,31,Mothers whose last birth was protected against neonatal tetanus 4 (%),97.1,96.6,96.7,93.6
Uttarakhand,131,32,Mothers who consumed iron folic acid for 100 days or more when they were pregnant (%),53.7,39.3,43.3,46.5
Uttarakhand,131,33,Mothers who consumed iron folic acid for 180 days or more when they were pregnant (%),31.3,23.2,25.4,25.0
Uttarakhand,131,34,Registered pregnancies for which the mother received a Mother and Child Protection (MCP),98.1,98.9,98.6,97.1
Uttarakhand,131,35,Institutional births (%),93.6,87.2,88.9,83.2
Uttarakhand,131,36,Institutional births in public facility (%),41.9,52.8,49.9,53.3
Uttarakhand,131,37,Births attended by skilled health personnel5 (%),94.7,88.8,90.3,83.7
Uttarakhand,131,38,Births delivered by caesarean section (%),35.4,22.5,25.9,20.4
Uttarakhand,131,39,Births in a private health facility that were delivered by caesarean section (%),51.1,45.9,47.7,43.3
Uttarakhand,131,40,Births in a public health facility that were delivered by caesarean section (%),21.6,12.7,14.7,14.0
Uttarakhand,132,41,Mothers who received postnatal care from a doctor/nurse/LHV/ANM/midwife/other health,91.5,84.6,86.5,78.0
Uttarakhand,132,42,Children born at home who were taken to a health facility for a check -up within 24 hours of,(5.3),0.5,1.3,3.1
Uttarakhand,132,43,Children who received postnatal care from a doctor/nurse/LHV/ANM/midwife/ other health,92.1,84.7,86.7,78.9
Uttarakhand,132,44,Children age 12-23 months fully vaccinated based on information from either vaccination card,88.2,85.3,86.0,81.1
Uttarakhand,132,45,Children age 12-23 months fully vaccinated based on information from vaccination card,89.6,91.2,90.8,88.6
Uttarakhand,132,46,Children age 12-23 months who have received any vaccine (%),100.0,97.7,98.3,96.4
Uttarakhand,132,47,Children age 12-23 months who have received BCG (%),100.0,97.1,97.9,95.2
Uttarakhand,132,48,Children age 12-23 months who have received 3 doses of polio vaccine 8 (%),88.4,86.6,87.1,84.0
Uttarakhand,132,49,Children age 12-23 months who have received 3 doses of pentavalent vaccine (%),93.8,93.7,93.7,89.7
Uttarakhand,132,50,Children age 12-23 months who have received the first dose of measles -containing,94.8,95.6,95.4,90.9
Uttarakhand,132,51,Children age 24-35 months who have received a second dose of measles -containing,85.9,82.2,83.2,71.3
Uttarakhand,132,52,Children age 12-23 months who have received birth dose of hepatitis B vaccine (%),85.7,77.7,79.7,68.5
Uttarakhand,132,53,Children age 12-23 months who have received 3 doses of rotavirus vaccine (%),94.3,92.2,92.8,32.3
Uttarakhand,132,54,Children age 9-35 months who received a vitamin A dose in the last 6 months (%),54.9,61.7,59.9,53.7
Uttarakhand,132,55,Children age 12-23 months who received most of their vaccinations in a public health,88.2,97.6,95.2,95.3
Uttarakhand,132,56,Children age 12-23 months who received most of their vaccinations in a private health,6.9,1.1,2.6,3.0
Uttarakhand,132,57,Prevalence of diarrhoea in the 2 weeks preceding the survey (%),12.2,9.2,10.0,4.4
Uttarakhand,132,58,Prevalence of severe diarrhoea in the 2 weeks preceding the survey (%),1.9,0.7,1.1,0.2
Uttarakhand,132,59,Prevalence of symptoms of acute respiratory infection (ARI) in the 2 weeks preceding the,2.4,3.1,2.9,2.3
Uttarakhand,132,60,Children with fever or symptoms of ARI in the 2 weeks preceding the survey taken to a health,81.3,72.5,74.8,71.0
Uttarakhand,132,61,Children under age 3 years breastfed within one hour of birth 9 (%),32.6,38.7,37.1,41.3
Uttarakhand,132,62,Children under age 6 months exclusively breastfed 10 (%),29.5,44.3,40.8,52.5
Uttarakhand,132,63,Children under age 6 months currently breastfeeding10 (%),89.9,86.6,87.4,90.2
Uttarakhand,132,64,Children under age 6 months exclusively breastfed or breastfeeding and consuming plain,88.8,83.2,84.6,83.3
Uttarakhand,132,65,Children age 6-8 months receiving solid or semi -solid food and breastmilk10 (%),(66.9),66.5,66.6,50.6
Uttarakhand,132,66,"Breastfeeding children age 6 -23 months receiving an adequate diet 10, 11 (%)",18.7,19.4,19.3,12.7
Uttarakhand,132,67,"Non-breastfeeding children age 6 -23 months receiving an adequate diet 10, 11 (%)",(24.0),16.8,19.0,10.3
Uttarakhand,132,68,"Total children age 6-23 months receiving an adequate diet 10, 11 (%)",20.2,18.9,19.2,12.2
Uttarakhand,132,69,Children under 5 years who are stunted (height -for-age)12 (%),17.7,20.7,20.0,27.0
Uttarakhand,132,70,Children under 5 years who are wasted (weight -for-height)12 (%),9.7,11.4,11.0,13.2
Uttarakhand,132,71,Children under 5 years who are severely wasted (weight -for-height)13 (%),1.4,2.2,2.0,4.7
Uttarakhand,132,72,Children under 5 years who are underweight (weight-for-age)12 (%),19.5,19.6,19.6,21.0
Uttarakhand,132,73,Children under 5 years who are overweight (weight -for-height)14 (%),0.7,0.7,0.7,4.1
Uttarakhand,133,74,Women whose Body Mass Index (BMI) is below normal (BMI <18.5 kg/m 2)15 (%),13.7,16.3,15.5,13.9
Uttarakhand,133,75,Men whose Body Mass Index (BMI) is below normal (BMI <18.5 kg/m 2) (%),17.8,17.8,17.8,16.2
Uttarakhand,133,76,Women who are overweight or obese (BMI ≥25.0 kg/m 2)19 (%),42.8,30.6,34.3,29.8
Uttarakhand,133,77,Men who are overweight or obese (BMI ≥25.0 kg/m 2) (%),28.7,25.3,26.5,27.1
Uttarakhand,133,78,Blood sugar level - high (141-160 mg/dl)16 (%),9.0,8.9,8.9,4.2
Uttarakhand,133,79,Blood sugar level - very high (>160 mg/dl) 16 (%),8.4,8.3,8.3,5.6
Uttarakhand,133,80,Blood sugar level - high or very high (>140 mg/dl) or taking medicine to control blood,19.1,17.7,18.1,10.8
Uttarakhand,133,81,Blood sugar level - high (141-160 mg/dl)16 (%),9.4,9.4,9.4,5.6
Uttarakhand,133,82,Blood sugar level - very high (>160 mg/dl) 16 (%),14.1,9.9,11.2,7.6
Uttarakhand,133,83,Blood sugar level - high or very high (>140 mg/dl) or taking medicine to control blood,24.8,20.0,21.4,14.2
Uttarakhand,133,84,Mildly elevated blood pressure (Systolic 140 -159 mm of Hg and/or,5.8,6.2,6.1,13.7
Uttarakhand,133,85,Moderately or severely elevated blood pressure (Systolic ≥160 mm of Hg and/or,4.1,4.2,4.2,6.3
Uttarakhand,133,86,Elevated blood pressure (Systolic ≥140 mm of Hg and/or Di astolic ≥90 mm of Hg) or taking,16.5,13.7,14.5,22.9
Uttarakhand,133,87,Mildly elevated blood pressure (Systolic 140 -159 mm of Hg and/or,9.4,8.7,8.9,20.1
Uttarakhand,133,88,Moderately or severely elevated blood pressure (Systolic ≥160 mm of Hg and/or,2.9,3.6,3.4,9.5
Uttarakhand,133,89,Elevated blood pressure (Systolic ≥140 mm of Hg and/or Di astolic ≥90 mm of Hg) or taking,19.4,17.9,18.3,31.8
Uttarakhand,133,90,Currently married women who usually participate in three household decisions 17 (%),96.1,92.6,93.8,91.0
Uttarakhand,133,91,Women who worked in the last 12 months and were paid in cash (%),31.0,25.9,27.7,21.6
Uttarakhand,133,92,Women having a bank or savings account that they themselves use (%),88.9,91.9,91.0,80.2
Uttarakhand,133,93,Women having a mobile phone that they themselves use (%),77.3,70.4,72.5,60.9
Uttarakhand,133,94,Women age 15-24 years who use hygienic methods of protection during their menstrual,93.3,88.3,89.8,91.5
Uttarakhand,133,95,Ever-married women age 18-49 years who have ever experienced spousal violence 19 (%),16.5,12.4,13.7,15.3
Uttarakhand,133,96,Ever-married women age 18-49 years who have experienced physical violence during any,6.0,2.3,3.5,2.1
Uttarakhand,133,97,Young women age 18-29 years who experienced sexual violence by age 18 (%),0.3,1.6,1.1,0.3
Uttarakhand,133,98,Women age 15 years and above who use any kind of tobacco (%),2.7,4.9,4.3,4.6
Uttarakhand,133,99,Men age 15 years and above who use any kind of tobacco (%),27.5,36.7,33.8,33.7
Uttarakhand,133,100,Women age 15 years and above who consume alcohol (%),0.3,0.3,0.3,0.3
Uttarakhand,133,101,Men age 15 years and above who consume alcohol (%),23.3,29.1,27.2,25.5
West Bengal,135,1,Population below age 5 years (%),5.0,7.5,6.8,7.6
West Bengal,135,2,Population below age 15 years (%),18.0,23.1,21.6,23.5
West Bengal,135,3,Population age 60 years and above (%),15.8,13.4,14.1,10.9
West Bengal,135,4,Population living in households with electricity (%),99.4,98.9,99.1,97.5
West Bengal,135,5,Population living in households with an improved drinking-water source1 (%),99.1,98.1,98.4,97.5
West Bengal,135,6,Households using iodized salt (%),96.8,91.4,93.0,94.5
West Bengal,135,7,Households with any usual member covered under a health insurance/financing scheme (%),84.0,90.1,88.2,33.7
West Bengal,135,8,Households with any usual member having a bank account/post office account (%),97.6,99.1,98.7,95.0
West Bengal,135,9,Female population age 6 years and above who ever attended school (%),85.3,75.1,78.2,76.8
West Bengal,135,10,Households with any usual female members owning a house and/or land (alone or jointly with,15.8,11.8,13.0,6.6
West Bengal,135,11,Children age 2-4 years who attended pre-school (%),51.1,49.8,50.1,55.6
West Bengal,135,12,Women with 10 or more years of schooling (%),52.1,34.8,40.0,32.9
West Bengal,135,13,Men with 10 or more years of schooling (%),49.9,38.5,42.1,34.7
West Bengal,135,14,Women who have ever used the internet (%),71.6,54.1,59.3,25.5
West Bengal,135,15,Men who have ever used the internet (%),71.9,64.4,66.8,41.9
West Bengal,135,16,Women age 20-24 years married before age 18 years (%),21.7,41.5,36.4,41.6
West Bengal,135,17,Men age 25-29 years married before age 21 years (%),4.4,15.0,12.4,20.0
West Bengal,135,18,Total fertility rate (children per woman),1.3,1.7,1.6,1.6
West Bengal,135,19,Women age 15-19 years who were already mothers or pregnant at the time of the survey (%),6.5,20.3,16.6,16.4
West Bengal,135,20,Any method2 (%),79.5,79.9,79.8,74.4
West Bengal,135,21,Any modern method2 (%),45.4,58.5,54.9,60.7
West Bengal,135,22,Any traditional method (%),34.1,21.4,24.9,13.7
West Bengal,135,23,Female sterilization (%),20.7,30.1,27.5,29.4
West Bengal,135,24,Male sterilization (%),0.1,0.2,0.2,0.1
West Bengal,135,25,Total unmet need3 (%),3.7,5.5,5.0,7.0
West Bengal,135,26,Unmet need for spacing3 (%),2.0,3.6,3.2,2.9
West Bengal,135,27,Unmet need for limiting 3 (%),1.7,1.9,1.8,4.1
West Bengal,135,28,Mothers who had an antenatal check -up in the first trimester (%),77.1,82.0,80.9,72.6
West Bengal,135,29,Mothers who had any antenatal care visits (%),96.4,98.1,97.7,91.1
West Bengal,135,30,Mothers who had at least 4 antenatal care visits (%),69.6,62.9,64.5,76.7
West Bengal,135,31,Mothers whose last birth was protected against neonatal tetanus 4 (%),95.9,96.3,96.2,94.6
West Bengal,135,32,Mothers who consumed iron folic acid for 100 days or more when they were pregnant (%),80.3,77.1,77.8,62.5
West Bengal,135,33,Mothers who consumed iron folic acid for 180 days or more when they were pregnant (%),52.3,49.7,50.3,30.8
West Bengal,135,34,Registered pregnancies for which the mother received a Mother and Child Protection (MCP),97.5,99.2,98.8,98.4
West Bengal,135,35,Institutional births (%),94.9,94.9,94.9,91.7
West Bengal,135,36,Institutional births in public facility (%),57.8,68.1,65.8,72.4
West Bengal,135,37,Births attended by skilled health personnel5 (%),96.3,96.1,96.1,94.1
West Bengal,135,38,Births delivered by caesarean section (%),55.7,41.1,44.5,32.6
West Bengal,135,39,Births in a private health facility that were delivered by caesarean section (%),86.8,88.1,87.7,82.7
West Bengal,135,40,Births in a public health facility that were delivered by caesarean section (%),40.7,25.8,28.8,22.9
West Bengal,136,41,Mothers who received postnatal care from a doctor/nurse/LHV/ANM/midwife/other health,85.2,80.0,81.2,68.0
West Bengal,136,42,Children born at home who were taken to a health facility for a check -up within 24 hours of,*,22.6,21.3,8.8
West Bengal,136,43,Children who received postnatal care from a doctor/nurse/LHV/ANM/midwife/ other health,86.6,87.7,87.5,76.8
West Bengal,136,44,Children age 12-23 months fully vaccinated based on information from either vaccination,84.2,89.1,88.1,88.2
West Bengal,136,45,Children age 12-23 months fully vaccinated based on information from vaccination card,95.8,93.4,93.9,90.8
West Bengal,136,46,Children age 12-23 months who have received any vaccine (%),92.3,99.4,98.0,99.2
West Bengal,136,47,Children age 12-23 months who have received BCG (%),91.9,98.7,97.3,98.6
West Bengal,136,48,Children age 12-23 months who have received 3 doses of polio vaccine 8 (%),84.2,89.8,88.7,90.8
West Bengal,136,49,Children age 12-23 months who have received 3 doses of pentavalent vaccine (%),90.6,94.5,93.7,95.3
West Bengal,136,50,Children age 12-23 months who have received the first dose of measles -containing,91.0,96.4,95.3,94.4
West Bengal,136,51,Children age 24-35 months who have received a second dose of measles -containing,77.9,89.0,86.2,72.6
West Bengal,136,52,Children age 12-23 months who have received birth dose of hepatitis B vaccine (%),89.8,88.8,89.0,70.2
West Bengal,136,53,Children age 12-23 months who have received 3 doses of rotavirus vaccine (%),88.5,93.2,92.3,1.8
West Bengal,136,54,Children age 9-35 months who received a vitamin A dose in the last 6 months (%),86.6,88.5,88.0,68.4
West Bengal,136,55,Children age 12-23 months who received most of their vaccinations in a public health,97.0,99.1,98.7,96.3
West Bengal,136,56,Children age 12-23 months who received most of their vaccinations in a private health,3.1,0.5,1.0,2.5
West Bengal,136,57,Prevalence of diarrhoea in the 2 weeks preceding the survey (%),2.5,3.0,2.9,6.5
West Bengal,136,58,Prevalence of severe diarrhoea in the 2 weeks preceding the survey (%),0.0,0.5,0.4,0.9
West Bengal,136,59,Prevalence of symptoms of acute respiratory infection (ARI) in the 2 weeks preceding the,2.1,2.5,2.4,2.8
West Bengal,136,60,Children with fever or symptoms of ARI in the 2 weeks preceding the survey taken to a health,77.5,66.4,68.4,71.3
West Bengal,136,61,Children under age 3 years breastfed within one hour of birth 9 (%),42.4,52.2,50.0,59.4
West Bengal,136,62,Children under age 6 months exclusively breastfed 10 (%),55.8,59.2,58.4,53.3
West Bengal,136,63,Children under age 6 months currently breastfeeding 10 (%),92.7,95.4,94.8,92.6
West Bengal,136,64,Children under age 6 months exclusively breastfed or breastfeeding and consuming plain,86.0,83.8,84.2,80.1
West Bengal,136,65,Children age 6-8 months receiving solid or semi -solid food and breastmilk10 (%),(46.9),66.5,62.7,67.8
West Bengal,136,66,"Breastfeeding children age 6-23 months receiving an adequate diet 10, 11 (%)",27.7,28.1,28.0,23.3
West Bengal,136,67,"Non-breastfeeding children age 6 -23 months receiving an adequate diet 10, 11 (%)",(35.8),(32.8),34.2,17.0
West Bengal,136,68,"Total children age 6-23 months receiving an adequate diet10, 11 (%)",28.6,28.2,28.3,22.8
West Bengal,136,69,Children under 5 years who are stunted (height -for-age)12 (%),19.3,23.3,22.4,33.8
West Bengal,136,70,Children under 5 years who are wasted (weight -for-height)12 (%),14.2,22.0,20.3,20.3
West Bengal,136,71,Children under 5 years who are severely wasted (weight -for-height)13 (%),3.6,5.1,4.8,7.1
West Bengal,136,72,Children under 5 years who are underweight (weight -for-age)12 (%),21.9,30.3,28.5,32.2
West Bengal,136,73,Children under 5 years who are overweight (weight-for-height)14 (%),3.9,1.7,2.1,4.3
West Bengal,137,74,Women whose Body Mass Index (BMI) is below normal (BMI <18.5 kg/m 2)15 (%),10.6,17.0,15.1,14.8
West Bengal,137,75,Men whose Body Mass Index (BMI) is below normal (BMI <18.5 kg/m 2) (%),16.7,19.0,18.3,15.1
West Bengal,137,76,Women who are overweight or obese (BMI ≥25.0 kg/m2)15 (%),45.8,30.0,34.6,22.7
West Bengal,137,77,Men who are overweight or obese (BMI ≥25.0 kg/m 2) (%),29.3,22.4,24.5,16.2
West Bengal,137,78,Blood sugar level - high (141-160 mg/dl)16 (%),10.5,9.0,9.4,8.9
West Bengal,137,79,Blood sugar level - very high (>160 mg/dl) 16 (%),15.4,10.9,12.1,7.7
West Bengal,137,80,Blood sugar level - high or very high (>140 mg/dl) or taking medicine to control blood,28.0,20.8,22.7,17.5
West Bengal,137,81,Blood sugar level - high (141-160 mg/dl)16 (%),11.3,11.3,11.3,10.8
West Bengal,137,82,Blood sugar level - very high (>160 mg/dl) 16 (%),15.9,13.8,14.3,9.5
West Bengal,137,83,Blood sugar level - high or very high (>140 mg/dl) or taking medicine to control blood,29.1,26.1,26.8,21.3
West Bengal,137,84,Mildly elevated blood pressure (Systolic 140 -159 mm of Hg and/or,12.9,10.8,11.4,11.5
West Bengal,137,85,Moderately or severely elevated blood pressure (Systolic ≥160 mm of Hg and/or,5.2,5.2,5.2,5.3
West Bengal,137,86,Elevated blood pressure (Systolic ≥140 mm of Hg and/or Diastolic ≥90 mm of Hg) or taking,30.3,22.0,24.3,20.5
West Bengal,137,87,Mildly elevated blood pressure (Systolic 140 -159 mm of Hg and/or,14.0,12.9,13.2,13.0
West Bengal,137,88,Moderately or severely elevated blood pressure (Systolic ≥160 mm of Hg and/or,4.5,3.1,3.5,4.2
West Bengal,137,89,Elevated blood pressure (Systolic ≥140 mm of Hg and/or Diastolic ≥90 mm of Hg) or taking,30.9,22.9,24.9,20.1
West Bengal,137,90,Currently married women who usually participate in three household decisions 17 (%),87.8,89.5,89.0,88.9
West Bengal,137,91,Women who worked in the last 12 months and were paid in cash (%),28.8,26.9,27.5,20.2
West Bengal,137,92,Women having a bank or savings account that they themselves use (%),94.7,95.6,95.3,76.5
West Bengal,137,93,Women having a mobile phone that they themselves use (%),78.4,59.5,65.1,50.1
West Bengal,137,94,Women age 15-24 years who use hygienic methods of protection during their menstrual,92.9,87.4,88.8,83.4
West Bengal,137,95,Ever-married women age 18-49 years who have ever experienced spousal violence 19 (%),19.1,19.0,19.0,26.9
West Bengal,137,96,Ever-married women age 18-49 years who have experienced physical violence during any,3.1,1.9,2.3,3.5
West Bengal,137,97,Young women age 18-29 years who experienced sexual violence by age 18 (%),1.1,1.4,1.3,2.2
West Bengal,137,98,Women age 15 years and above who use any kind of tobacco (%),7.7,12.7,11.2,10.8
West Bengal,137,99,Men age 15 years and above who use any kind of tobacco (%),40.0,49.1,46.2,48.1
West Bengal,137,100,Women age 15 years and above who consume alcohol (%),0.6,0.9,0.8,1.1
West Bengal,137,101,Men age 15 years and above who consume alcohol (%),16.1,15.9,16.0,18.0
Andaman and Nicobar Islands,141,1,Population below age 5 years (%),4.2,3.4,3.7,5.3
Andaman and Nicobar Islands,141,2,Population below age 15 years (%),17.2,17.7,17.5,20.8
Andaman and Nicobar Islands,141,3,Population age 60 years and above (%),10.3,14.2,12.6,11.0
Andaman and Nicobar Islands,141,4,Population living in households with electricity (%),99.8,95.9,97.5,97.6
Andaman and Nicobar Islands,141,5,Population living in households with an improved drinking -water source1 (%),100.0,96.4,97.9,96.3
Andaman and Nicobar Islands,141,6,Households using iodized salt (%),98.1,99.8,99.0,99.7
Andaman and Nicobar Islands,141,7,Households with any usual member covered under a health insurance/financing scheme (%),10.9,7.6,9.1,1.8
Andaman and Nicobar Islands,141,8,Households with any usual member having a bank account/post office account (%),98.2,98.4,98.3,97.3
Andaman and Nicobar Islands,141,9,Female population age 6 years and above who ever attended school (%),87.7,83.2,85.0,83.5
Andaman and Nicobar Islands,141,10,Households with any usual female members owning a house and/or land (alone or jointly with,15.2,11.4,13.1,13.8
Andaman and Nicobar Islands,141,11,Children age 2-4 years who attended pre -school (%),60.7,63.8,62.2,88.5
Andaman and Nicobar Islands,141,12,Women with 10 or more years of schooling (%),74.1,57.9,65.0,52.5
Andaman and Nicobar Islands,141,13,Men with 10 or more years of schooling (%),76.9,59.0,66.8,52.3
Andaman and Nicobar Islands,141,14,Women who have ever used the internet (%),81.5,64.6,72.0,34.8
Andaman and Nicobar Islands,141,15,Men who have ever used the internet (%),98.6,76.4,86.1,45.6
Andaman and Nicobar Islands,141,16,Women age 20-24 years married before age 18 years (%),(9.9),8.0,8.8,16.2
Andaman and Nicobar Islands,141,17,Men age 25-29 years married before age 21 years (%),*,(2.2),(1.2),(7.1)
Andaman and Nicobar Islands,141,18,Total fertility rate (children per woman),0.8,0.9,0.9,1.3
Andaman and Nicobar Islands,141,19,Women age 15-19 years who were already mothers or pregnant at the time of the survey (%),0.0,3.1,1.6,3.0
Andaman and Nicobar Islands,141,20,Any method2 (%),74.8,81.1,78.3,65.8
Andaman and Nicobar Islands,141,21,Any modern method2 (%),62.4,69.4,66.3,57.7
Andaman and Nicobar Islands,141,22,Any traditional method (%),12.4,11.7,12.0,8.1
Andaman and Nicobar Islands,141,23,Female sterilization (%),34.9,46.7,41.5,39.2
Andaman and Nicobar Islands,141,24,Male sterilization (%),0.0,0.0,0.0,0.2
Andaman and Nicobar Islands,141,25,Total unmet need3 (%),4.4,4.8,4.6,13.5
Andaman and Nicobar Islands,141,26,Unmet need for spacing3 (%),3.7,3.4,3.5,6.1
Andaman and Nicobar Islands,141,27,Unmet need for limiting3 (%),0.7,1.4,1.1,7.4
Andaman and Nicobar Islands,141,28,Mothers who had an antenatal check-up in the first trimester (%),83.7,80.8,82.1,77.1
Andaman and Nicobar Islands,141,29,Mothers who had any antenatal care visits (%),100.0,92.7,96.1,91.9
Andaman and Nicobar Islands,141,30,Mothers who had at least 4 antenatal care visits (%),39.4,50.6,45.4,83.6
Andaman and Nicobar Islands,141,31,Mothers whose last birth was protected against neonatal tetanus 4 (%),100.0,93.7,96.6,90.8
Andaman and Nicobar Islands,141,32,Mothers who consumed iron folic acid for 100 days or more when they were pregnant (%),85.8,85.5,85.6,80.9
Andaman and Nicobar Islands,141,33,Mothers who consumed iron folic acid for 180 days or more when they were pregnant (%),31.4,38.1,35.0,52.1
Andaman and Nicobar Islands,141,34,Registered pregnancies for which the mother received a Mother and Child Protection (MCP),100.0,99.0,99.5,98.9
Andaman and Nicobar Islands,141,35,Institutional births (%),100.0,99.1,99.5,98.9
Andaman and Nicobar Islands,141,36,Institutional births in public facility (%),73.5,97.4,86.5,87.3
Andaman and Nicobar Islands,141,37,Births attended by skilled health personnel5 (%),100.0,99.3,99.6,97.3
Andaman and Nicobar Islands,141,38,Births delivered by caesarean section (%),50.9,21.7,35.0,29.9
Andaman and Nicobar Islands,141,39,Births in a private health facility that were delivered by caesarean section (%),*,*,*,(79.2)
Andaman and Nicobar Islands,141,40,Births in a public health facility that were delivered by caesarean section (%),(41.4),20.5,28.5,23.6
Andaman and Nicobar Islands,142,41,Mothers who received postnatal care from a doctor/nurse/LHV/ANM/midwife/other health,98.4,87.3,92.5,88.9
Andaman and Nicobar Islands,142,42,Children born at home who were taken to a health facility for a check -up within 24 hours of,*,*,*,*
Andaman and Nicobar Islands,142,43,Children who received postnatal care from a doctor/nurse/LHV/ANM/midwife/ other health,100.0,97.5,98.7,91.0
Andaman and Nicobar Islands,142,44,Children age 12-23 months fully vaccinated based on information from either vaccination card,*,(79.6),88.5,79.9
Andaman and Nicobar Islands,142,45,Children age 12-23 months fully vaccinated based on information from vaccination card,*,(84.2),91.3,96.0
Andaman and Nicobar Islands,142,46,Children age 12-23 months who have received any vaccine (%),*,(94.9),97.2,98.2
Andaman and Nicobar Islands,142,47,Children age 12-23 months who have received BCG (%),*,(94.9),97.2,98.2
Andaman and Nicobar Islands,142,48,Children age 12-23 months who have received 3 doses of polio vaccine8 (%),*,(86.1),92.2,80.9
Andaman and Nicobar Islands,142,49,Children age 12-23 months who have received 3 doses of pentavalent vaccine (%),*,(86.3),92.3,92.8
Andaman and Nicobar Islands,142,50,Children age 12-23 months who have received the first dose of measles -containing,*,(92.8),96.0,84.0
Andaman and Nicobar Islands,142,51,Children age 24-35 months who have received a second dose of measles -containing,*,92.6,90.9,77.4
Andaman and Nicobar Islands,142,52,Children age 12-23 months who have received birth dose of hepatitis B vaccine (%),*,(94.0),96.6,59.5
Andaman and Nicobar Islands,142,53,Children age 12-23 months who have received 3 doses of rotavirus vaccine (%),*,(74.3),76.0,0.3
Andaman and Nicobar Islands,142,54,Children age 9-35 months who received a vitamin A dose in the last 6 months (%),(59.2),68.0,64.0,86.0
Andaman and Nicobar Islands,142,55,Children age 12-23 months who received most of their vaccinations in a public health,*,(100.0),95.1,94.9
Andaman and Nicobar Islands,142,56,Children age 12-23 months who received most of their vaccinations in a private health,*,(0.0),4.9,3.2
Andaman and Nicobar Islands,142,57,Prevalence of diarrhoea in the 2 weeks preceding the survey (%),0.0,2.8,1.5,5.6
Andaman and Nicobar Islands,142,58,Prevalence of severe diarrhoea in the 2 weeks preceding the survey (%),0.0,0.0,0.0,0.4
Andaman and Nicobar Islands,142,59,Prevalence of symptoms of acute respiratory infection (ARI) in the 2 weeks preceding the,0.0,0.3,0.2,1.7
Andaman and Nicobar Islands,142,60,Children with fever or symptoms of ARI in the 2 weeks precedi ng the survey taken to a health,*,(85.3),69.4,72.7
Andaman and Nicobar Islands,142,61,Children under age 3 years breastfed within one hour of birth 9 (%),(55.2),48.8,51.4,46.9
Andaman and Nicobar Islands,142,62,Children under age 6 months exclusively breastfed10 (%),*,(80.2),(85.6),(73.3)
Andaman and Nicobar Islands,142,63,Children under age 6 months currently breastfeeding 10 (%),*,(91.1),(93.5),(92.8)
Andaman and Nicobar Islands,142,64,Children under age 6 months exclusively breastfed or breastfeeding and consuming plain,*,(89.9),(92.6),(80.9)
Andaman and Nicobar Islands,142,65,Children age 6-8 months receiving solid or semi -solid food and breastmilk10 (%),*,*,*,*
Andaman and Nicobar Islands,142,66,"Breastfeeding children age 6 -23 months receiving an adequate diet 10, 11 (%)",*,14.9,10.9,17.4
Andaman and Nicobar Islands,142,67,"Non-breastfeeding children age 6-23 months receiving an adequate diet 10, 11 (%)",*,*,*,*
Andaman and Nicobar Islands,142,68,"Total children age 6-23 months receiving an adequate diet 10, 11 (%)",*,17.8,11.3,18.5
Andaman and Nicobar Islands,142,69,Children under 5 years who are stunted (height -for-age)12 (%),20.4,32.0,26.7,22.5
Andaman and Nicobar Islands,142,70,Children under 5 years who are wasted (weight -for-height)12 (%),13.6,9.0,11.1,16.0
Andaman and Nicobar Islands,142,71,Children under 5 years who are severely wasted (weight -for-height)13 (%),1.9,5.4,3.8,4.8
Andaman and Nicobar Islands,142,72,Children under 5 years who are underweight (weight -for-age)12 (%),15.3,22.8,19.3,23.6
Andaman and Nicobar Islands,142,73,Children under 5 years who are overweight (weight -for-height)14 (%),10.6,4.2,7.2,5.4
Andaman and Nicobar Islands,143,74,Women whose Body Mass Index (BMI) is below normal (BMI <18.5 kg/m 2)15 (%),2.4,3.7,3.1,9.4
Andaman and Nicobar Islands,143,75,Men whose Body Mass Index (BMI) is below normal (BMI <18.5 kg/m 2) (%),0.0,2.4,1.4,4.0
Andaman and Nicobar Islands,143,76,Women who are overweight or obese (BMI ≥25.0 kg/m 2)15 (%),49.4,40.7,44.5,38.1
Andaman and Nicobar Islands,143,77,Men who are overweight or obese (BMI ≥25.0 kg/m 2) (%),47.7,44.9,46.1,45.3
Andaman and Nicobar Islands,143,78,Blood sugar level - high (141-160 mg/dl)16 (%),7.9,6.9,7.3,7.4
Andaman and Nicobar Islands,143,79,Blood sugar level - very high (>160 mg/dl)16 (%),12.4,10.9,11.5,8.1
Andaman and Nicobar Islands,143,80,Blood sugar level - high or very high (>140 mg/dl) or taking medicine to control blood,23.5,18.5,20.5,17.5
Andaman and Nicobar Islands,143,81,Blood sugar level - high (141-160 mg/dl)16 (%),11.0,8.7,9.6,9.3
Andaman and Nicobar Islands,143,82,Blood sugar level - very high (>160 mg/dl)16 (%),10.3,11.7,11.2,7.3
Andaman and Nicobar Islands,143,83,Blood sugar level - high or very high (>140 mg/dl) or taking medicine to control blood,22.6,20.7,21.4,17.9
Andaman and Nicobar Islands,143,84,Mildly elevated blood pressure (Systolic 140 -159 mm of Hg and/or,16.6,13.0,14.5,15.3
Andaman and Nicobar Islands,143,85,Moderately or severely elevated blood pressure (Systolic ≥160 mm of Hg and/or,7.7,6.4,6.9,4.9
Andaman and Nicobar Islands,143,86,Elevated blood pressure (Systolic ≥140 mm of Hg and/or Diastolic ≥90 mm of Hg) or taking,27.9,21.5,24.1,25.3
Andaman and Nicobar Islands,143,87,Mildly elevated blood pressure (Systolic 140 -159 mm of Hg and/or,21.9,19.5,20.5,20.6
Andaman and Nicobar Islands,143,88,Moderately or severely elevated blood pressure (Systolic ≥160 mm of Hg and/or,9.2,5.5,7.0,6.5
Andaman and Nicobar Islands,143,89,Elevated blood pressure (Systolic ≥140 mm of Hg and/or Diastolic ≥90 mm of Hg) or taking,35.3,28.3,31.2,30.2
Andaman and Nicobar Islands,143,90,Currently married women who usually participate in three household decisions 17 (%),(91.1),97.6,94.8,94.5
Andaman and Nicobar Islands,143,91,Women who worked in the last 12 months and were paid in cash (%),28.0,22.7,25.0,24.6
Andaman and Nicobar Islands,143,92,Women having a bank or savings account that they themselves use (%),93.5,93.2,93.3,89.2
Andaman and Nicobar Islands,143,93,Women having a mobile phone that they themselves use (%),91.6,82.9,86.7,80.8
Andaman and Nicobar Islands,143,94,Women age 15-24 years who use hygienic methods of protection during their menstrual,100.0,97.6,98.7,98.8
Andaman and Nicobar Islands,143,95,Ever-married women age 18-49 years who have ever experienced spousal violence 19 (%),(28.7),10.6,18.2,17.2
Andaman and Nicobar Islands,143,96,Ever-married women age 18-49 years who have experienced physical violence during any,(0.0),0.3,0.2,0.3
Andaman and Nicobar Islands,143,97,Young women age 18-29 years who experienced sexual violence by age 18 (%),*,0.5,0.3,1.2
Andaman and Nicobar Islands,143,98,Women age 15 years and above who use any kind of tobacco (%),10.4,38.1,26.6,31.2
Andaman and Nicobar Islands,143,99,Men age 15 years and above who use any kind of tobacco (%),38.3,61.9,52.1,58.7
Andaman and Nicobar Islands,143,100,Women age 15 years and above who consume alcohol (%),0.3,6.5,3.9,5.0
Andaman and Nicobar Islands,143,101,Men age 15 years and above who consume alcohol (%),19.8,40.7,32.0,38.8
Chandigarh,145,1,Population below age 5 years (%),6.1,6.1,6.1,5.9
Chandigarh,145,2,Population below age 15 years (%),20.6,21.2,20.7,23.3
Chandigarh,145,3,Population age 60 years and above (%),11.0,8.6,10.9,10.9
Chandigarh,145,4,Population living in households with electricity (%),99.6,100.0,99.6,99.9
Chandigarh,145,5,Population living in households with an improved drinking -water source1 (%),99.9,100.0,99.9,99.1
Chandigarh,145,6,Households using iodized salt (%),96.4,(97.7),96.5,96.8
Chandigarh,145,7,Households with any usual member covered under a health insurance/financing scheme (%),43.0,(38.5),42.8,32.2
Chandigarh,145,8,Households with any usual member having a bank account/post office account (%),96.8,(100.0),96.9,96.9
Chandigarh,145,9,Female population age 6 years and above who ever attended school (%),87.7,89.9,87.8,86.7
Chandigarh,145,10,Households with any usual female members owning a house and/or land (alone or jointly with,14.1,(2.8),13.7,6.7
Chandigarh,145,11,Children age 2-4 years who attended pre-school (%),52.5,*,52.6,26.5
Chandigarh,145,12,Women with 10 or more years of schooling (%),70.5,(61.5),70.1,59.6
Chandigarh,145,13,Men with 10 or more years of schooling (%),88.4,*,88.4,64.5
Chandigarh,145,14,Women who have ever used the internet (%),83.6,(90.6),83.9,75.2
Chandigarh,145,15,Men who have ever used the internet (%),94.3,*,94.3,91.9
Chandigarh,145,16,Women age 20-24 years married before age 18 years (%),4.6,*,5.2,9.7
Chandigarh,145,17,Men age 25-29 years married before age 21 years (%),*,*,*,*
Chandigarh,145,18,Total fertility rate (children per woman),1.8,*,1.8,1.4
Chandigarh,145,19,Women age 15-19 years who were already mothers or pregnant at the time of the survey (%),0.0,*,0.0,0.8
Chandigarh,145,20,Any method2 (%),70.3,83.3,70.9,77.4
Chandigarh,145,21,Any modern method2 (%),47.9,(50.7),48.1,55.6
Chandigarh,145,22,Any traditional method (%),22.4,(32.6),22.8,21.8
Chandigarh,145,23,Female sterilization (%),16.0,(30.3),16.7,19.0
Chandigarh,145,24,Male sterilization (%),0.3,(0.0),0.3,0.3
Chandigarh,145,25,Total unmet need3 (%),8.0,(0.0),7.6,6.9
Chandigarh,145,26,Unmet need for spacing3 (%),3.5,(0.0),3.3,2.5
Chandigarh,145,27,Unmet need for limiting3 (%),4.5,(0.0),4.3,4.4
Chandigarh,145,28,Mothers who had an antenatal check-up in the first trimester (%),74.3,*,75.0,82.3
Chandigarh,145,29,Mothers who had any antenatal care visits (%),87.1,*,87.7,99.4
Chandigarh,145,30,Mothers who had at least 4 antenatal care visits (%),56.8,*,55.8,79.4
Chandigarh,145,31,Mothers whose last birth was protected against neonatal tetanus4 (%),97.6,*,97.2,93.1
Chandigarh,145,32,Mothers who consumed iron folic acid for 100 days or more when they were pregnant (%),78.5,*,77.8,73.9
Chandigarh,145,33,Mothers who consumed iron folic acid for 180 days or more when they were pregnant (%),60.8,*,60.0,64.5
Chandigarh,145,34,Registered pregnancies for which the mother received a Mother and Child Protection (MCP),96.9,*,96.5,97.2
Chandigarh,145,35,Institutional births (%),95.7,*,95.8,96.9
Chandigarh,145,36,Institutional births in public facility (%),82.2,*,80.2,83.2
Chandigarh,145,37,Births attended by skilled health personnel5 (%),96.9,*,97.0,97.0
Chandigarh,145,38,Births delivered by caesarean section (%),36.8,*,36.1,31.3
Chandigarh,145,39,Births in a private health facility that were delivered by caesarean section (%),*,*,(65.0),(44.3)
Chandigarh,145,40,Births in a public health facility that were delivered by caesarean section (%),32.9,*,32.3,30.4
Chandigarh,146,41,Mothers who received postnatal care from a doctor/nurse/LHV/ANM/midwife/other health,87.3,*,87.9,90.6
Chandigarh,146,42,Children born at home who were taken to a health facility for a check-up within 24 hours of,*,*,*,*
Chandigarh,146,43,Children who received postnatal care from a doctor/nurse/LHV/ANM/midwife/ other health,90.1,*,90.6,89.3
Chandigarh,146,44,Children age 12-23 months fully vaccinated based on information from either vaccination card,(80.8),*,(82.1),(80.9)
Chandigarh,146,45,Children age 12-23 months fully vaccinated based on information from vaccination card,(84.7),*,(85.9),(82.8)
Chandigarh,146,46,Children age 12-23 months who have received any vaccine (%),(100.0),*,(100.0),(96.8)
Chandigarh,146,47,Children age 12-23 months who have received BCG (%),(100.0),*,(100.0),(96.8)
Chandigarh,146,48,Children age 12-23 months who have received 3 doses of polio vaccine8 (%),(83.4),*,(84.6),(80.9)
Chandigarh,146,49,Children age 12-23 months who have received 3 doses of pentavalent vaccine (%),(93.1),*,(93.6),(87.9)
Chandigarh,146,50,Children age 12-23 months who have received the first dose of measles-containing,(90.0),*,(90.7),(87.9)
Chandigarh,146,51,Children age 24-35 months who have received a second dose of measles-containing,(91.6),*,(91.8),(75.5)
Chandigarh,146,52,Children age 12-23 months who have received birth dose of hepatitis B vaccine (%),(98.9),*,(99.0),(87.3)
Chandigarh,146,53,Children age 12-23 months who have received 3 doses of rotavirus vaccine (%),(93.1),*,(93.6),(84.9)
Chandigarh,146,54,Children age 9-35 months who received a vitamin A dose in the last 6 months (%),76.2,*,75.6,72.6
Chandigarh,146,55,Children age 12-23 months who received most of their vaccinations in a public health,(92.7),*,(93.2),(92.9)
Chandigarh,146,56,Children age 12-23 months who received most of their vaccinations in a private health,(7.3),*,(6.8),(7.1)
Chandigarh,146,57,Prevalence of diarrhoea in the 2 weeks preceding the survey (%),6.1,*,6.3,4.3
Chandigarh,146,58,Prevalence of severe diarrhoea in the 2 weeks preceding the survey (%),0.6,*,0.5,0.0
Chandigarh,146,59,Prevalence of symptoms of acute respiratory infection (ARI) in the 2 weeks preceding the,1.1,*,1.0,0.3
Chandigarh,146,60,Children with fever or symptoms of ARI in the 2 weeks preceding the survey taken to a health,(91.6),*,(92.1),*
Chandigarh,146,61,Children under age 3 years breastfed within one hour of birth9 (%),43.0,*,41.6,63.7
Chandigarh,146,62,Children under age 6 months exclusively breastfed10 (%),*,*,*,*
Chandigarh,146,63,Children under age 6 months currently breastfeeding10 (%),*,*,*,*
Chandigarh,146,64,Children under age 6 months exclusively breastfed or breastfeeding and consuming plain,*,*,*,*
Chandigarh,146,65,Children age 6-8 months receiving solid or semi-solid food and breastmilk10 (%),*,*,*,*
Chandigarh,146,66,"Breastfeeding children age 6-23 months receiving an adequate diet10, 11 (%)",(3.9),*,(7.4),(22.7)
Chandigarh,146,67,"Non-breastfeeding children age 6-23 months receiving an adequate diet10, 11 (%)",*,*,*,*
Chandigarh,146,68,"Total children age 6-23 months receiving an adequate diet10, 11 (%)",(11.7),*,13.9,(19.0)
Chandigarh,146,69,Children under 5 years who are stunted (height-for-age)12 (%),18.7,*,19.0,25.3
Chandigarh,146,70,Children under 5 years who are wasted (weight-for-height)12 (%),19.4,*,19.5,8.4
Chandigarh,146,71,Children under 5 years who are severely wasted (weight-for-height)13 (%),3.0,*,3.3,2.3
Chandigarh,146,72,Children under 5 years who are underweight (weight-for-age)12 (%),31.4,*,31.6,20.6
Chandigarh,146,73,Children under 5 years who are overweight (weight-for-height)14 (%),3.1,*,4.1,1.8
Chandigarh,147,74,Women whose Body Mass Index (BMI) is below normal (BMI <18.5 kg/m2)15 (%),9.9,(18.0),10.2,13.0
Chandigarh,147,75,Men whose Body Mass Index (BMI) is below normal (BMI <18.5 kg/m2) (%),7.0,*,7.0,15.1
Chandigarh,147,76,Women who are overweight or obese (BMI ≥25.0 kg/m2)15 (%),41.7,(45.8),41.9,44.0
Chandigarh,147,77,Men who are overweight or obese (BMI ≥25.0 kg/m2) (%),48.5,*,48.5,34.4
Chandigarh,147,78,Blood sugar level - high (141-160 mg/dl)16 (%),6.7,(7.2),6.7,6.0
Chandigarh,147,79,Blood sugar level - very high (>160 mg/dl)16 (%),9.9,(12.7),10.0,12.0
Chandigarh,147,80,Blood sugar level - high or very high (>140 mg/dl) or taking medicine to control blood,17.7,(20.0),17.8,19.0
Chandigarh,147,81,Blood sugar level - high (141-160 mg/dl)16 (%),6.1,(3.5),6.0,7.1
Chandigarh,147,82,Blood sugar level - very high (>160 mg/dl)16 (%),9.8,(11.4),9.8,8.8
Chandigarh,147,83,Blood sugar level - high or very high (>140 mg/dl) or taking medicine to control blood,17.1,(14.9),17.1,16.6
Chandigarh,147,84,Mildly elevated blood pressure (Systolic 140-159 mm of Hg and/or,11.0,(12.3),11.0,14.5
Chandigarh,147,85,Moderately or severely elevated blood pressure (Systolic ≥160 mm of Hg and/or,4.4,(4.5),4.4,5.6
Chandigarh,147,86,Elevated blood pressure (Systolic ≥140 mm of Hg and/or Diastolic ≥90 mm of Hg) or taking,22.4,(22.7),22.4,25.0
Chandigarh,147,87,Mildly elevated blood pressure (Systolic 140-159 mm of Hg and/or,13.4,(8.6),13.2,18.6
Chandigarh,147,88,Moderately or severely elevated blood pressure (Systolic ≥160 mm of Hg and/or,4.3,(12.1),4.6,8.7
Chandigarh,147,89,Elevated blood pressure (Systolic ≥140 mm of Hg and/or Diastolic ≥90 mm of Hg) or taking,24.2,(29.9),24.4,30.6
Chandigarh,147,90,Currently married women who usually participate in three household decisions17 (%),96.0,*,96.0,94.6
Chandigarh,147,91,Women who worked in the last 12 months and were paid in cash (%),29.7,*,29.7,22.0
Chandigarh,147,92,Women having a bank or savings account that they themselves use (%),88.1,(80.0),87.7,87.1
Chandigarh,147,93,Women having a mobile phone that they themselves use (%),84.2,(87.9),84.4,70.0
Chandigarh,147,94,Women age 15-24 years who use hygienic methods of protection during their menstrual,98.7,*,98.8,94.5
Chandigarh,147,95,Ever-married women age 18-49 years who have ever experienced spousal violence19 (%),8.5,*,8.5,9.7
Chandigarh,147,96,Ever-married women age 18-49 years who have experienced physical violence during any,3.0,*,3.0,0.0
Chandigarh,147,97,Young women age 18-29 years who experienced sexual violence by age 18 (%),(0.0),*,(0.0),*
Chandigarh,147,98,Women age 15 years and above who use any kind of tobacco (%),0.5,1.5,0.5,0.6
Chandigarh,147,99,Men age 15 years and above who use any kind of tobacco (%),14.7,24.7,15.1,11.9
Chandigarh,147,100,Women age 15 years and above who consume alcohol (%),1.1,0.0,1.1,0.3
Chandigarh,147,101,Men age 15 years and above who consume alcohol (%),21.3,27.9,21.6,18.6
Dadra and Nagar Haveli and Daman and Diu,149,1,Population below age 5 years (%),6.5,8.7,7.5,8.2
Dadra and Nagar Haveli and Daman and Diu,149,2,Population below age 15 years (%),22.4,24.1,23.1,25.4
Dadra and Nagar Haveli and Daman and Diu,149,3,Population age 60 years and above (%),5.1,7.1,6.0,6.9
Dadra and Nagar Haveli and Daman and Diu,149,4,Population living in households with electricity (%),99.7,99.6,99.7,99.7
Dadra and Nagar Haveli and Daman and Diu,149,5,Population living in households with an improved drinking -water source1 (%),99.2,96.5,98.0,95.4
Dadra and Nagar Haveli and Daman and Diu,149,6,Households using iodized salt (%),98.5,94.6,97.0,89.1
Dadra and Nagar Haveli and Daman and Diu,149,7,Households with any usual member covered under a health insurance/financing scheme (%),47.1,68.9,55.3,56.6
Dadra and Nagar Haveli and Daman and Diu,149,8,Households with any usual member having a bank account/post office account (%),97.7,98.7,98.0,92.9
Dadra and Nagar Haveli and Daman and Diu,149,9,Female population age 6 years and above who ever attended school (%),86.1,69.2,78.5,74.4
Dadra and Nagar Haveli and Daman and Diu,149,10,Households with any usual female members owning a house and/or land (alone or jointly,12.2,12.0,12.1,13.9
Dadra and Nagar Haveli and Daman and Diu,149,11,Children age 2-4 years who attended pre -school (%),41.8,60.1,51.1,44.7
Dadra and Nagar Haveli and Daman and Diu,149,12,Women with 10 or more years of schooling (%),54.8,32.0,44.8,35.8
Dadra and Nagar Haveli and Daman and Diu,149,13,Men with 10 or more years of schooling (%),60.8,51.9,56.6,49.4
Dadra and Nagar Haveli and Daman and Diu,149,14,Women who have ever used the internet (%),87.4,66.9,78.4,36.7
Dadra and Nagar Haveli and Daman and Diu,149,15,Men who have ever used the internet (%),90.2,93.5,91.7,61.3
Dadra and Nagar Haveli and Daman and Diu,149,16,Women age 20-24 years married before age 18 years (%),14.9,17.6,16.3,26.4
Dadra and Nagar Haveli and Daman and Diu,149,17,Men age 25-29 years married before age 21 years (%),(20.6),(17.2),18.8,12.6
Dadra and Nagar Haveli and Daman and Diu,149,18,Total fertility rate (children per woman),1.5,1.9,1.7,1.8
Dadra and Nagar Haveli and Daman and Diu,149,19,Women age 15-19 years who were already mothers or pregnant at the time of the survey (%),4.4,5.6,5.0,4.3
Dadra and Nagar Haveli and Daman and Diu,149,20,Any method2 (%),65.5,69.6,67.2,68.0
Dadra and Nagar Haveli and Daman and Diu,149,21,Any modern method2 (%),48.2,52.7,50.1,59.8
Dadra and Nagar Haveli and Daman and Diu,149,22,Any traditional method (%),17.3,16.9,17.1,8.2
Dadra and Nagar Haveli and Daman and Diu,149,23,Female sterilization (%),33.2,40.6,36.2,41.6
Dadra and Nagar Haveli and Daman and Diu,149,24,Male sterilization (%),0.0,0.4,0.2,0.2
Dadra and Nagar Haveli and Daman and Diu,149,25,Total unmet need3 (%),9.5,7.4,8.6,11.9
Dadra and Nagar Haveli and Daman and Diu,149,26,Unmet need for spacing3 (%),4.0,4.6,4.2,5.2
Dadra and Nagar Haveli and Daman and Diu,149,27,Unmet need for limiting3 (%),5.5,2.8,4.4,6.7
Dadra and Nagar Haveli and Daman and Diu,149,28,Mothers who had an antenatal check -up in the first trimester (%),85.7,93.1,89.4,77.7
Dadra and Nagar Haveli and Daman and Diu,149,29,Mothers who had any antenatal care visits (%),98.5,98.5,98.5,97.6
Dadra and Nagar Haveli and Daman and Diu,149,30,Mothers who had at least 4 antenatal care visits (%),79.4,87.0,83.2,86.2
Dadra and Nagar Haveli and Daman and Diu,149,31,Mothers whose last birth was protected against neonatal tetanus4 (%),97.5,96.1,96.8,84.6
Dadra and Nagar Haveli and Daman and Diu,149,32,Mothers who consumed iron folic acid for 100 days or more when they were pregnant (%),76.8,78.0,77.4,59.8
Dadra and Nagar Haveli and Daman and Diu,149,33,Mothers who consumed iron folic acid for 180 days or more when they were pregnant (%),50.9,48.6,49.8,36.2
Dadra and Nagar Haveli and Daman and Diu,149,34,Registered pregnancies for which the mother received a Mother and Child Protection (MCP),98.4,100.0,99.2,98.8
Dadra and Nagar Haveli and Daman and Diu,149,35,Institutional births (%),95.8,96.7,96.3,96.5
Dadra and Nagar Haveli and Daman and Diu,149,36,Institutional births in public facility (%),62.2,81.0,71.9,71.9
Dadra and Nagar Haveli and Daman and Diu,149,37,Births attended by skilled health personnel5 (%),94.7,94.2,94.4,97.8
Dadra and Nagar Haveli and Daman and Diu,149,38,Births delivered by caesarean section (%),34.1,23.3,28.6,22.9
Dadra and Nagar Haveli and Daman and Diu,149,39,Births in a private health facility that were delivered by caesarean section (%),41.5,47.8,43.6,42.5
Dadra and Nagar Haveli and Daman and Diu,149,40,Births in a public health facility that were delivered by caesarean section (%),32.4,19.5,24.9,17.3
Dadra and Nagar Haveli and Daman and Diu,150,41,Mothers who received postnatal care from a doctor/nurse/LHV/ANM/midwife/other health,96.0,91.9,94.0,91.6
Dadra and Nagar Haveli and Daman and Diu,150,42,Children born at home who were taken to a health facility for a check -up within 24 hours of,*,*,*,*
Dadra and Nagar Haveli and Daman and Diu,150,43,Children who received postnatal care from a doctor/nurse/LHV/ANM/midwife/ other health,92.8,91.6,92.2,91.0
Dadra and Nagar Haveli and Daman and Diu,150,44,Children age 12-23 months fully vaccinated based on information from either vaccination card,80.4,96.9,89.0,94.9
Dadra and Nagar Haveli and Daman and Diu,150,45,Children age 12-23 months fully vaccinated based on information from vaccination card,87.6,93.0,90.5,93.4
Dadra and Nagar Haveli and Daman and Diu,150,46,Children age 12-23 months who have received any vaccine (%),100.0,100.0,100.0,99.4
Dadra and Nagar Haveli and Daman and Diu,150,47,Children age 12-23 months who have received BCG (%),100.0,100.0,100.0,98.1
Dadra and Nagar Haveli and Daman and Diu,150,48,Children age 12-23 months who have received 3 doses of polio vaccine 8 (%),82.8,99.7,91.6,96.1
Dadra and Nagar Haveli and Daman and Diu,150,49,Children age 12-23 months who have received 3 doses of pentavalent vaccine (%),93.2,96.9,95.1,97.2
Dadra and Nagar Haveli and Daman and Diu,150,50,Children age 12-23 months who have received the first dose of measles -containing,97.8,100.0,98.9,96.2
Dadra and Nagar Haveli and Daman and Diu,150,51,Children age 24-35 months who have received a second dose of measles-containing,71.0,88.9,80.8,84.2
Dadra and Nagar Haveli and Daman and Diu,150,52,Children age 12-23 months who have received birth dose of hepatitis B vaccine (%),90.2,100.0,95.3,69.9
Dadra and Nagar Haveli and Daman and Diu,150,53,Children age 12-23 months who have received 3 doses of rotavirus vaccine (%),87.4,99.7,93.8,3.7
Dadra and Nagar Haveli and Daman and Diu,150,54,Children age 9-35 months who received a vitamin A dose in the last 6 months (%),89.4,95.1,92.3,86.2
Dadra and Nagar Haveli and Daman and Diu,150,55,Children age 12-23 months who received most of their vaccinations in a public health,100.0,100.0,100.0,97.3
Dadra and Nagar Haveli and Daman and Diu,150,56,Children age 12-23 months who received most of their vaccinations in a private health,0.0,0.0,0.0,2.7
Dadra and Nagar Haveli and Daman and Diu,150,57,Prevalence of diarrhoea in the 2 weeks preceding the survey (%),1.5,4.3,3.0,2.6
Dadra and Nagar Haveli and Daman and Diu,150,58,Prevalence of severe diarrhoea in the 2 weeks preceding the survey (%),0.0,0.5,0.3,0.3
Dadra and Nagar Haveli and Daman and Diu,150,59,Prevalence of symptoms of acute respiratory infection (ARI) in the 2 weeks preceding the,0.3,0.4,0.4,0.3
Dadra and Nagar Haveli and Daman and Diu,150,60,Children with fever or symptoms of ARI in the 2 weeks preceding the survey taken to a health,75.7,(77.0),76.2,90.7
Dadra and Nagar Haveli and Daman and Diu,150,61,Children under age 3 years breastfed within one hour of birth9 (%),36.9,48.7,42.9,25.9
Dadra and Nagar Haveli and Daman and Diu,150,62,Children under age 6 months exclusively breastfed10 (%),(74.3),(56.2),64.1,79.4
Dadra and Nagar Haveli and Daman and Diu,150,63,Children under age 6 months currently breastfeeding 10 (%),(95.7),(91.5),93.3,98.3
Dadra and Nagar Haveli and Daman and Diu,150,64,Children under age 6 months exclusively breastfed or breastfeeding and consuming plain,(95.7),(81.5),87.6,87.9
Dadra and Nagar Haveli and Daman and Diu,150,65,Children age 6-8 months receiving solid or semi-solid food and breastmilk10 (%),*,*,(72.0),(43.3)
Dadra and Nagar Haveli and Daman and Diu,150,66,"Breastfeeding children age 6 -23 months receiving an adequate diet10, 11 (%)",9.3,7.7,8.5,10.7
Dadra and Nagar Haveli and Daman and Diu,150,67,"Non-breastfeeding children age 6 -23 months receiving an adequate diet 10, 11 (%)",*,*,*,(4.0)
Dadra and Nagar Haveli and Daman and Diu,150,68,"Total children age 6 -23 months receiving an adequate diet 10, 11 (%)",8.4,10.0,9.2,10.2
Dadra and Nagar Haveli and Daman and Diu,150,69,Children under 5 years who are stunted (height -for-age)12 (%),28.7,45.0,37.1,39.4
Dadra and Nagar Haveli and Daman and Diu,150,70,Children under 5 years who are wasted (weight -for-height)12 (%),19.2,28.9,24.2,21.6
Dadra and Nagar Haveli and Daman and Diu,150,71,Children under 5 years who are severely wasted (weight -for-height)13 (%),3.2,5.2,4.2,4.3
Dadra and Nagar Haveli and Daman and Diu,150,72,Children under 5 years who are underweight (weight-for-age)12 (%),29.3,52.8,41.3,38.7
Dadra and Nagar Haveli and Daman and Diu,150,73,Children under 5 years who are overweight (weight-for-height)14 (%),0.9,0.1,0.5,1.9
Dadra and Nagar Haveli and Daman and Diu,151,74,Women whose Body Mass Index (BMI) is below normal (BMI <18.5 kg/m 2)15 (%),15.6,28.9,21.3,25.1
Dadra and Nagar Haveli and Daman and Diu,151,75,Men whose Body Mass Index (BMI) is below normal (BMI <18.5 kg/m2) (%),24.0,21.2,22.7,18.2
Dadra and Nagar Haveli and Daman and Diu,151,76,Women who are overweight or obese (BMI ≥25.0 kg/m2)15 (%),35.9,19.8,29.0,26.9
Dadra and Nagar Haveli and Daman and Diu,151,77,Men who are overweight or obese (BMI ≥25.0 kg/m2) (%),31.8,18.8,25.7,21.4
Dadra and Nagar Haveli and Daman and Diu,151,78,Blood sugar level - high (141-160 mg/dl)16 (%),5.6,6.3,5.9,6.6
Dadra and Nagar Haveli and Daman and Diu,151,79,Blood sugar level - very high (>160 mg/dl)16 (%),6.9,5.4,6.3,5.9
Dadra and Nagar Haveli and Daman and Diu,151,80,Blood sugar level - high or very high (>140 mg/dl) or taking medicine to control blood,13.1,12.7,12.9,13.6
Dadra and Nagar Haveli and Daman and Diu,151,81,Blood sugar level - high (141-160 mg/dl)16 (%),6.0,6.9,6.4,8.0
Dadra and Nagar Haveli and Daman and Diu,151,82,Blood sugar level - very high (>160 mg/dl)16 (%),8.5,6.1,7.6,7.7
Dadra and Nagar Haveli and Daman and Diu,151,83,Blood sugar level - high or very high (>140 mg/dl) or taking medicine to control blood,15.8,14.0,15.1,16.4
Dadra and Nagar Haveli and Daman and Diu,151,84,Mildly elevated blood pressure (Systolic 140-159 mm of Hg and/or,6.1,7.6,6.8,7.7
Dadra and Nagar Haveli and Daman and Diu,151,85,Moderately or severely elevated blood pressure (Systolic ≥160 mm of Hg and/or,2.1,4.8,3.3,4.0
Dadra and Nagar Haveli and Daman and Diu,151,86,Elevated blood pressure (Systolic ≥140 mm of Hg and/or Diastolic ≥90 mm of Hg) or taking,13.9,14.8,14.3,14.9
Dadra and Nagar Haveli and Daman and Diu,151,87,Mildly elevated blood pressure (Systolic 140-159 mm of Hg and/or,10.9,12.7,11.6,9.8
Dadra and Nagar Haveli and Daman and Diu,151,88,Moderately or severely elevated blood pressure (Systolic ≥160 mm of Hg and/or,1.7,2.2,1.9,3.7
Dadra and Nagar Haveli and Daman and Diu,151,89,Elevated blood pressure (Systolic ≥140 mm of Hg and/or Diastolic ≥90 mm of Hg) or taking,17.4,19.9,18.4,15.4
Dadra and Nagar Haveli and Daman and Diu,151,90,Currently married women who usually participate in three household decisions17 (%),97.9,98.9,98.4,91.9
Dadra and Nagar Haveli and Daman and Diu,151,91,Women who worked in the last 12 months and were paid in cash (%),32.2,37.3,34.7,31.5
Dadra and Nagar Haveli and Daman and Diu,151,92,Women having a bank or savings account that they themselves use (%),90.1,91.5,90.7,83.6
Dadra and Nagar Haveli and Daman and Diu,151,93,Women having a mobile phone that they themselves use (%),81.0,52.0,68.3,60.5
Dadra and Nagar Haveli and Daman and Diu,151,94,Women age 15-24 years who use hygienic methods of protection during their menstrual,92.5,86.0,89.3,94.3
Dadra and Nagar Haveli and Daman and Diu,151,95,Ever-married women age 18-49 years who have ever experienced spousal violence19 (%),20.1,19.7,19.9,16.8
Dadra and Nagar Haveli and Daman and Diu,151,96,Ever-married women age 18-49 years who have experienced physical violence during any,2.7,0.3,1.6,4.3
Dadra and Nagar Haveli and Daman and Diu,151,97,Young women age 18-29 years who experienced sexual violence by age 18 (%),0.0,(0.0),0.0,0.0
Dadra and Nagar Haveli and Daman and Diu,151,98,Women age 15 years and above who use any kind of tobacco (%),1.8,2.1,1.9,2.9
Dadra and Nagar Haveli and Daman and Diu,151,99,Men age 15 years and above who use any kind of tobacco (%),31.9,29.8,31.1,38.5
Dadra and Nagar Haveli and Daman and Diu,151,100,Women age 15 years and above who consume alcohol (%),0.4,1.9,1.1,1.1
Dadra and Nagar Haveli and Daman and Diu,151,101,Men age 15 years and above who consume alcohol (%),23.2,19.4,21.6,27.7
Jammu and Kashmir,153,1,Population below age 5 years (%),5.9,7.9,7.5,6.7
Jammu and Kashmir,153,2,Population below age 15 years (%),19.8,26.4,24.9,24.1
Jammu and Kashmir,153,3,Population age 60 years and above (%),14.4,11.1,11.9,9.5
Jammu and Kashmir,153,4,Population living in households with electricity (%),99.9,99.3,99.4,99.3
Jammu and Kashmir,153,5,Population living in households with an improved drinking -water source1 (%),99.2,92.4,93.9,91.9
Jammu and Kashmir,153,6,Households using iodized salt (%),96.8,95.8,96.0,98.1
Jammu and Kashmir,153,7,Households with any usual member covered under a health insurance/financing scheme (%),94.7,96.7,96.3,13.8
Jammu and Kashmir,153,8,Households with any usual member having a bank account/post office account (%),98.1,98.9,98.7,96.8
Jammu and Kashmir,153,9,Female population age 6 years and above who ever attended school (%),79.8,68.8,71.3,70.1
Jammu and Kashmir,153,10,Households with any usual female members owning a house and/or land (alone or jointly with,4.9,5.0,5.0,5.7
Jammu and Kashmir,153,11,Children age 2-4 years who attended pre-school (%),45.8,38.8,40.1,27.2
Jammu and Kashmir,153,12,Women with 10 or more years of schooling (%),65.6,45.7,50.1,51.3
Jammu and Kashmir,153,13,Men with 10 or more years of schooling (%),67.6,60.3,62.0,68.2
Jammu and Kashmir,153,14,Women who have ever used the internet (%),77.7,59.6,63.6,43.3
Jammu and Kashmir,153,15,Men who have ever used the internet (%),81.5,80.6,80.8,62.0
Jammu and Kashmir,153,16,Women age 20-24 years married before age 18 years (%),5.2,5.1,5.1,4.5
Jammu and Kashmir,153,17,Men age 25-29 years married before age 21 years (%),9.7,8.1,8.5,8.5
Jammu and Kashmir,153,18,Total fertility rate (children per woman),1.5,1.9,1.8,1.4
Jammu and Kashmir,153,19,Women age 15-19 years who were already mothers or pregnant at the time of the survey (%),2.1,1.7,1.8,1.0
Jammu and Kashmir,153,20,Any method2 (%),62.2,61.0,61.2,59.8
Jammu and Kashmir,153,21,Any modern method2 (%),41.5,38.8,39.4,52.5
Jammu and Kashmir,153,22,Any traditional method (%),20.7,22.2,21.8,7.3
Jammu and Kashmir,153,23,Female sterilization (%),18.2,17.9,17.9,21.1
Jammu and Kashmir,153,24,Male sterilization (%),0.1,0.3,0.3,0.3
Jammu and Kashmir,153,25,Total unmet need3 (%),6.2,8.8,8.2,7.8
Jammu and Kashmir,153,26,Unmet need for spacing3 (%),3.6,4.9,4.6,3.9
Jammu and Kashmir,153,27,Unmet need for limiting3 (%),2.6,3.9,3.6,3.9
Jammu and Kashmir,153,28,Mothers who had an antenatal check-up in the first trimester (%),91.0,89.7,89.9,86.6
Jammu and Kashmir,153,29,Mothers who had any antenatal care visits (%),97.1,96.4,96.6,94.7
Jammu and Kashmir,153,30,Mothers who had at least 4 antenatal care visits (%),93.2,90.0,90.6,81.1
Jammu and Kashmir,153,31,Mothers whose last birth was protected against neonatal tetanus4 (%),97.2,95.4,95.8,91.9
Jammu and Kashmir,153,32,Mothers who consumed iron folic acid for 100 days or more when they were pregnant (%),32.3,31.1,31.3,29.8
Jammu and Kashmir,153,33,Mothers who consumed iron folic acid for 180 days or more when they were pregnant (%),19.7,14.8,15.7,15.9
Jammu and Kashmir,153,34,Registered pregnancies for which the mother received a Mother and Child Protection (MCP),99.2,98.9,99.0,97.3
Jammu and Kashmir,153,35,Institutional births (%),97.3,92.8,93.6,92.4
Jammu and Kashmir,153,36,Institutional births in public facility (%),69.5,82.6,80.3,86.8
Jammu and Kashmir,153,37,Births attended by skilled health personnel5 (%),98.3,94.1,94.8,95.1
Jammu and Kashmir,153,38,Births delivered by caesarean section (%),68.9,47.1,51.0,41.7
Jammu and Kashmir,153,39,Births in a private health facility that were delivered by caesarean section (%),92.5,88.5,90.0,82.1
Jammu and Kashmir,153,40,Births in a public health facility that were delivered by caesarean section (%),62.2,46.1,48.6,42.7
Jammu and Kashmir,154,41,Mothers who received postnatal care from a doctor/nurse/LHV/ANM/midwife/other health,90.9,87.6,88.2,84.2
Jammu and Kashmir,154,42,Children born at home who were taken to a health facility for a check-up within 24 hours of,*,4.4,4.5,3.3
Jammu and Kashmir,154,43,Children who received postnatal care from a doctor/nurse/LHV/ANM/midwife/ other health,92.2,87.9,88.7,81.5
Jammu and Kashmir,154,44,Children age 12-23 months fully vaccinated based on information from either vaccination card,90.4,89.2,89.4,86.2
Jammu and Kashmir,154,45,Children age 12-23 months fully vaccinated based on information from vaccination card,92.3,94.1,93.7,96.5
Jammu and Kashmir,154,46,Children age 12-23 months who have received any vaccine (%),99.0,97.4,97.7,95.7
Jammu and Kashmir,154,47,Children age 12-23 months who have received BCG (%),98.7,97.2,97.5,95.1
Jammu and Kashmir,154,48,Children age 12-23 months who have received 3 doses of polio vaccine8 (%),91.5,90.0,90.3,87.6
Jammu and Kashmir,154,49,Children age 12-23 months who have received 3 doses of pentavalent vaccine (%),94.5,93.4,93.6,92.8
Jammu and Kashmir,154,50,Children age 12-23 months who have received the first dose of measles-containing,95.8,94.8,95.0,91.7
Jammu and Kashmir,154,51,Children age 24-35 months who have received a second dose of measles-containing,85.8,81.7,82.4,73.6
Jammu and Kashmir,154,52,Children age 12-23 months who have received birth dose of hepatitis B vaccine (%),96.6,93.5,94.1,88.1
Jammu and Kashmir,154,53,Children age 12-23 months who have received 3 doses of rotavirus vaccine (%),90.2,91.6,91.4,5.3
Jammu and Kashmir,154,54,Children age 9-35 months who received a vitamin A dose in the last 6 months (%),85.8,83.6,84.0,82.3
Jammu and Kashmir,154,55,Children age 12-23 months who received most of their vaccinations in a public health,91.6,99.3,97.9,99.1
Jammu and Kashmir,154,56,Children age 12-23 months who received most of their vaccinations in a private health,7.9,0.4,1.8,0.4
Jammu and Kashmir,154,57,Prevalence of diarrhoea in the 2 weeks preceding the survey (%),3.6,4.3,4.1,5.6
Jammu and Kashmir,154,58,Prevalence of severe diarrhoea in the 2 weeks preceding the survey (%),0.2,0.2,0.2,1.5
Jammu and Kashmir,154,59,Prevalence of symptoms of acute respiratory infection (ARI) in the 2 weeks preceding the,1.1,2.3,2.1,3.8
Jammu and Kashmir,154,60,Children with fever or symptoms of ARI in the 2 weeks preceding the survey taken to a health,83.9,63.1,67.2,62.3
Jammu and Kashmir,154,61,Children under age 3 years breastfed within one hour of birth9 (%),47.3,53.9,52.8,55.6
Jammu and Kashmir,154,62,Children under age 6 months exclusively breastfed10 (%),61.7,58.6,59.2,62.0
Jammu and Kashmir,154,63,Children under age 6 months currently breastfeeding10 (%),94.6,93.6,93.8,92.6
Jammu and Kashmir,154,64,Children under age 6 months exclusively breastfed or breastfeeding and consuming plain,79.6,78.8,79.0,75.1
Jammu and Kashmir,154,65,Children age 6-8 months receiving solid or semi-solid food and breastmilk10 (%),(80.1),62.4,64.7,41.8
Jammu and Kashmir,154,66,"Breastfeeding children age 6-23 months receiving an adequate diet10, 11 (%)",21.4,16.1,17.0,12.0
Jammu and Kashmir,154,67,"Non-breastfeeding children age 6-23 months receiving an adequate diet10, 11 (%)",(49.8),27.7,31.8,18.6
Jammu and Kashmir,154,68,"Total children age 6-23 months receiving an adequate diet10, 11 (%)",25.5,17.6,18.9,12.8
Jammu and Kashmir,154,69,Children under 5 years who are stunted (height-for-age)12 (%),19.3,21.9,21.4,26.9
Jammu and Kashmir,154,70,Children under 5 years who are wasted (weight-for-height)12 (%),8.2,11.1,10.6,19.0
Jammu and Kashmir,154,71,Children under 5 years who are severely wasted (weight-for-height)13 (%),3.3,4.3,4.1,9.7
Jammu and Kashmir,154,72,Children under 5 years who are underweight (weight-for-age)12 (%),11.6,15.1,14.5,21.0
Jammu and Kashmir,154,73,Children under 5 years who are overweight (weight-for-height)14 (%),5.1,4.2,4.3,9.6
Jammu and Kashmir,155,74,Women whose Body Mass Index (BMI) is below normal (BMI <18.5 kg/m2)15 (%),6.6,10.3,9.5,5.2
Jammu and Kashmir,155,75,Men whose Body Mass Index (BMI) is below normal (BMI <18.5 kg/m2) (%),7.4,10.1,9.5,4.3
Jammu and Kashmir,155,76,Women who are overweight or obese (BMI ≥25.0 kg/m2)15 (%),48.7,33.3,36.7,29.4
Jammu and Kashmir,155,77,Men who are overweight or obese (BMI ≥25.0 kg/m2) (%),35.3,24.7,27.1,31.7
Jammu and Kashmir,155,78,Blood sugar level - high (141-160 mg/dl)16 (%),6.2,5.3,5.5,4.2
Jammu and Kashmir,155,79,Blood sugar level - very high (>160 mg/dl)16 (%),9.1,5.3,6.1,3.1
Jammu and Kashmir,155,80,Blood sugar level - high or very high (>140 mg/dl) or taking medicine to control blood,17.0,11.9,13.0,8.7
Jammu and Kashmir,155,81,Blood sugar level - high (141-160 mg/dl)16 (%),4.8,5.1,5.0,4.3
Jammu and Kashmir,155,82,Blood sugar level - very high (>160 mg/dl)16 (%),7.9,4.2,5.0,2.7
Jammu and Kashmir,155,83,Blood sugar level - high or very high (>140 mg/dl) or taking medicine to control blood,14.6,10.3,11.3,8.0
Jammu and Kashmir,155,84,Mildly elevated blood pressure (Systolic 140-159 mm of Hg and/or,14.0,12.6,12.9,11.7
Jammu and Kashmir,155,85,Moderately or severely elevated blood pressure (Systolic ≥160 mm of Hg and/or,5.9,5.0,5.2,3.0
Jammu and Kashmir,155,86,Elevated blood pressure (Systolic ≥140 mm of Hg and/or Diastolic ≥90 mm of Hg) or taking,29.4,23.7,25.0,20.0
Jammu and Kashmir,155,87,Mildly elevated blood pressure (Systolic 140-159 mm of Hg and/or,15.0,11.8,12.5,12.3
Jammu and Kashmir,155,88,Moderately or severely elevated blood pressure (Systolic ≥160 mm of Hg and/or,3.1,2.5,2.6,2.8
Jammu and Kashmir,155,89,Elevated blood pressure (Systolic ≥140 mm of Hg and/or Diastolic ≥90 mm of Hg) or taking,26.2,19.4,20.9,18.9
Jammu and Kashmir,155,90,Currently married women who usually participate in three household decisions17 (%),95.8,90.1,91.3,81.6
Jammu and Kashmir,155,91,Women who worked in the last 12 months and were paid in cash (%),13.4,14.4,14.2,18.4
Jammu and Kashmir,155,92,Women having a bank or savings account that they themselves use (%),93.9,92.8,93,84.9
Jammu and Kashmir,155,93,Women having a mobile phone that they themselves use (%),86.3,74.3,76.9,75.2
Jammu and Kashmir,155,94,Women age 15-24 years who use hygienic methods of protection during their menstrual,95.5,79.3,82.5,74.5
Jammu and Kashmir,155,95,Ever-married women age 18-49 years who have ever experienced spousal violence19 (%),2.4,3.7,3.4,9.7
Jammu and Kashmir,155,96,Ever-married women age 18-49 years who have experienced physical violence during any,0.8,0.3,0.4,1.2
Jammu and Kashmir,155,97,Young women age 18-29 years who experienced sexual violence by age 18 (%),0.0,0.1,0.1,0.1
Jammu and Kashmir,155,98,Women age 15 years and above who use any kind of tobacco (%),1.8,3.4,3.1,3.6
Jammu and Kashmir,155,99,Men age 15 years and above who use any kind of tobacco (%),24.8,31.7,30.1,38.5
Jammu and Kashmir,155,100,Women age 15 years and above who consume alcohol (%),0.2,0.3,0.2,0.2
Jammu and Kashmir,155,101,Men age 15 years and above who consume alcohol (%),7.6,7.2,7.3,8.7
Ladakh,157,1,Population below age 5 years (%),6.2,6.8,6.7,6.2
Ladakh,157,2,Population below age 15 years (%),22.5,26.4,25.7,22.8
Ladakh,157,3,Population age 60 years and above (%),15.1,14.5,14.6,8.9
Ladakh,157,4,Population living in households with electricity (%),99.3,99.8,99.7,99.5
Ladakh,157,5,Population living in households with an improved drinking -water source1 (%),98.7,94.4,95.2,88.7
Ladakh,157,6,Households using iodized salt (%),99.1,99.1,99.1,98.8
Ladakh,157,7,Households with any usual member covered under a health insurance/financing scheme (%),92.3,96.9,96.0,17.1
Ladakh,157,8,Households with any usual member having a bank account/post office account (%),98.8,99.4,99.3,95.7
Ladakh,157,9,Female population age 6 years and above who ever attended school (%),77.2,67.5,69.3,68.0
Ladakh,157,10,Households with any usual female members owning a house and/or land (alone or jointly with,8.1,6.9,7.1,8.9
Ladakh,157,11,Children age 2-4 years who attended pre -school (%),38.0,47.4,46.0,30.4
Ladakh,157,12,Women with 10 or more years of schooling (%),69.7,55.5,58.2,50.0
Ladakh,157,13,Men with 10 or more years of schooling (%),74.9,64.2,65.9,72.7
Ladakh,157,14,Women who have ever used the internet (%),85.9,77.3,78.9,56.4
Ladakh,157,15,Men who have ever used the internet (%),93.3,78.6,81.0,47.9
Ladakh,157,16,Women age 20-24 years married before age 18 years (%),1.8,4.0,3.5,2.5
Ladakh,157,17,Men age 25-29 years married before age 21 years (%),*,(6.0),(4.7),(20.2)
Ladakh,157,18,Total fertility rate (children per woman),1.7,1.6,1.6,1.3
Ladakh,157,19,Women age 15-19 years who were already mothers or pregnant at the time of the survey (%),0.9,0.7,0.8,0.0
Ladakh,157,20,Any method2 (%),59.7,67.9,66.4,51.3
Ladakh,157,21,Any modern method2 (%),52.8,58.0,57.1,48.0
Ladakh,157,22,Any traditional method (%),6.9,9.9,9.3,3.3
Ladakh,157,23,Female sterilization (%),13.1,13.6,13.5,16.7
Ladakh,157,24,Male sterilization (%),0.0,0.1,0.1,0.4
Ladakh,157,25,Total unmet need3 (%),9.5,8.2,8.4,7.9
Ladakh,157,26,Unmet need for spacing3 (%),7.3,4.8,5.2,4.0
Ladakh,157,27,Unmet need for limiting3 (%),2.2,3.4,3.2,3.9
Ladakh,157,28,Mothers who had an antenatal check -up in the first trimester (%),100.0,95.5,96.3,85.7
Ladakh,157,29,Mothers who had any antenatal care visits (%),100.0,97.0,97.5,90.6
Ladakh,157,30,Mothers who had at least 4 antenatal care visits (%),99.2,93.6,94.6,78.9
Ladakh,157,31,Mothers whose last birth was protected against neonatal tetanus 4 (%),95.3,97.6,97.2,94.2
Ladakh,157,32,Mothers who consumed iron folic acid for 100 days or more when they were pregnant (%),38.0,34.7,35.3,14.3
Ladakh,157,33,Mothers who consumed iron folic acid for 180 days or more when they were pregnant (%),21.9,18.7,19.3,7.3
Ladakh,157,34,Registered pregnancies for which the mother received a Mother and Child Protection (MCP),100.0,99.7,99.8,97.8
Ladakh,157,35,Institutional births (%),98.7,97.9,98.0,95.1
Ladakh,157,36,Institutional births in public facility (%),91.1,96.3,95.4,94.7
Ladakh,157,37,Births attended by skilled health personnel5 (%),98.7,99.2,99.1,97.0
Ladakh,157,38,Births delivered by caesarean section (%),44.3,24.2,27.8,37.6
Ladakh,157,39,Births in a private health facility that were delivered by caesarean section (%),*,*,*,*
Ladakh,157,40,Births in a public health facility that were delivered by caesarean section (%),43.3,23.7,27.0,39.3
Ladakh,158,41,Mothers who received postnatal care from a doctor/nurse/LHV/ANM/midwife/other health,96.6,92.2,93.0,79.6
Ladakh,158,42,Children born at home who were taken to a health facility for a check -up within 24 hours of,*,*,*,*
Ladakh,158,43,Children who received postnatal care from a doctor/nurse/LHV/ANM/midwife/ other health,98.4,92.0,93.1,76.7
Ladakh,158,44,Children age 12-23 months fully vaccinated based on information from either vaccination card,*,94.0,94.1,88.2
Ladakh,158,45,Children age 12-23 months fully vaccinated based on information from vaccination card,*,95.9,95.6,100.0
Ladakh,158,46,Children age 12-23 months who have received any vaccine (%),*,100.0,99.0,99.1
Ladakh,158,47,Children age 12-23 months who have received BCG (%),*,100.0,99.0,99.1
Ladakh,158,48,Children age 12-23 months who have received 3 doses of polio vaccine 8 (%),*,94.0,94.1,88.2
Ladakh,158,49,Children age 12-23 months who have received 3 doses of pentavalent vaccine (%),*,99.7,98.7,95.0
Ladakh,158,50,Children age 12-23 months who have received the first dose of measles -containing,*,98.9,98.1,92.9
Ladakh,158,51,Children age 24-35 months who have received a second dose of measles -containing,*,83.0,85.7,74.2
Ladakh,158,52,Children age 12-23 months who have received birth dose of hepatitis B vaccine (%),*,99.0,98.2,89.8
Ladakh,158,53,Children age 12-23 months who have received 3 doses of rotavirus vaccine (%),*,91.6,92.2,10.6
Ladakh,158,54,Children age 9-35 months who received a vitamin A dose in the last 6 months (%),(81.5),85.3,84.5,87.1
Ladakh,158,55,Children age 12-23 months who received most of their vaccinations in a public health,*,99.1,98.7,100.0
Ladakh,158,56,Children age 12-23 months who received most of their vaccinations in a private health,*,0.0,0.6,0.0
Ladakh,158,57,Prevalence of diarrhoea in the 2 weeks preceding the survey (%),1.0,0.3,0.4,8.5
Ladakh,158,58,Prevalence of severe diarrhoea in the 2 weeks preceding the survey (%),0.0,0.0,0.0,2.8
Ladakh,158,59,Prevalence of symptoms of acute respiratory infection (ARI) in the 2 weeks preceding the,1.3,0.3,0.4,5.3
Ladakh,158,60,Children with fever or symptoms of ARI in the 2 weeks preceding the survey taken to a health,*,*,*,57.3
Ladakh,158,61,Children under age 3 years breastfed within one hour of birth 9 (%),36.4,68.6,62.6,57.9
Ladakh,158,62,Children under age 6 months exclusively breastfed 10 (%),*,52.6,52.1,70.9
Ladakh,158,63,Children under age 6 months currently breastfeeding 10 (%),*,92.8,94.1,97.9
Ladakh,158,64,Children under age 6 months exclusively breastfed or breastfeeding and consuming plain,*,74.2,69.9,74.6
Ladakh,158,65,Children age 6-8 months receiving solid or semi -solid food and breastmilk10 (%),*,*,(46.4),*
Ladakh,158,66,"Breastfeeding children age 6 -23 months receiving an adequate diet 10, 11 (%)",(17.4),15.3,15.6,19.6
Ladakh,158,67,"Non-breastfeeding children age 6 -23 months receiving an adequate diet10, 11 (%)",*,*,*,*
Ladakh,158,68,"Total children age 6-23 months receiving an adequate diet 10, 11 (%)",(19.5),17.0,17.4,23.1
Ladakh,158,69,Children under 5 years who are stunted (height -for-age)12 (%),22.1,26.7,26.0,30.5
Ladakh,158,70,Children under 5 years who are wasted (weight-for-height)12 (%),8.2,11.1,10.6,17.5
Ladakh,158,71,Children under 5 years who are severely wasted (weight -for-height)13 (%),6.3,4.9,5.1,9.1
Ladakh,158,72,Children under 5 years who are underweight (weight -for-age)12 (%),12.3,15.0,14.5,20.4
Ladakh,158,73,Children under 5 years who are overweight (weight -for-height)14 (%),9.8,5.7,6.4,13.4
Ladakh,159,74,Women whose Body Mass Index (BMI) is below normal (BMI <18.5 kg/m 2)15 (%),5.5,5.5,5.5,4.4
Ladakh,159,75,Men whose Body Mass Index (BMI) is below normal (BMI <18.5 kg/m 2) (%),1.8,4.0,3.7,2.1
Ladakh,159,76,Women who are overweight or obese (BMI ≥25.0 kg/m 2)15 (%),30.7,21.0,22.8,28.3
Ladakh,159,77,Men who are overweight or obese (BMI ≥25.0 kg/m 2) (%),34.0,26.8,27.8,37.8
Ladakh,159,78,Blood sugar level - high (141-160 mg/dl)16 (%),3.4,4.1,4.0,3.9
Ladakh,159,79,Blood sugar level - very high (>160 mg/dl)16 (%),3.0,1.9,2.1,1.8
Ladakh,159,80,Blood sugar level - high or very high (>140 mg/dl) or taking medicine to control blood,7.5,6.5,6.7,6.7
Ladakh,159,81,Blood sugar level - high (141-160 mg/dl)16 (%),3.4,5.2,4.8,4.4
Ladakh,159,82,Blood sugar level - very high (>160 mg/dl)16 (%),2.7,2.7,2.7,2.5
Ladakh,159,83,Blood sugar level - high or very high (>140 mg/dl) or taking medicine to control blood,7.3,9.1,8.8,8.3
Ladakh,159,84,Mildly elevated blood pressure (Systolic 140 -159 mm of Hg and/or,7.8,10.7,10.1,10.4
Ladakh,159,85,Moderately or severely elevated blood pressure (Systolic ≥160 mm of Hg and/or,1.7,3.0,2.7,1.7
Ladakh,159,86,Elevated blood pressure (Systolic ≥140 mm of Hg and/or Diastolic ≥90 mm of Hg) or taking,15.5,16.5,16.3,15.7
Ladakh,159,87,Mildly elevated blood pressure (Systolic 140 -159 mm of Hg and/or,8.6,11.6,11.1,11.2
Ladakh,159,88,Moderately or severely elevated blood pressure (Systolic ≥160 mm of Hg and/or,0.7,2.3,2.0,2.3
Ladakh,159,89,Elevated blood pressure (Systolic ≥140 mm of Hg and/or Diastolic ≥90 mm of Hg) or taking,14.3,16.9,16.5,17.4
Ladakh,159,90,Currently married women who usually participate in three household decisions17 (%),(94.8),92.6,93.0,80.4
Ladakh,159,91,Women who worked in the last 12 months and were paid in cash (%),24.0,14.5,16.2,28.3
Ladakh,159,92,Women having a bank or savings account that they themselves use (%),94.1,95.9,95.5,88.4
Ladakh,159,93,Women having a mobile phone that they themselves use (%),93.9,87.9,89.0,81.2
Ladakh,159,94,Women age 15-24 years who use hygienic methods of protection during their menstrual,95.1,86.2,87.8,79.1
Ladakh,159,95,Ever-married women age 18-49 years who have ever experienced spousal violence 19 (%),(2.2),1.8,1.9,17.7
Ladakh,159,96,Ever-married women age 18-49 years who have experienced physical violence during any,(0.0),0.0,0.0,1.1
Ladakh,159,97,Young women age 18-29 years who experienced sexual violence by age 18 (%),(0.0),0.0,0.0,0.0
Ladakh,159,98,Women age 15 years and above who use any kind of tobacco (%),0.6,0.7,0.7,3.2
Ladakh,159,99,Men age 15 years and above who use any kind of tobacco (%),20.3,18.6,18.9,35.5
Ladakh,159,100,Women age 15 years and above who consume alcohol (%),0.9,0.8,0.8,3.7
Ladakh,159,101,Men age 15 years and above who consume alcohol (%),14.7,19.2,18.4,23.5
Lakshadweep,161,1,Population below age 5 years (%),8.1,10.2,8.9,6.5
Lakshadweep,161,2,Population below age 15 years (%),23.5,28.9,25.7,22.3
Lakshadweep,161,3,Population age 60 years and above (%),12.9,12.6,12.8,12.9
Lakshadweep,161,4,Population living in households with electricity (%),99.7,100.0,99.8,99.8
Lakshadweep,161,5,Population living in households with an improved drinking -water source1 (%),89.8,86.3,88.4,92.9
Lakshadweep,161,6,Households using iodized salt (%),99.3,100.0,99.6,96.7
Lakshadweep,161,7,Households with any usual member covered under a health insurance/financing scheme (%),49.5,37.9,45.1,67.7
Lakshadweep,161,8,Households with any usual member having a bank account/post office account (%),98.0,98.2,98.1,96.3
Lakshadweep,161,9,Female population age 6 years and above who ever attended school (%),95.0,98.2,96.2,93.0
Lakshadweep,161,10,Households with any usual female members owning a house and/or land (alone or jointly with,53.2,54.3,53.6,48.0
Lakshadweep,161,11,Children age 2-4 years who attended pre -school (%),73.3,67.5,70.8,56.1
Lakshadweep,161,12,Women with 10 or more years of schooling (%),77.7,78.8,78.1,67.8
Lakshadweep,161,13,Men with 10 or more years of schooling (%),87.9,(90.1),88.5,80.9
Lakshadweep,161,14,Women who have ever used the internet (%),80.8,73.2,77.9,56.3
Lakshadweep,161,15,Men who have ever used the internet (%),90.1,(95.0),91.4,80.3
Lakshadweep,161,16,Women age 20-24 years married before age 18 years (%),3.6,(2.0),2.9,1.3
Lakshadweep,161,17,Men age 25-29 years married before age 21 years (%),*,*,*,*
Lakshadweep,161,18,Total fertility rate (children per woman),1.9,2.7,2.2,1.4
Lakshadweep,161,19,Women age 15-19 years who were already mothers or pregnant at the time of the survey (%),2.7,*,3.4,1.1
Lakshadweep,161,20,Any method2 (%),51.2,57.6,53.7,52.6
Lakshadweep,161,21,Any modern method2 (%),21.0,28.0,23.8,30.1
Lakshadweep,161,22,Any traditional method (%),30.2,29.6,29.9,22.5
Lakshadweep,161,23,Female sterilization (%),10.4,15.8,12.5,20.7
Lakshadweep,161,24,Male sterilization (%),0.2,0.0,0.1,0.0
Lakshadweep,161,25,Total unmet need3 (%),8.7,8.6,8.7,12.3
Lakshadweep,161,26,Unmet need for spacing3 (%),7.2,7.8,7.5,8.1
Lakshadweep,161,27,Unmet need for limiting3 (%),1.5,0.8,1.2,4.2
Lakshadweep,161,28,Mothers who had an antenatal check -up in the first trimester (%),82.9,83.6,83.2,99.6
Lakshadweep,161,29,Mothers who had any antenatal care visits (%),99.1,98.6,98.9,97.0
Lakshadweep,161,30,Mothers who had at least 4 antenatal care visits (%),93.1,84.0,89.0,92.1
Lakshadweep,161,31,Mothers whose last birth was protected against neonatal tetanus 4 (%),98.9,96.0,97.6,99.4
Lakshadweep,161,32,Mothers who consumed iron folic acid for 100 days or more when they were pregnant (%),96.0,88.4,92.6,80.1
Lakshadweep,161,33,Mothers who consumed iron folic acid for 180 days or more when they were pregnant (%),83.3,71.6,78.1,61.7
Lakshadweep,161,34,Registered pregnancies for which the mother received a Mother and Child Protection (MCP),86.7,89.4,87.9,77.8
Lakshadweep,161,35,Institutional births (%),100.0,100.0,100.0,99.6
Lakshadweep,161,36,Institutional births in public facility (%),80.9,88.3,84.4,65.3
Lakshadweep,161,37,Births attended by skilled health personnel5 (%),99.6,100.0,99.8,100.0
Lakshadweep,161,38,Births delivered by caesarean section (%),41.4,38.2,39.9,31.3
Lakshadweep,161,39,Births in a private health facility that were delivered by caesarean section (%),68.4,*,75.0,37.7
Lakshadweep,161,40,Births in a public health facility that were delivered by caesarean section (%),35.1,31.7,33.4,28.2
Lakshadweep,162,41,Mothers who received postnatal care from a doctor/nurse/LHV/ANM/midwife/other health,94.9,94.0,94.5,92.6
Lakshadweep,162,42,Children born at home who were taken to a health facility for a check -up within 24 hours of,*,*,*,*
Lakshadweep,162,43,Children who received postnatal care from a doctor/nurse/LHV/ANM/midwife/ other health,97.2,92.8,95.2,93.7
Lakshadweep,162,44,Children age 12-23 months fully vaccinated based on information from either vaccination card,91.1,*,90.5,(86.1)
Lakshadweep,162,45,Children age 12-23 months fully vaccinated based on information from vaccination card,(97.6),*,95.0,(91.7)
Lakshadweep,162,46,Children age 12-23 months who have received any vaccine (%),93.1,*,94.8,(94.2)
Lakshadweep,162,47,Children age 12-23 months who have received BCG (%),93.1,*,94.8,(94.2)
Lakshadweep,162,48,Children age 12-23 months who have received 3 doses of polio vaccine8 (%),91.1,*,90.5,(86.1)
Lakshadweep,162,49,Children age 12-23 months who have received 3 doses of pentavalent vaccine (%),91.1,*,93.7,(91.0)
Lakshadweep,162,50,Children age 12-23 months who have received the first dose of measles -containing,91.1,*,93.7,(91.0)
Lakshadweep,162,51,Children age 24-35 months who have received a second dose of measles -containing,(49.3),*,37.2,12.5
Lakshadweep,162,52,Children age 12-23 months who have received birth dose of hepatitis B vaccine (%),82.4,*,83.0,(94.2)
Lakshadweep,162,53,Children age 12-23 months who have received 3 doses of rotavirus vaccine (%),36.5,*,22.0,(12.7)
Lakshadweep,162,54,Children age 9-35 months who received a vitamin A dose in the last 6 months (%),47.3,(30.3),39.6,44.8
Lakshadweep,162,55,Children age 12-23 months who received most of their vaccinations in a public health,98.5,*,99.2,(100.0)
Lakshadweep,162,56,Children age 12-23 months who received most of their vaccinations in a private health,1.5,*,0.9,(0.0)
Lakshadweep,162,57,Prevalence of diarrhoea in the 2 weeks preceding the survey (%),3.3,16.1,9.3,2.3
Lakshadweep,162,58,Prevalence of severe diarrhoea in the 2 weeks preceding the survey (%),0.3,0.6,0.4,0.0
Lakshadweep,162,59,Prevalence of symptoms of acute respiratory infection (ARI) in the 2 weeks preceding the,1.5,4.4,2.8,1.4
Lakshadweep,162,60,Children with fever or symptoms of ARI in the 2 weeks preceding the survey taken to a health,78.8,(83.6),81.6,*
Lakshadweep,162,61,Children under age 3 years breastfed within one hour of birth 9 (%),95.2,81.6,88.8,76.3
Lakshadweep,162,62,Children under age 6 months exclusively breastfed 10 (%),*,*,(60.8),(67.0)
Lakshadweep,162,63,Children under age 6 months currently breastfeeding 10 (%),*,*,(96.3),(100.0)
Lakshadweep,162,64,Children under age 6 months exclusively breastfed or breastfeeding and consuming plain,*,*,(78.6),(83.2)
Lakshadweep,162,65,Children age 6-8 months receiving solid or semi -solid food and breastmilk10 (%),*,*,*,*
Lakshadweep,162,66,"Breastfeeding children age 6 -23 months receiving an adequate diet 10, 11 (%)",9.1,(26.1),16.8,18.8
Lakshadweep,162,67,"Non-breastfeeding children age 6 -23 months receiving an adequate diet 10, 11 (%)",*,*,*,*
Lakshadweep,162,68,"Total children age 6-23 months receiving an adequate diet 10, 11 (%)",7.9,(27.1),16.2,17.6
Lakshadweep,162,69,Children under 5 years who are stunted (height -for-age)12 (%),31.0,37.6,34.1,32.0
Lakshadweep,162,70,Children under 5 years who are wasted (weight-for-height)12 (%),10.6,14.4,12.4,17.4
Lakshadweep,162,71,Children under 5 years who are severely wasted (weight -for-height)13 (%),3.7,6.9,5.2,8.7
Lakshadweep,162,72,Children under 5 years who are underweight (weight -for-age)12 (%),26.6,25.1,25.9,25.8
Lakshadweep,162,73,Children under 5 years who are overweight (weight -for-height)14 (%),0.8,1.5,1.1,10.5
Lakshadweep,163,74,Women whose Body Mass Index (BMI) is below normal (BMI <18.5 kg/m 2)15 (%),10.8,11.5,11.1,8.0
Lakshadweep,163,75,Men whose Body Mass Index (BMI) is below normal (BMI <18.5 kg/m 2) (%),11.2,*,11.2,5.5
Lakshadweep,163,76,Women who are overweight or obese (BMI ≥25.0 kg/m 2)15 (%),52.3,46.2,50.1,33.5
Lakshadweep,163,77,Men who are overweight or obese (BMI ≥25.0 kg/m 2) (%),28.7,*,26.3,41.3
Lakshadweep,163,78,Blood sugar level - high (141-160 mg/dl)16 (%),8.3,9.2,8.6,8.4
Lakshadweep,163,79,Blood sugar level - very high (>160 mg/dl)16 (%),12.8,11.2,12.2,9.9
Lakshadweep,163,80,Blood sugar level - high or very high (>140 mg/dl) or taking medicine to control blood,23.3,21.0,22.5,19.5
Lakshadweep,163,81,Blood sugar level - high (141-160 mg/dl)16 (%),8.5,8.7,8.5,10.2
Lakshadweep,163,82,Blood sugar level - very high (>160 mg/dl)16 (%),13.6,13.1,13.4,8.1
Lakshadweep,163,83,Blood sugar level - high or very high (>140 mg/dl) or taking medicine to control blood,24.0,23.4,23.8,20.7
Lakshadweep,163,84,Mildly elevated blood pressure (Systolic 140-159 mm of Hg and/or,14.1,16.3,14.9,13.9
Lakshadweep,163,85,Moderately or severely elevated blood pressure (Systolic ≥160 mm of Hg and/or,10.8,11.3,11.0,6.5
Lakshadweep,163,86,Elevated blood pressure (Systolic ≥140 mm of Hg and/or Diastolic ≥90 mm of Hg) or taking,29.9,32.0,30.7,24.8
Lakshadweep,163,87,Mildly elevated blood pressure (Systolic 140 -159 mm of Hg and/or,14.7,23.6,18.3,16.6
Lakshadweep,163,88,Moderately or severely elevated blood pressure (Systolic ≥160 mm of Hg and/or,7.2,6.0,6.7,5.1
Lakshadweep,163,89,Elevated blood pressure (Systolic ≥140 mm of Hg and/or Diastolic ≥90 mm of Hg) or taking,28.7,34.5,31.0,24.7
Lakshadweep,163,90,Currently married women who usually participate in three household decisions 17 (%),92.2,*,94.6,92.2
Lakshadweep,163,91,Women who worked in the last 12 months and were paid in cash (%),20.3,(25.3),21.6,10.9
Lakshadweep,163,92,Women having a bank or savings account that they themselves use (%),87.0,92.5,89.1,66.9
Lakshadweep,163,93,Women having a mobile phone that they themselves use (%),88.3,81.9,85.8,84.0
Lakshadweep,163,94,Women age 15-24 years who use hygienic methods of protection during their menstrual,99.5,100.0,99.7,98.3
Lakshadweep,163,95,Ever-married women age 18-49 years who have ever experienced spousal violence 19 (%),5.5,*,10.2,1.3
Lakshadweep,163,96,Ever-married women age 18-49 years who have experienced physical violence during any,2.4,*,1.7,0.0
Lakshadweep,163,97,Young women age 18-29 years who experienced sexual violence by age 18 (%),*,*,(0.0),(0.0)
Lakshadweep,163,98,Women age 15 years and above who use any kind of tobacco (%),17.5,12.9,15.8,17.5
Lakshadweep,163,99,Men age 15 years and above who use any kind of tobacco (%),29.0,30.4,29.5,28.5
Lakshadweep,163,100,Women age 15 years and above who consume alcohol (%),0.0,0.0,0.0,0.3
Lakshadweep,163,101,Men age 15 years and above who consume alcohol (%),0.6,0.4,0.6,0.4
NCT of Delhi,165,1,Population below age 5 years (%),6.6,6.0,6.6,7.2
NCT of Delhi,165,2,Population below age 15 years (%),22.7,22.0,22.7,24.3
NCT of Delhi,165,3,Population age 60 years and above (%),9.4,10.1,9.4,8.5
NCT of Delhi,165,4,Population living in households with electricity (%),99.4,99.9,99.4,99.9
NCT of Delhi,165,5,Population living in households with an improved drinking -water source1 (%),99.9,98.9,99.8,99.4
NCT of Delhi,165,6,Households using iodized salt (%),96.1,96.9,96.1,96.8
NCT of Delhi,165,7,Households with any usual member covered under a health insurance/financing scheme (%),29.4,23.5,29.3,25.0
NCT of Delhi,165,8,Households with any usual member having a bank account/post office account (%),95.9,96.4,96.0,93.7
NCT of Delhi,165,9,Female population age 6 years and above who ever attended school (%),84.2,80.5,84.1,83.8
NCT of Delhi,165,10,Households with any usual female members owning a house and/or land (alone or jointly with,17.7,14.3,17.7,15.8
NCT of Delhi,165,11,Children age 2-4 years who attended pre -school (%),47.0,50.5,47.0,41.2
NCT of Delhi,165,12,Women with 10 or more years of schooling (%),63.9,64.6,64.0,59.7
NCT of Delhi,165,13,Men with 10 or more years of schooling (%),67.4,(82.8),67.6,60.9
NCT of Delhi,165,14,Women who have ever used the internet (%),82.0,83.6,82.0,63.8
NCT of Delhi,165,15,Men who have ever used the internet (%),93.2,(91.4),93.2,85.2
NCT of Delhi,165,16,Women age 20-24 years married before age 18 years (%),11.4,11.3,11.4,9.9
NCT of Delhi,165,17,Men age 25-29 years married before age 21 years (%),8.2,*,8.1,12.0
NCT of Delhi,165,18,Total fertility rate (children per woman),1.6,1.7,1.6,1.6
NCT of Delhi,165,19,Women age 15-19 years who were already mothers or pregnant at the time of the survey (%),2.4,2.5,2.4,3.3
NCT of Delhi,165,20,Any method2 (%),67.4,66.2,67.4,76.4
NCT of Delhi,165,21,Any modern method2 (%),51.1,56.3,51.2,57.7
NCT of Delhi,165,22,Any traditional method (%),16.3,9.9,16.2,18.7
NCT of Delhi,165,23,Female sterilization (%),14.6,19.7,14.7,18.0
NCT of Delhi,165,24,Male sterilization (%),0.4,0.0,0.4,0.2
NCT of Delhi,165,25,Total unmet need3 (%),7.3,6.4,7.3,6.1
NCT of Delhi,165,26,Unmet need for spacing3 (%),2.7,2.9,2.7,2.0
NCT of Delhi,165,27,Unmet need for limiting3 (%),4.6,3.5,4.6,4.1
NCT of Delhi,165,28,Mothers who had an antenatal check-up in the first trimester (%),76.7,67.3,76.5,76.4
NCT of Delhi,165,29,Mothers who had any antenatal care visits (%),95.5,92.9,95.4,91.4
NCT of Delhi,165,30,Mothers who had at least 4 antenatal care visits (%),85.9,83.3,85.8,77.8
NCT of Delhi,165,31,Mothers whose last birth was protected against neonatal tetanus4 (%),92.9,90.4,92.8,93.5
NCT of Delhi,165,32,Mothers who consumed iron folic acid for 100 days or more when they were pregnant (%),76.2,87.2,76.4,69.1
NCT of Delhi,165,33,Mothers who consumed iron folic acid for 180 days or more when they were pregnant (%),52.3,61.6,52.5,49.0
NCT of Delhi,165,34,Registered pregnancies for which the mother received a Mother and Child Protection (MCP),91.6,93.4,91.7,94.0
NCT of Delhi,165,35,Institutional births (%),93.0,95.3,93.1,91.8
NCT of Delhi,165,36,Institutional births in public facility (%),63.9,60.7,63.9,62.4
NCT of Delhi,165,37,Births attended by skilled health personnel5 (%),94.1,92.8,94.1,93.4
NCT of Delhi,165,38,Births delivered by caesarean section (%),27.3,32.0,27.4,23.6
NCT of Delhi,165,39,Births in a private health facility that were delivered by caesarean section (%),50.8,(54.0),50.9,42.8
NCT of Delhi,165,40,Births in a public health facility that were delivered by caesarean section (%),19.6,21.9,19.6,17.7
NCT of Delhi,166,41,Mothers who received postnatal care from a doctor/nurse/LHV/ANM/midwife/other health,82.2,67.8,81.9,85.4
NCT of Delhi,166,42,Children born at home who were taken to a health facility for a check -up within 24 hours of,9.1,*,9.6,4.5
NCT of Delhi,166,43,Children who received postnatal care from a doctor/nurse/LHV/ANM/midwife/ other health,84.9,78.4,84.8,86.7
NCT of Delhi,166,44,Children age 12 -23 months fully vaccinated based on information from either vaccination,80.6,*,80.7,76.0
NCT of Delhi,166,45,Children age 12-23 months fully vaccinated based on information from vaccination card,69.9,*,70.0,79.4
NCT of Delhi,166,46,Children age 12-23 months who have received any vaccine (%),87.4,*,87.5,96.8
NCT of Delhi,166,47,Children age 12-23 months who have received BCG (%),87.2,*,87.3,96.7
NCT of Delhi,166,48,Children age 12-23 months who have received 3 doses of polio vaccine8 (%),85.9,*,86.0,80.2
NCT of Delhi,166,49,Children age 12-23 months who have received 3 doses of pentavalent vaccine (%),82.9,*,82.9,85.0
NCT of Delhi,166,50,Children age 12-23 months who have received the first dose of measles-containing,83.8,*,83.9,90.1
NCT of Delhi,166,51,Children age 24-35 months who have received a second dose of measles-containing,61.7,*,61.7,73.5
NCT of Delhi,166,52,Children age 12-23 months who have received birth dose of hepatitis B vaccine (%),73.5,*,73.6,75.1
NCT of Delhi,166,53,Children age 12-23 months who have received 3 doses of rotavirus vaccine (%),68.2,*,67.9,26.6
NCT of Delhi,166,54,Children age 9-35 months who received a vitamin A dose in the last 6 months (%),75.6,81.8,75.7,52.9
NCT of Delhi,166,55,Children age 12-23 months who received most of their vaccinations in a public health,94.0,*,94.0,88.7
NCT of Delhi,166,56,Children age 12-23 months who received most of their vaccinations in a private health,5.1,*,5.2,11.1
NCT of Delhi,166,57,Prevalence of diarrhoea in the 2 weeks preceding the survey (%),8.9,3.0,8.8,10.6
NCT of Delhi,166,58,Prevalence of severe diarrhoea in the 2 weeks preceding the survey (%),0.6,0.0,0.6,0.8
NCT of Delhi,166,59,Prevalence of symptoms of acute respiratory infection (ARI) in the 2 weeks preceding the,1.3,0.4,1.3,5.6
NCT of Delhi,166,60,Children with fever or symptoms of ARI in the 2 weeks preceding the survey taken to a health,73.6,*,73.0,76.7
NCT of Delhi,166,61,Children under age 3 years breastfed within one hour of birth9 (%),45.1,46.6,45.1,51.2
NCT of Delhi,166,62,Children under age 6 months exclusively breastfed10 (%),47.5,*,48.3,64.3
NCT of Delhi,166,63,Children under age 6 months currently breastfeeding10 (%),88.0,*,88.0,96.0
NCT of Delhi,166,64,Children under age 6 months exclusively breastfed or breastfeeding and consuming plain,71.9,*,72.2,83.9
NCT of Delhi,166,65,Children age 6-8 months receiving solid or semi-solid food and breastmilk10 (%),52.2,*,52.5,62.9
NCT of Delhi,166,66,"Breastfeeding children age 6 -23 months receiving an adequate diet 10, 11 (%)",11.0,(10.4),10.9,18.0
NCT of Delhi,166,67,"Non-breastfeeding children age 6 -23 months receiving an adequate diet 10, 11 (%)",12.0,*,11.9,8.6
NCT of Delhi,166,68,"Total children age 6 -23 months receiving an adequate diet 10, 11 (%)",11.3,(8.9),11.2,16.0
NCT of Delhi,166,69,Children under 5 years who are stunted (height -for-age)12 (%),26.4,28.5,26.4,30.9
NCT of Delhi,166,70,Children under 5 years who are wasted (weight -for-height)12 (%),15.1,10.3,15.0,11.2
NCT of Delhi,166,71,Children under 5 years who are severely wasted (weight-for-height)13 (%),4.2,0.0,4.1,4.9
NCT of Delhi,166,72,Children under 5 years who are underweight (weight-for-age)12 (%),27.4,26.6,27.4,21.8
NCT of Delhi,166,73,Children under 5 years who are overweight (weight-for-height)14 (%),1.8,0.3,1.7,4.0
NCT of Delhi,167,74,Women whose Body Mass Index (BMI) is below normal (BMI <18.5 kg/m2)15 (%),12.3,15.0,12.4,10.0
NCT of Delhi,167,75,Men whose Body Mass Index (BMI) is below normal (BMI <18.5 kg/m2) (%),14.6,*,14.9,9.1
NCT of Delhi,167,76,Women who are overweight or obese (BMI ≥25.0 kg/m2)15 (%),42.8,38.9,42.7,41.4
NCT of Delhi,167,77,Men who are overweight or obese (BMI ≥25.0 kg/m2) (%),35.0,*,34.8,38.0
NCT of Delhi,167,78,Blood sugar level - high (141-160 mg/dl)16 (%),7.2,8.6,7.2,4.2
NCT of Delhi,167,79,Blood sugar level - very high (>160 mg/dl)16 (%),9.9,10.9,10.0,6.3
NCT of Delhi,167,80,Blood sugar level - high or very high (>140 mg/dl) or taking medicine to control blood,19.0,21.0,19.0,12.2
NCT of Delhi,167,81,Blood sugar level - high (141-160 mg/dl)16 (%),9.2,6.9,9.2,5.3
NCT of Delhi,167,82,Blood sugar level - very high (>160 mg/dl)16 (%),11.7,10.8,11.6,7.3
NCT of Delhi,167,83,Blood sugar level - high or very high (>140 mg/dl) or taking medicine to control blood,22.3,18.7,22.2,14.1
NCT of Delhi,167,84,Mildly elevated blood pressure (Systolic 140-159 mm of Hg and/or,11.6,6.4,11.4,14.7
NCT of Delhi,167,85,Moderately or severely elevated blood pressure (Systolic ≥160 mm of Hg and/or,4.6,5.6,4.6,5.9
NCT of Delhi,167,86,Elevated blood pressure (Systolic ≥140 mm of Hg and/or Diastolic ≥90 mm of Hg) or taking,21.4,17.8,21.4,24.1
NCT of Delhi,167,87,Mildly elevated blood pressure (Systolic 140-159 mm of Hg and/or,17.5,16.1,17.4,21.8
NCT of Delhi,167,88,Moderately or severely elevated blood pressure (Systolic ≥160 mm of Hg and/or,3.4,4.0,3.4,8.7
NCT of Delhi,167,89,Elevated blood pressure (Systolic ≥140 mm of Hg and/or Diastolic ≥90 mm of Hg) or taking,28.2,26.9,28.2,32.7
NCT of Delhi,167,90,Currently married women who usually participate in three household decisions17 (%),90.7,(89.1),90.7,92.0
NCT of Delhi,167,91,Women who worked in the last 12 months and were paid in cash (%),25.2,(20.3),25.2,24.9
NCT of Delhi,167,92,Women having a bank or savings account that they themselves use (%),86.6,87.9,86.7,72.5
NCT of Delhi,167,93,Women having a mobile phone that they themselves use (%),83.3,81.5,83.3,73.8
NCT of Delhi,167,94,Women age 15-24 years who use hygienic methods of protection during their menstrual,96.9,100.0,97.0,97.1
NCT of Delhi,167,95,Ever-married women age 18-49 years who have ever experienced spousal violence19 (%),12.2,*,12.3,22.5
NCT of Delhi,167,96,Ever-married women age 18-49 years who have experienced physical violence during any,2.3,*,2.3,3.6
NCT of Delhi,167,97,Young women age 18-29 years who experienced sexual violence by age 18 (%),1.1,*,1.1,1.5
NCT of Delhi,167,98,Women age 15 years and above who use any kind of tobacco (%),1.6,3.5,1.7,2.2
NCT of Delhi,167,99,Men age 15 years and above who use any kind of tobacco (%),21.2,26.5,21.3,26.2
NCT of Delhi,167,100,Women age 15 years and above who consume alcohol (%),0.4,0.0,0.4,0.5
NCT of Delhi,167,101,Men age 15 years and above who consume alcohol (%),16.1,19.0,16.1,21.6
Puducherry,169,1,Population below age 5 years (%),5.1,6.8,5.7,5.9
Puducherry,169,2,Population below age 15 years (%),17.4,20.6,18.6,20.4
Puducherry,169,3,Population age 60 years and above (%),16.6,12.9,15.2,13.5
Puducherry,169,4,Population living in households with electricity (%),100.0,99.4,99.8,99.9
Puducherry,169,5,Population living in households with an improved drinking -water source1 (%),99.7,99.8,99.8,99.9
Puducherry,169,6,Households using iodized salt (%),96.8,91.5,94.9,93.3
Puducherry,169,7,Households with any usual member covered under a health insurance/financing scheme (%),39.2,51.8,43.7,30.1
Puducherry,169,8,Households with any usual member having a bank account/post office account (%),99.1,99.3,99.2,97.4
Puducherry,169,9,Female population age 6 years and above who ever attended school (%),91.2,82.3,88.0,84.6
Puducherry,169,10,Households with any usual female members owning a house and/or land (alone or jointly with,20.6,26.9,22.8,25.4
Puducherry,169,11,Children age 2-4 years who attended pre-school (%),60.7,76.5,67.5,64.0
Puducherry,169,12,Women with 10 or more years of schooling (%),77.6,70.8,75.1,65.4
Puducherry,169,13,Men with 10 or more years of schooling (%),77.5,85.9,80.4,74.2
Puducherry,169,14,Women who have ever used the internet (%),71.3,57.5,66.1,61.9
Puducherry,169,15,Men who have ever used the internet (%),78.5,84.5,80.6,80.7
Puducherry,169,16,Women age 20-24 years married before age 18 years (%),4.6,7.8,5.6,6.5
Puducherry,169,17,Men age 25-29 years married before age 21 years (%),(4.3),*,2.4,6.5
Puducherry,169,18,Total fertility rate (children per woman),1.5,1.8,1.6,1.5
Puducherry,169,19,Women age 15-19 years who were already mothers or pregnant at the time of the survey (%),1.3,5.8,2.9,4.1
Puducherry,169,20,Any method2 (%),65.2,71.9,67.9,66.0
Puducherry,169,21,Any modern method2 (%),60.0,67.2,62.9,62.1
Puducherry,169,22,Any traditional method (%),5.2,4.7,5.0,3.9
Puducherry,169,23,Female sterilization (%),50.9,56.0,53.0,53.8
Puducherry,169,24,Male sterilization (%),1.1,0.7,0.9,0.3
Puducherry,169,25,Total unmet need3 (%),6.3,5.9,6.2,10.5
Puducherry,169,26,Unmet need for spacing3 (%),3.6,3.1,3.5,3.1
Puducherry,169,27,Unmet need for limiting3 (%),2.7,2.8,2.7,7.4
Puducherry,169,28,Mothers who had an antenatal check-up in the first trimester (%),77.5,82.3,79.5,82.4
Puducherry,169,29,Mothers who had any antenatal care visits (%),99.2,100.0,99.6,94.8
Puducherry,169,30,Mothers who had at least 4 antenatal care visits (%),95.5,94.7,95.1,87.4
Puducherry,169,31,Mothers whose last birth was protected against neonatal tetanus4 (%),95.1,95.7,95.4,91.9
Puducherry,169,32,Mothers who consumed iron folic acid for 100 days or more when they were pregnant (%),84.9,73.2,80.0,84.1
Puducherry,169,33,Mothers who consumed iron folic acid for 180 days or more when they were pregnant (%),64.9,49.2,58.3,64.9
Puducherry,169,34,Registered pregnancies for which the mother received a Mother and Child Protection (MCP),97.8,99.1,98.4,98.8
Puducherry,169,35,Institutional births (%),100.0,99.6,99.8,99.6
Puducherry,169,36,Institutional births in public facility (%),72.4,80.9,76.1,76.5
Puducherry,169,37,Births attended by skilled health personnel5 (%),100.0,99.6,99.8,99.9
Puducherry,169,38,Births delivered by caesarean section (%),39.5,48.2,43.2,36.3
Puducherry,169,39,Births in a private health facility that were delivered by caesarean section (%),53.7,(79.4),62.4,42.0
Puducherry,169,40,Births in a public health facility that were delivered by caesarean section (%),34.1,41.2,37.4,34.8
Puducherry,170,41,Mothers who received postnatal care from a doctor/nurse/LHV/ANM/midwife/other health,92.9,89.8,91.6,93.1
Puducherry,170,42,Children born at home who were taken to a health facility for a check -up within 24 hours of,*,*,*,*
Puducherry,170,43,Children who received postnatal care from a doctor/nurse/LHV/ANM/midwife/ other health,95.7,88.1,92.5,95.7
Puducherry,170,44,Children age 12-23 months fully vaccinated based on information from either vaccination card,84.4,(95.8),89.3,82.3
Puducherry,170,45,Children age 12-23 months fully vaccinated based on information from vaccination card,85.0,(95.8),89.7,89.7
Puducherry,170,46,Children age 12-23 months who have received any vaccine (%),95.0,(100.0),97.1,99.9
Puducherry,170,47,Children age 12-23 months who have received BCG (%),92.6,(100.0),95.8,96.4
Puducherry,170,48,Children age 12-23 months who have received 3 doses of polio vaccine 8 (%),93.4,(95.8),94.4,87.3
Puducherry,170,49,Children age 12-23 months who have received 3 doses of pentavalent vaccine (%),85.1,(100.0),91.6,92.3
Puducherry,170,50,Children age 12-23 months who have received the first dose of measles -containing,95.0,(100.0),97.1,95.6
Puducherry,170,51,Children age 24-35 months who have received a second dose of measles -containing,87.0,(81.8),85.0,84.6
Puducherry,170,52,Children age 12-23 months who have received birth dose of hepatitis B vaccine (%),88.7,(98.3),92.8,81.1
Puducherry,170,53,Children age 12-23 months who have received 3 doses of rotavirus vaccine (%),81.3,(98.2),88.6,8.0
Puducherry,170,54,Children age 9 -35 months who received a vitamin A dose in the last 6 months (%),88.7,81.4,85.7,81.2
Puducherry,170,55,Children age 12-23 months who received most of their vaccinations in a public health,85.8,(100.0),92.0,97.1
Puducherry,170,56,Children age 12-23 months who received most of their vaccinations in a private health,14.2,(0.0),8.0,2.6
Puducherry,170,57,Prevalence of diarrhoea in the 2 weeks preceding the survey (%),5.3,6.9,6.0,3.7
Puducherry,170,58,Prevalence of severe diarrhoea in the 2 weeks preceding the survey (%),0.1,0.0,0.1,0.4
Puducherry,170,59,Prevalence of symptoms of acute respiratory infection (ARI) in the 2 weeks preceding the,1.5,0.0,0.8,4.9
Puducherry,170,60,Children with fever or symptoms of ARI in the 2 weeks preceding the survey taken to a health,75.8,*,77.4,64.3
Puducherry,170,61,Children under age 3 years breastfed within one hour of birth 9 (%),51.5,44.8,48.6,54.1
Puducherry,170,62,Children under age 6 months exclusively breastfed 10 (%),67.1,*,73.1,64.8
Puducherry,170,63,Children under age 6 months currently breastfeeding 10 (%),100.0,*,100.0,100.0
Puducherry,170,64,Children under age 6 months exclusively breastfed or breastfeeding and consuming plain,92.4,*,96.1,73.2
Puducherry,170,65,Children age 6 -8 months receiving solid or semi -solid food and breastmilk 10 (%),(52.6),*,(69.1),(65.6)
Puducherry,170,66,"Breastfeeding children age 6 -23 months receiving an adequate diet 10, 11 (%)",24.6,(36.4),29.9,22.7
Puducherry,170,67,"Non-breastfeeding children age 6 -23 months receiving an adequate diet 10, 11 (%)",*,*,(12.0),(23.6)
Puducherry,170,68,"Total children age 6-23 months receiving an adequate diet 10, 11 (%)",23.6,31.5,27.2,22.9
Puducherry,170,69,Children under 5 years who are stunted (height -for-age)12 (%),15.5,17.9,16.6,20.0
Puducherry,170,70,Children under 5 years who are wasted (weight -for-height)12 (%),20.2,12.7,16.7,12.4
Puducherry,170,71,Children under 5 years who are severely wasted (weight -for-height)13 (%),9.1,4.8,7.1,3.7
Puducherry,170,72,Children under 5 years who are underweight (weight -for-age)12 (%),31.4,11.3,22.6,15.3
Puducherry,170,73,Children under 5 years who are overweight (weight -for-height)14 (%),2.7,1.6,2.2,3.8
Puducherry,171,74,Women whose Body Mass Index (BMI) is below normal (BMI <18.5 kg/m2)15 (%),8.4,9.3,8.7,9.0
Puducherry,171,75,Men whose Body Mass Index (BMI) is below normal (BMI <18.5 kg/m2) (%),11.2,11.1,11.2,11.1
Puducherry,171,76,Women who are overweight or obese (BMI ≥25.0 kg/m2)15 (%),49.5,54.4,51.3,46.3
Puducherry,171,77,Men who are overweight or obese (BMI ≥25.0 kg/m2) (%),41.7,53.4,45.9,43.3
Puducherry,171,78,Blood sugar level - high (141-160 mg/dl)16 (%),8.2,8.0,8.1,7.2
Puducherry,171,79,Blood sugar level - very high (>160 mg/dl)16 (%),16.8,13.4,15.5,10.1
Puducherry,171,80,Blood sugar level - high or very high (>140 mg/dl) or taking medicine to control blood,27.8,24.7,26.7,20.1
Puducherry,171,81,Blood sugar level - high (141-160 mg/dl)16 (%),7.5,7.6,7.5,7.0
Puducherry,171,82,Blood sugar level - very high (>160 mg/dl)16 (%),20.0,14.6,18.0,12.2
Puducherry,171,83,Blood sugar level - high or very high (>140 mg/dl) or taking medicine to control blood,30.9,25.1,28.8,21.7
Puducherry,171,84,Mildly elevated blood pressure (Systolic 140-159 mm of Hg and/or,11.0,9.3,10.4,12.1
Puducherry,171,85,Moderately or severely elevated blood pressure (Systolic ≥160 mm of Hg and/or,3.5,3.1,3.4,4.0
Puducherry,171,86,Elevated blood pressure (Systolic ≥140 mm of Hg and/or Diastolic ≥90 mm of Hg) or taking,25.1,20.8,23.5,23.0
Puducherry,171,87,Mildly elevated blood pressure (Systolic 140-159 mm of Hg and/or,16.9,13.2,15.5,19.1
Puducherry,171,88,Moderately or severely elevated blood pressure (Systolic ≥160 mm of Hg and/or,2.7,2.5,2.7,6.4
Puducherry,171,89,Elevated blood pressure (Systolic ≥140 mm of Hg and/or Diastolic ≥90 mm of Hg) or taking,32.0,25.2,29.4,30.1
Puducherry,171,90,Currently married women who usually participate in three household decisions17 (%),90.5,88.4,89.7,97.9
Puducherry,171,91,Women who worked in the last 12 months and were paid in cash (%),35.3,37.0,35.9,38.2
Puducherry,171,92,Women having a bank or savings account that they themselves use (%),90.5,94.8,92.1,92.6
Puducherry,171,93,Women having a mobile phone that they themselves use (%),86.0,76.6,82.4,82.8
Puducherry,171,94,Women age 15-24 years who use hygienic methods of protection during their menstrual,97.1,98.3,97.5,99.1
Puducherry,171,95,Ever-married women age 18-49 years who have ever experienced spousal violence19 (%),26.4,24.4,25.7,30.0
Puducherry,171,96,Ever-married women age 18-49 years who have experienced physical violence during any,2.5,0.7,1.9,1.6
Puducherry,171,97,Young women age 18-29 years who experienced sexual violence by age 18 (%),0.0,*,0.0,0.0
Puducherry,171,98,Women age 15 years and above who use any kind of tobacco (%),1.8,8.0,4.1,2.6
Puducherry,171,99,Men age 15 years and above who use any kind of tobacco (%),10.4,13.3,11.4,14.8
Puducherry,171,100,Women age 15 years and above who consume alcohol (%),0.2,0.2,0.2,0.3
Puducherry,171,101,Men age 15 years and above who consume alcohol (%),20.8,26.1,22.8,27.9
